stage,kg,alpha,calibration,signal,dose_bias,corrected,mixture,differential_background,differential_gain,condition_affine,trials,rejected,rejection_rate,ci_low,ci_high,uncalibrated_t_rate,optimizer_failed_fits,active_bound_fits,total_fits,invalid_trials,mean_rmse,mean_nfev
evaluation,7.8,0.17,0.0,0.0,0.0,False,0.0,0.0,0.0,True,2000,0,0.0,1.0842021724855044e-19,0.001917047281252934,0.0,0,0,16000,0,0.02598223300763988,6.199
evaluation,7.8,0.19,0.0,0.0,0.0,False,0.0,0.0,0.0,True,2000,0,0.0,1.0842021724855044e-19,0.001917047281252934,0.0,0,0,16000,0,0.025940011711170236,6.1245625
evaluation,7.8,0.25,0.0,0.0,0.0,False,0.0,0.0,0.0,True,2000,1991,0.9955,0.9914694867812403,0.9976307193630382,0.9975,0,0,16000,0,0.02581081542500658,5.896125
evaluation,7.8,0.34,0.0,0.0,0.0,False,0.0,0.0,0.0,True,2000,2000,1.0,0.9980829527187469,0.9999999999999998,1.0,0,0,16000,0,0.025694260321254412,5.425125
evaluation,7.8,0.17,0.0,1.0,0.0,False,0.0,0.0,0.0,True,2000,0,0.0,1.0842021724855044e-19,0.001917047281252934,0.0,0,0,16000,0,0.02598578752149771,6.2125
evaluation,7.8,0.19,0.0,1.0,0.0,False,0.0,0.0,0.0,True,2000,0,0.0,1.0842021724855044e-19,0.001917047281252934,0.0,0,0,16000,0,0.02594042308151554,6.13325
evaluation,7.8,0.25,0.0,1.0,0.0,False,0.0,0.0,0.0,True,2000,1993,0.9965,0.9927928037467583,0.9983035683029576,0.9995,0,0,16000,0,0.02579154531515194,5.9816875
evaluation,7.8,0.34,0.0,1.0,0.0,False,0.0,0.0,0.0,True,2000,2000,1.0,0.9980829527187469,0.9999999999999998,1.0,0,0,16000,0,0.02572298967160613,5.6791875
evaluation,7.8,0.17,0.0,2.0,0.0,False,0.0,0.0,0.0,True,2000,0,0.0,1.0842021724855044e-19,0.001917047281252934,0.0,0,1,16000,1,0.02601261432200449,6.4045625
evaluation,7.8,0.19,0.0,2.0,0.0,False,0.0,0.0,0.0,True,2000,0,0.0,1.0842021724855044e-19,0.001917047281252934,0.0,0,0,16000,0,0.025958848490304328,6.334375
evaluation,7.8,0.25,0.0,2.0,0.0,False,0.0,0.0,0.0,True,2000,1990,0.995,0.990820304050058,0.9972818191415014,0.9985,0,0,16000,0,0.025778426821990393,6.222875
evaluation,7.8,0.34,0.0,2.0,0.0,False,0.0,0.0,0.0,True,2000,1999,0.9995,0.9971731374967338,0.9999117322692944,0.9995,0,1,16000,1,0.025668612278620866,6.0760625
evaluation,7.8,0.17,0.5,0.0,0.0,False,0.0,0.0,0.0,True,2000,0,0.0,1.0842021724855044e-19,0.001917047281252934,0.0,0,0,16000,0,0.026012894589003663,6.2300625
evaluation,7.8,0.19,0.5,0.0,0.0,False,0.0,0.0,0.0,True,2000,0,0.0,1.0842021724855044e-19,0.001917047281252934,0.0,0,0,16000,0,0.025969585745857497,6.1480625
evaluation,7.8,0.25,0.5,0.0,0.0,False,0.0,0.0,0.0,True,2000,1989,0.9945,0.9901779372483848,0.9969261029904561,0.997,0,0,16000,0,0.02583759326562786,5.8850625
evaluation,7.8,0.34,0.5,0.0,0.0,False,0.0,0.0,0.0,True,2000,2000,1.0,0.9980829527187469,0.9999999999999998,1.0,0,0,16000,0,0.0257349300783758,5.438625
evaluation,7.8,0.17,0.5,1.0,0.0,False,0.0,0.0,0.0,True,2000,0,0.0,1.0842021724855044e-19,0.001917047281252934,0.0,0,0,16000,0,0.02600359456642746,6.2379375
evaluation,7.8,0.19,0.5,1.0,0.0,False,0.0,0.0,0.0,True,2000,0,0.0,1.0842021724855044e-19,0.001917047281252934,0.0,0,0,16000,0,0.025987077636269115,6.1598125
evaluation,7.8,0.25,0.5,1.0,0.0,False,0.0,0.0,0.0,True,2000,1985,0.9925,0.9876620858637751,0.9954496225641908,0.996,0,0,16000,0,0.025847152037170723,5.985625
evaluation,7.8,0.34,0.5,1.0,0.0,False,0.0,0.0,0.0,True,2000,2000,1.0,0.9980829527187469,0.9999999999999998,1.0,0,0,16000,0,0.025698052867258337,5.6920625
evaluation,7.8,0.17,0.5,2.0,0.0,False,0.0,0.0,0.0,True,2000,0,0.0,1.0842021724855044e-19,0.001917047281252934,0.0,0,1,16000,1,0.02601163436071093,6.420875
evaluation,7.8,0.19,0.5,2.0,0.0,False,0.0,0.0,0.0,True,2000,0,0.0,1.0842021724855044e-19,0.001917047281252934,0.0,0,0,16000,0,0.025983106892927134,6.3496875
evaluation,7.8,0.25,0.5,2.0,0.0,False,0.0,0.0,0.0,True,2000,1981,0.9905,0.9852096168457007,0.9939097597713902,0.9955,0,0,16000,0,0.025853593791697313,6.2281875
evaluation,7.8,0.34,0.5,2.0,0.0,False,0.0,0.0,0.0,True,2000,2000,1.0,0.9980829527187469,0.9999999999999998,1.0,0,0,16000,0,0.0257147009311229,6.0825
evaluation,7.8,0.17,1.0,0.0,0.0,False,0.0,0.0,0.0,True,2000,0,0.0,1.0842021724855044e-19,0.001917047281252934,0.0,0,0,16000,0,0.02618379467225534,6.2920625
evaluation,7.8,0.19,1.0,0.0,0.0,False,0.0,0.0,0.0,True,2000,0,0.0,1.0842021724855044e-19,0.001917047281252934,0.0,0,0,16000,0,0.026069445258188984,6.1945
evaluation,7.8,0.25,1.0,0.0,0.0,False,0.0,0.0,0.0,True,2000,1939,0.9695,0.9610172880930726,0.9761826045098309,0.9865,0,0,16000,0,0.025937690621083916,5.913875
evaluation,7.8,0.34,1.0,0.0,0.0,False,0.0,0.0,0.0,True,2000,2000,1.0,0.9980829527187469,0.9999999999999998,1.0,0,0,16000,0,0.025776323962383267,5.48025
evaluation,7.8,0.17,1.0,1.0,0.0,False,0.0,0.0,0.0,True,2000,0,0.0,1.0842021724855044e-19,0.001917047281252934,0.0,0,0,16000,0,0.026188903787545747,6.2965
evaluation,7.8,0.19,1.0,1.0,0.0,False,0.0,0.0,0.0,True,2000,0,0.0,1.0842021724855044e-19,0.001917047281252934,0.0005,0,0,16000,0,0.02612353551627853,6.22125
evaluation,7.8,0.25,1.0,1.0,0.0,False,0.0,0.0,0.0,True,2000,1957,0.9785,0.9711661662609156,0.9839992194909254,0.987,0,0,16000,0,0.025909119752209598,6.0024375
evaluation,7.8,0.34,1.0,1.0,0.0,False,0.0,0.0,0.0,True,2000,2000,1.0,0.9980829527187469,0.9999999999999998,1.0,0,0,16000,0,0.025743911699906485,5.7285625
evaluation,7.8,0.17,1.0,2.0,0.0,False,0.0,0.0,0.0,True,2000,0,0.0,1.0842021724855044e-19,0.001917047281252934,0.0,0,1,16000,1,0.02614644352672026,6.4673125
evaluation,7.8,0.19,1.0,2.0,0.0,False,0.0,0.0,0.0,True,2000,2,0.001,0.0002742789176520342,0.003638934269038394,0.0015,0,1,16000,1,0.02604179530071047,6.3965
evaluation,7.8,0.25,1.0,2.0,0.0,False,0.0,0.0,0.0,True,2000,1958,0.979,0.971736989530377,0.9844264791741825,0.9885,0,1,16000,1,0.025903480234622082,6.247125
evaluation,7.8,0.34,1.0,2.0,0.0,False,0.0,0.0,0.0,True,2000,1997,0.9985,0.9955989674442294,0.9994897364163615,0.9985,0,3,16000,3,0.025787203154286616,6.1151875
evaluation,11.7,0.17,0.0,0.0,0.0,False,0.0,0.0,0.0,True,2000,0,0.0,1.0842021724855044e-19,0.001917047281252934,0.0,0,0,16000,0,0.02595442894057821,6.1346875
evaluation,11.7,0.19,0.0,0.0,0.0,False,0.0,0.0,0.0,True,2000,189,0.0945,0.08244593448548859,0.10810879085960753,0.125,0,0,16000,0,0.0259092119445534,6.0741875
evaluation,11.7,0.25,0.0,0.0,0.0,False,0.0,0.0,0.0,True,2000,2000,1.0,0.9980829527187469,0.9999999999999998,1.0,0,0,16000,0,0.02577412962808108,5.755
evaluation,11.7,0.34,0.0,0.0,0.0,False,0.0,0.0,0.0,True,2000,2000,1.0,0.9980829527187469,0.9999999999999998,1.0,0,0,16000,0,0.02560279541456091,5.313125
evaluation,11.7,0.17,0.0,1.0,0.0,False,0.0,0.0,0.0,True,2000,0,0.0,1.0842021724855044e-19,0.001917047281252934,0.0,0,0,16000,0,0.025924750852823805,6.1486875
evaluation,11.7,0.19,0.0,1.0,0.0,False,0.0,0.0,0.0,True,2000,186,0.093,0.08104000170965553,0.10652047477728435,0.115,0,0,16000,0,0.025922569334750106,6.0893125
evaluation,11.7,0.25,0.0,1.0,0.0,False,0.0,0.0,0.0,True,2000,2000,1.0,0.9980829527187469,0.9999999999999998,1.0,0,0,16000,0,0.025787029115120055,5.90125
evaluation,11.7,0.34,0.0,1.0,0.0,False,0.0,0.0,0.0,True,2000,2000,1.0,0.9980829527187469,0.9999999999999998,1.0,0,0,16000,0,0.02564914625797201,5.6215625
evaluation,11.7,0.17,0.0,2.0,0.0,False,0.0,0.0,0.0,True,2000,0,0.0,1.0842021724855044e-19,0.001917047281252934,0.0,0,1,16000,1,0.025907080343991324,6.341125
evaluation,11.7,0.19,0.0,2.0,0.0,False,0.0,0.0,0.0,True,2000,171,0.0855,0.07402575867765614,0.09856347351850255,0.1215,0,2,16000,2,0.02591586638255175,6.2903125
evaluation,11.7,0.25,0.0,2.0,0.0,False,0.0,0.0,0.0,True,2000,2000,1.0,0.9980829527187469,0.9999999999999998,1.0,0,0,16000,0,0.0257960902499689,6.178875
evaluation,11.7,0.34,0.0,2.0,0.0,False,0.0,0.0,0.0,True,2000,1999,0.9995,0.9971731374967338,0.9999117322692944,0.9995,0,1,16000,1,0.02563218881699833,6.0510625
evaluation,11.7,0.17,0.5,0.0,0.0,False,0.0,0.0,0.0,True,2000,1,0.0005,8.826773070546787e-05,0.0028268625032662133,0.0005,0,0,16000,0,0.02597018164956134,6.1553125
evaluation,11.7,0.19,0.5,0.0,0.0,False,0.0,0.0,0.0,True,2000,177,0.0885,0.07682827914571014,0.10174945076676101,0.1215,0,0,16000,0,0.02594293209067408,6.0843125
evaluation,11.7,0.25,0.5,0.0,0.0,False,0.0,0.0,0.0,True,2000,2000,1.0,0.9980829527187469,0.9999999999999998,1.0,0,0,16000,0,0.025785105217087285,5.7640625
evaluation,11.7,0.34,0.5,0.0,0.0,False,0.0,0.0,0.0,True,2000,2000,1.0,0.9980829527187469,0.9999999999999998,1.0,0,0,16000,0,0.025650589022397675,5.3346875
evaluation,11.7,0.17,0.5,1.0,0.0,False,0.0,0.0,0.0,True,2000,0,0.0,1.0842021724855044e-19,0.001917047281252934,0.0,0,0,16000,0,0.025950361437062818,6.1719375
evaluation,11.7,0.19,0.5,1.0,0.0,False,0.0,0.0,0.0,True,2000,155,0.0775,0.06657483756091465,0.09004506739174409,0.104,0,0,16000,0,0.025914619391493282,6.1075625
evaluation,11.7,0.25,0.5,1.0,0.0,False,0.0,0.0,0.0,True,2000,2000,1.0,0.9980829527187469,0.9999999999999998,1.0,0,0,16000,0,0.025785016470171486,5.9090625
evaluation,11.7,0.34,0.5,1.0,0.0,False,0.0,0.0,0.0,True,2000,2000,1.0,0.9980829527187469,0.9999999999999998,1.0,0,0,16000,0,0.02565658821682223,5.6305
evaluation,11.7,0.17,0.5,2.0,0.0,False,0.0,0.0,0.0,True,2000,0,0.0,1.0842021724855044e-19,0.001917047281252934,0.0,0,2,16000,2,0.025961223125108485,6.364625
evaluation,11.7,0.19,0.5,2.0,0.0,False,0.0,0.0,0.0,True,2000,176,0.088,0.07636089079305232,0.10121875616670008,0.1105,0,0,16000,0,0.02593208494798325,6.307375
evaluation,11.7,0.25,0.5,2.0,0.0,False,0.0,0.0,0.0,True,2000,2000,1.0,0.9980829527187469,0.9999999999999998,1.0,0,0,16000,0,0.025800662368213437,6.1798125
evaluation,11.7,0.34,0.5,2.0,0.0,False,0.0,0.0,0.0,True,2000,2000,1.0,0.9980829527187469,0.9999999999999998,1.0,0,0,16000,0,0.025688650986425598,6.0755
evaluation,11.7,0.17,1.0,0.0,0.0,False,0.0,0.0,0.0,True,2000,0,0.0,1.0842021724855044e-19,0.001917047281252934,0.0005,0,0,16000,0,0.026094086216271857,6.21375
evaluation,11.7,0.19,1.0,0.0,0.0,False,0.0,0.0,0.0,True,2000,144,0.072,0.061473133317261355,0.08416785915549115,0.0945,0,0,16000,0,0.02603768530594903,6.1223125
evaluation,11.7,0.25,1.0,0.0,0.0,False,0.0,0.0,0.0,True,2000,2000,1.0,0.9980829527187469,0.9999999999999998,1.0,0,0,16000,0,0.025868878513277113,5.792625
evaluation,11.7,0.34,1.0,0.0,0.0,False,0.0,0.0,0.0,True,2000,2000,1.0,0.9980829527187469,0.9999999999999998,1.0,0,0,16000,0,0.025735196196460808,5.3930625
evaluation,11.7,0.17,1.0,1.0,0.0,False,0.0,0.0,0.0,True,2000,0,0.0,1.0842021724855044e-19,0.001917047281252934,0.0,0,0,16000,0,0.026098629862521972,6.217375
evaluation,11.7,0.19,1.0,1.0,0.0,False,0.0,0.0,0.0,True,2000,134,0.067,0.05685166729541342,0.07880849565015163,0.09,0,0,16000,0,0.026001724051551753,6.143125
evaluation,11.7,0.25,1.0,1.0,0.0,False,0.0,0.0,0.0,True,2000,2000,1.0,0.9980829527187469,0.9999999999999998,1.0,0,0,16000,0,0.02588032500689608,5.9310625
evaluation,11.7,0.34,1.0,1.0,0.0,False,0.0,0.0,0.0,True,2000,2000,1.0,0.9980829527187469,0.9999999999999998,1.0,0,0,16000,0,0.02574745292196793,5.6729375
evaluation,11.7,0.17,1.0,2.0,0.0,False,0.0,0.0,0.0,True,2000,0,0.0,1.0842021724855044e-19,0.001917047281252934,0.0,0,1,16000,1,0.026070794786793226,6.4015
evaluation,11.7,0.19,1.0,2.0,0.0,False,0.0,0.0,0.0,True,2000,146,0.073,0.06239935949340271,0.08523779888478729,0.094,0,0,16000,0,0.02606973938198774,6.34925
evaluation,11.7,0.25,1.0,2.0,0.0,False,0.0,0.0,0.0,True,2000,1998,0.999,0.9963610657309615,0.9997257210823479,0.9995,0,1,16000,1,0.02588788699463997,6.21275
evaluation,11.7,0.34,1.0,2.0,0.0,False,0.0,0.0,0.0,True,2000,2000,1.0,0.9980829527187469,0.9999999999999998,1.0,0,0,16000,0,0.025709334422115294,6.089
evaluation,15.6,0.17,0.0,0.0,0.0,False,0.0,0.0,0.0,True,2000,66,0.033,0.026022752700289677,0.041767769460400554,0.043,0,0,16000,0,0.025903555221525616,6.0888125
evaluation,15.6,0.19,0.0,0.0,0.0,False,0.0,0.0,0.0,True,2000,1499,0.7495,0.7300439749792367,0.7679994184274181,0.8085,0,0,16000,0,0.025879653075593364,6.0203125
evaluation,15.6,0.25,0.0,0.0,0.0,False,0.0,0.0,0.0,True,2000,2000,1.0,0.9980829527187469,0.9999999999999998,1.0,0,0,16000,0,0.02574603447727493,5.6255625
evaluation,15.6,0.34,0.0,0.0,0.0,False,0.0,0.0,0.0,True,2000,2000,1.0,0.9980829527187469,0.9999999999999998,1.0,0,0,16000,0,0.025617327309533918,5.2265625
evaluation,15.6,0.17,0.0,1.0,0.0,False,0.0,0.0,0.0,True,2000,68,0.034,0.026908260159560583,0.042878427906567144,0.0445,0,0,16000,0,0.02588801919322067,6.1001875
evaluation,15.6,0.19,0.0,1.0,0.0,False,0.0,0.0,0.0,True,2000,1490,0.745,0.7254407541870743,0.7636198926451118,0.8145,0,0,16000,0,0.025837793151748074,6.053875
evaluation,15.6,0.25,0.0,1.0,0.0,False,0.0,0.0,0.0,True,2000,2000,1.0,0.9980829527187469,0.9999999999999998,1.0,0,0,16000,0,0.025728793871846747,5.820625
evaluation,15.6,0.34,0.0,1.0,0.0,False,0.0,0.0,0.0,True,2000,2000,1.0,0.9980829527187469,0.9999999999999998,1.0,0,0,16000,0,0.025615254809331092,5.576625
evaluation,15.6,0.17,0.0,2.0,0.0,False,0.0,0.0,0.0,True,2000,49,0.0245,0.01858163028213664,0.032241481682334906,0.0415,0,0,16000,0,0.02592049535587971,6.306625
evaluation,15.6,0.19,0.0,2.0,0.0,False,0.0,0.0,0.0,True,2000,1462,0.731,0.711136493558038,0.7499778305980231,0.791,0,1,16000,1,0.02586486217157048,6.2631875
evaluation,15.6,0.25,0.0,2.0,0.0,False,0.0,0.0,0.0,True,2000,2000,1.0,0.9980829527187469,0.9999999999999998,1.0,0,0,16000,0,0.025760394148226114,6.13775
evaluation,15.6,0.34,0.0,2.0,0.0,False,0.0,0.0,0.0,True,2000,1999,0.9995,0.9971731374967338,0.9999117322692944,0.9995,0,1,16000,1,0.025620079831869043,6.036
evaluation,15.6,0.17,0.5,0.0,0.0,False,0.0,0.0,0.0,True,2000,77,0.0385,0.03091432761660475,0.047855107023991705,0.0525,0,0,16000,0,0.025940862411539947,6.100375
evaluation,15.6,0.19,0.5,0.0,0.0,False,0.0,0.0,0.0,True,2000,1407,0.7035,0.6831092615886202,0.7231105001679098,0.765,0,0,16000,0,0.025881894885711316,6.01975
evaluation,15.6,0.25,0.5,0.0,0.0,False,0.0,0.0,0.0,True,2000,2000,1.0,0.9980829527187469,0.9999999999999998,1.0,0,0,16000,0,0.02576526407778587,5.6498125
evaluation,15.6,0.34,0.5,0.0,0.0,False,0.0,0.0,0.0,True,2000,2000,1.0,0.9980829527187469,0.9999999999999998,1.0,0,0,16000,0,0.02566303439850531,5.2555625
evaluation,15.6,0.17,0.5,1.0,0.0,False,0.0,0.0,0.0,True,2000,58,0.029,0.022500401616129873,0.03730545692281039,0.046,0,0,16000,0,0.02591660410747493,6.1195625
evaluation,15.6,0.19,0.5,1.0,0.0,False,0.0,0.0,0.0,True,2000,1407,0.7035,0.6831092615886202,0.7231105001679098,0.78,0,0,16000,0,0.025872473769685066,6.06275
evaluation,15.6,0.25,0.5,1.0,0.0,False,0.0,0.0,0.0,True,2000,2000,1.0,0.9980829527187469,0.9999999999999998,1.0,0,0,16000,0,0.02576003235952312,5.8360625
evaluation,15.6,0.34,0.5,1.0,0.0,False,0.0,0.0,0.0,True,2000,2000,1.0,0.9980829527187469,0.9999999999999998,1.0,0,0,16000,0,0.025662787641753417,5.592375
evaluation,15.6,0.17,0.5,2.0,0.0,False,0.0,0.0,0.0,True,2000,70,0.035,0.027795569156293554,0.04398728481527167,0.046,0,0,16000,0,0.02593446384962192,6.319625
evaluation,15.6,0.19,0.5,2.0,0.0,False,0.0,0.0,0.0,True,2000,1380,0.69,0.6693826357392854,0.7098888862938384,0.7605,0,0,16000,0,0.02590759141774965,6.27625
evaluation,15.6,0.25,0.5,2.0,0.0,False,0.0,0.0,0.0,True,2000,2000,1.0,0.9980829527187469,0.9999999999999998,1.0,0,0,16000,0,0.025778202317833183,6.1558125
evaluation,15.6,0.34,0.5,2.0,0.0,False,0.0,0.0,0.0,True,2000,2000,1.0,0.9980829527187469,0.9999999999999998,1.0,0,0,16000,0,0.025630999292257883,6.042125
evaluation,15.6,0.17,1.0,0.0,0.0,False,0.0,0.0,0.0,True,2000,47,0.0235,0.017718224361690932,0.031108721697343113,0.0345,0,0,16000,0,0.026040726809310508,6.149375
evaluation,15.6,0.19,1.0,0.0,0.0,False,0.0,0.0,0.0,True,2000,1201,0.6005,0.5788612116287786,0.6217534618676896,0.667,0,0,16000,0,0.025994563663215925,6.040375
evaluation,15.6,0.25,1.0,0.0,0.0,False,0.0,0.0,0.0,True,2000,2000,1.0,0.9980829527187469,0.9999999999999998,1.0,0,0,16000,0,0.02581341375648239,5.688125
evaluation,15.6,0.34,1.0,0.0,0.0,False,0.0,0.0,0.0,True,2000,2000,1.0,0.9980829527187469,0.9999999999999998,1.0,0,0,16000,0,0.025708548407125286,5.3294375
evaluation,15.6,0.17,1.0,1.0,0.0,False,0.0,0.0,0.0,True,2000,50,0.025,0.019014423503992475,0.032806771413197815,0.034,0,0,16000,0,0.026057463455296335,6.16775
evaluation,15.6,0.19,1.0,1.0,0.0,False,0.0,0.0,0.0,True,2000,1192,0.596,0.5743304292107909,0.6173014977112083,0.6655,0,0,16000,0,0.02601164779237982,6.093125
evaluation,15.6,0.25,1.0,1.0,0.0,False,0.0,0.0,0.0,True,2000,2000,1.0,0.9980829527187469,0.9999999999999998,1.0,0,0,16000,0,0.025838740642182303,5.8663125
evaluation,15.6,0.34,1.0,1.0,0.0,False,0.0,0.0,0.0,True,2000,2000,1.0,0.9980829527187469,0.9999999999999998,1.0,0,0,16000,0,0.025672855577132992,5.63975
evaluation,15.6,0.17,1.0,2.0,0.0,False,0.0,0.0,0.0,True,2000,61,0.0305,0.02381739549016912,0.03898271190692737,0.043,0,0,16000,0,0.0260260614106874,6.35725
evaluation,15.6,0.19,1.0,2.0,0.0,False,0.0,0.0,0.0,True,2000,1158,0.579,0.5572309570907255,0.6004661494388366,0.6525,0,0,16000,0,0.025988011020678596,6.301875
evaluation,15.6,0.25,1.0,2.0,0.0,False,0.0,0.0,0.0,True,2000,1998,0.999,0.9963610657309615,0.9997257210823479,0.999,0,2,16000,2,0.025826981631851886,6.181375
evaluation,15.6,0.34,1.0,2.0,0.0,False,0.0,0.0,0.0,True,2000,1999,0.9995,0.9971731374967338,0.9999117322692944,0.9995,0,1,16000,1,0.02567706704667255,6.0686875
mixture,7.8,0.17,1.0,1.0,0.0,False,0.0,0.0,0.0,True,2000,0,0.0,1.0842021724855044e-19,0.001917047281252934,0.0,0,0,16000,0,0.026176338321219964,6.292
mixture,7.8,0.17,1.0,1.0,0.0,False,0.1,0.0,0.0,True,2000,0,0.0,1.0842021724855044e-19,0.001917047281252934,0.0,0,0,16000,0,0.026113104281438173,6.3053125
mixture,7.8,0.17,1.0,1.0,0.0,False,0.2,0.0,0.0,True,2000,0,0.0,1.0842021724855044e-19,0.001917047281252934,0.0,0,0,16000,0,0.02618254765198523,6.3325625
mixture,7.8,0.17,1.0,1.0,0.0,False,0.30000000000000004,0.0,0.0,True,2000,11,0.0055,0.003073897009543817,0.009822062751615332,0.01,0,0,16000,0,0.02628955735596995,6.3435
mixture,7.8,0.17,1.0,1.0,0.0,False,0.4,0.0,0.0,True,2000,136,0.068,0.05777462902670909,0.07988169982429345,0.0915,0,0,16000,0,0.026329050076872022,6.342
mixture,7.8,0.17,1.0,1.0,0.0,False,0.5,0.0,0.0,True,2000,735,0.3675,0.3466431068552237,0.3888649106743082,0.437,0,0,16000,0,0.02644343752854479,6.3386875
mixture,7.8,0.17,1.0,1.0,0.0,False,0.6000000000000001,0.0,0.0,True,2000,1590,0.795,0.7767497148011462,0.8121192273029145,0.8385,0,0,16000,0,0.026598329022885073,6.328125
mixture,7.8,0.17,1.0,1.0,0.0,False,0.7000000000000001,0.0,0.0,True,2000,1950,0.975,0.9671932285868021,0.9809855764960074,0.986,0,0,16000,0,0.02671330438286271,6.308625
mixture,7.8,0.17,1.0,1.0,0.0,False,0.8,0.0,0.0,True,2000,1993,0.9965,0.9927928037467583,0.9983035683029576,0.9985,0,0,16000,0,0.02685814876526405,6.27925
mixture,7.8,0.17,1.0,1.0,0.0,False,0.9,0.0,0.0,True,2000,2000,1.0,0.9980829527187469,0.9999999999999998,1.0,0,0,16000,0,0.026946931266185227,6.2575
mixture,7.8,0.17,1.0,1.0,0.0,False,1.0,0.0,0.0,True,2000,2000,1.0,0.9980829527187469,0.9999999999999998,1.0,0,0,16000,0,0.027025116574521026,6.2325625
mixture,11.7,0.17,1.0,1.0,0.0,False,0.0,0.0,0.0,True,2000,0,0.0,1.0842021724855044e-19,0.001917047281252934,0.0,0,0,16000,0,0.026096670509080707,6.2275625
mixture,11.7,0.17,1.0,1.0,0.0,False,0.1,0.0,0.0,True,2000,2,0.001,0.0002742789176520342,0.003638934269038394,0.0035,0,0,16000,0,0.026084940129249255,6.2349375
mixture,11.7,0.17,1.0,1.0,0.0,False,0.2,0.0,0.0,True,2000,102,0.051,0.04218996991731548,0.06153153854124964,0.066,0,0,16000,0,0.02609772167600864,6.2440625
mixture,11.7,0.17,1.0,1.0,0.0,False,0.30000000000000004,0.0,0.0,True,2000,607,0.3035,0.28374259404553775,0.32401080553599454,0.365,0,0,16000,0,0.02615043806940298,6.244375
mixture,11.7,0.17,1.0,1.0,0.0,False,0.4,0.0,0.0,True,2000,1434,0.717,0.696856785116098,0.7363112163638381,0.781,0,0,16000,0,0.026292212696773683,6.2603125
mixture,11.7,0.17,1.0,1.0,0.0,False,0.5,0.0,0.0,True,2000,1903,0.9515,0.9411889997479057,0.9600799065571228,0.9655,0,0,16000,0,0.026405023864911083,6.247875
mixture,11.7,0.17,1.0,1.0,0.0,False,0.6000000000000001,0.0,0.0,True,2000,1991,0.9955,0.9914694867812403,0.9976307193630382,0.9985,0,0,16000,0,0.0265271017687218,6.24075
mixture,11.7,0.17,1.0,1.0,0.0,False,0.7000000000000001,0.0,0.0,True,2000,2000,1.0,0.9980829527187469,0.9999999999999998,1.0,0,0,16000,0,0.026679775203647848,6.2335
mixture,11.7,0.17,1.0,1.0,0.0,False,0.8,0.0,0.0,True,2000,2000,1.0,0.9980829527187469,0.9999999999999998,1.0,0,0,16000,0,0.026802005425817982,6.213375
mixture,11.7,0.17,1.0,1.0,0.0,False,0.9,0.0,0.0,True,2000,2000,1.0,0.9980829527187469,0.9999999999999998,1.0,0,0,16000,0,0.026936344925867755,6.1845625
mixture,11.7,0.17,1.0,1.0,0.0,False,1.0,0.0,0.0,True,2000,2000,1.0,0.9980829527187469,0.9999999999999998,1.0,0,0,16000,0,0.02695990734843339,6.1721875
mixture,15.6,0.17,1.0,1.0,0.0,False,0.0,0.0,0.0,True,2000,70,0.035,0.027795569156293554,0.04398728481527167,0.045,0,0,16000,0,0.02604796746052779,6.1718125
mixture,15.6,0.17,1.0,1.0,0.0,False,0.1,0.0,0.0,True,2000,387,0.1935,0.17678106379716146,0.21139408618624655,0.241,0,0,16000,0,0.026011012184665946,6.17325
mixture,15.6,0.17,1.0,1.0,0.0,False,0.2,0.0,0.0,True,2000,1134,0.567,0.5451765654961774,0.5885665501681346,0.6345,0,0,16000,0,0.02607489061971292,6.184625
mixture,15.6,0.17,1.0,1.0,0.0,False,0.30000000000000004,0.0,0.0,True,2000,1739,0.8695,0.8540258583313894,0.8835574437277646,0.9145,0,0,16000,0,0.02616136639907834,6.1805625
mixture,15.6,0.17,1.0,1.0,0.0,False,0.4,0.0,0.0,True,2000,1969,0.9845,0.97808335411817,0.9890590270662959,0.991,0,0,16000,0,0.026226358473566278,6.1794375
mixture,15.6,0.17,1.0,1.0,0.0,False,0.5,0.0,0.0,True,2000,2000,1.0,0.9980829527187469,0.9999999999999998,1.0,0,0,16000,0,0.026400188130180906,6.18075
mixture,15.6,0.17,1.0,1.0,0.0,False,0.6000000000000001,0.0,0.0,True,2000,2000,1.0,0.9980829527187469,0.9999999999999998,1.0,0,0,16000,0,0.02644698979724659,6.1604375
mixture,15.6,0.17,1.0,1.0,0.0,False,0.7000000000000001,0.0,0.0,True,2000,2000,1.0,0.9980829527187469,0.9999999999999998,1.0,0,0,16000,0,0.026613399928803894,6.1600625
mixture,15.6,0.17,1.0,1.0,0.0,False,0.8,0.0,0.0,True,2000,2000,1.0,0.9980829527187469,0.9999999999999998,1.0,0,0,16000,0,0.026744689698463785,6.1490625
mixture,15.6,0.17,1.0,1.0,0.0,False,0.9,0.0,0.0,True,2000,2000,1.0,0.9980829527187469,0.9999999999999998,1.0,0,0,16000,0,0.026891841016718848,6.144375
mixture,15.6,0.17,1.0,1.0,0.0,False,1.0,0.0,0.0,True,2000,2000,1.0,0.9980829527187469,0.9999999999999998,1.0,0,0,16000,0,0.026961841122940762,6.14475
systematic,7.8,0.17,1.0,1.0,-0.15,False,0.0,0.0,0.0,True,2000,249,0.1245,0.11074657034676971,0.13969313216145118,0.1545,0,0,16000,0,0.026063538034107624,6.084375
systematic,7.8,0.17,1.0,1.0,-0.15,True,0.0,0.0,0.0,True,2000,0,0.0,1.0842021724855044e-19,0.001917047281252934,0.0,0,0,16000,0,0.02607501164484804,6.2830625
systematic,7.8,0.17,1.0,1.0,-0.1,False,0.0,0.0,0.0,True,2000,7,0.0035,0.0016964316970424177,0.007207196253241745,0.005,0,0,16000,0,0.02608671915350199,6.14525
systematic,7.8,0.17,1.0,1.0,-0.1,True,0.0,0.0,0.0,True,2000,0,0.0,1.0842021724855044e-19,0.001917047281252934,0.0,0,0,16000,0,0.02607406444621533,6.290625
systematic,7.8,0.17,1.0,1.0,-0.05,False,0.0,0.0,0.0,True,2000,0,0.0,1.0842021724855044e-19,0.001917047281252934,0.0,0,0,16000,0,0.026102095554142588,6.2134375
systematic,7.8,0.17,1.0,1.0,-0.05,True,0.0,0.0,0.0,True,2000,0,0.0,1.0842021724855044e-19,0.001917047281252934,0.0,0,0,16000,0,0.026144692146299362,6.2948125
systematic,7.8,0.17,1.0,1.0,0.0,False,0.0,0.0,0.0,True,2000,0,0.0,1.0842021724855044e-19,0.001917047281252934,0.0,0,0,16000,0,0.026182473679844716,6.2933125
systematic,7.8,0.17,1.0,1.0,0.0,True,0.0,0.0,0.0,True,2000,0,0.0,1.0842021724855044e-19,0.001917047281252934,0.0,0,0,16000,0,0.026165578330198266,6.300875
systematic,7.8,0.17,1.0,1.0,0.05,False,0.0,0.0,0.0,True,2000,0,0.0,1.0842021724855044e-19,0.001917047281252934,0.0,0,0,16000,0,0.02620336713181179,6.382375
systematic,7.8,0.17,1.0,1.0,0.05,True,0.0,0.0,0.0,True,2000,0,0.0,1.0842021724855044e-19,0.001917047281252934,0.0,0,0,16000,0,0.026182599393057223,6.3051875
systematic,7.8,0.17,1.0,1.0,0.1,False,0.0,0.0,0.0,True,2000,0,0.0,1.0842021724855044e-19,0.001917047281252934,0.0,0,0,16000,0,0.02630427384758309,6.4856875
systematic,7.8,0.17,1.0,1.0,0.1,True,0.0,0.0,0.0,True,2000,0,0.0,1.0842021724855044e-19,0.001917047281252934,0.0,0,0,16000,0,0.026248654545939564,6.3146875
systematic,7.8,0.17,1.0,1.0,0.15,False,0.0,0.0,0.0,True,2000,0,0.0,1.0842021724855044e-19,0.001917047281252934,0.0,0,0,16000,0,0.026421565601951528,6.59225
systematic,7.8,0.17,1.0,1.0,0.15,True,0.0,0.0,0.0,True,2000,0,0.0,1.0842021724855044e-19,0.001917047281252934,0.0,0,0,16000,0,0.026253786845928266,6.309
systematic,11.7,0.17,1.0,1.0,-0.15,False,0.0,0.0,0.0,True,2000,1593,0.7965,0.7782949017955278,0.8135682891666891,0.843,0,0,16000,0,0.02603828993700128,6.0341875
systematic,11.7,0.17,1.0,1.0,-0.15,True,0.0,0.0,0.0,True,2000,0,0.0,1.0842021724855044e-19,0.001917047281252934,0.0,0,0,16000,0,0.02601806013202228,6.2154375
systematic,11.7,0.17,1.0,1.0,-0.1,False,0.0,0.0,0.0,True,2000,517,0.2585,0.2397882531557159,0.27813768068112926,0.3115,0,0,16000,0,0.026011129244765507,6.0954375
systematic,11.7,0.17,1.0,1.0,-0.1,True,0.0,0.0,0.0,True,2000,0,0.0,1.0842021724855044e-19,0.001917047281252934,0.0,0,0,16000,0,0.026032335489244815,6.2133125
systematic,11.7,0.17,1.0,1.0,-0.05,False,0.0,0.0,0.0,True,2000,36,0.018,0.01302999144428223,0.024818042134845595,0.0275,0,0,16000,0,0.02606623682815716,6.1578125
systematic,11.7,0.17,1.0,1.0,-0.05,True,0.0,0.0,0.0,True,2000,1,0.0005,8.826773070546787e-05,0.0028268625032662133,0.0005,0,0,16000,0,0.026030825790300662,6.22675
systematic,11.7,0.17,1.0,1.0,0.0,False,0.0,0.0,0.0,True,2000,0,0.0,1.0842021724855044e-19,0.001917047281252934,0.0,0,0,16000,0,0.026092146773296597,6.2273125
systematic,11.7,0.17,1.0,1.0,0.0,True,0.0,0.0,0.0,True,2000,0,0.0,1.0842021724855044e-19,0.001917047281252934,0.001,0,0,16000,0,0.026075735837603677,6.2305625
systematic,11.7,0.17,1.0,1.0,0.05,False,0.0,0.0,0.0,True,2000,0,0.0,1.0842021724855044e-19,0.001917047281252934,0.0,0,0,16000,0,0.0261269989869612,6.298
systematic,11.7,0.17,1.0,1.0,0.05,True,0.0,0.0,0.0,True,2000,0,0.0,1.0842021724855044e-19,0.001917047281252934,0.0,0,0,16000,0,0.026137694742353695,6.2320625
systematic,11.7,0.17,1.0,1.0,0.1,False,0.0,0.0,0.0,True,2000,0,0.0,1.0842021724855044e-19,0.001917047281252934,0.0,0,0,16000,0,0.026230988922791035,6.3924375
systematic,11.7,0.17,1.0,1.0,0.1,True,0.0,0.0,0.0,True,2000,1,0.0005,8.826773070546787e-05,0.0028268625032662133,0.0005,0,0,16000,0,0.02615028892011751,6.2290625
systematic,11.7,0.17,1.0,1.0,0.15,False,0.0,0.0,0.0,True,2000,0,0.0,1.0842021724855044e-19,0.001917047281252934,0.0,0,0,16000,0,0.02632275634346967,6.4995625
systematic,11.7,0.17,1.0,1.0,0.15,True,0.0,0.0,0.0,True,2000,1,0.0005,8.826773070546787e-05,0.0028268625032662133,0.0005,0,0,16000,0,0.02618783721888489,6.2453125
systematic,15.6,0.17,1.0,1.0,-0.15,False,0.0,0.0,0.0,True,2000,1989,0.9945,0.9901779372483848,0.9969261029904561,0.997,0,0,16000,0,0.025958271474834083,5.968125
systematic,15.6,0.17,1.0,1.0,-0.15,True,0.0,0.0,0.0,True,2000,77,0.0385,0.03091432761660475,0.047855107023991705,0.049,0,0,16000,0,0.025951627053677734,6.162875
systematic,15.6,0.17,1.0,1.0,-0.1,False,0.0,0.0,0.0,True,2000,1705,0.8525,0.8362835405748967,0.86736494109182,0.8865,0,0,16000,0,0.025964788474798894,6.025
systematic,15.6,0.17,1.0,1.0,-0.1,True,0.0,0.0,0.0,True,2000,55,0.0275,0.021188498165677007,0.03562311151510701,0.041,0,0,16000,0,0.025985066279322063,6.164875
systematic,15.6,0.17,1.0,1.0,-0.05,False,0.0,0.0,0.0,True,2000,675,0.3375,0.31710555883466457,0.3585174815317426,0.408,0,0,16000,0,0.02602262438069353,6.09875
systematic,15.6,0.17,1.0,1.0,-0.05,True,0.0,0.0,0.0,True,2000,60,0.03,0.02337785471293825,0.03842416973143951,0.0395,0,0,16000,0,0.026033430566867372,6.170625
systematic,15.6,0.17,1.0,1.0,0.0,False,0.0,0.0,0.0,True,2000,53,0.0265,0.020316920414969065,0.03449852336037745,0.036,0,0,16000,0,0.02604047735063863,6.164875
systematic,15.6,0.17,1.0,1.0,0.0,True,0.0,0.0,0.0,True,2000,59,0.0295,0.02293885238774463,0.037865089103914375,0.037,0,0,16000,0,0.026045061827035264,6.17
systematic,15.6,0.17,1.0,1.0,0.05,False,0.0,0.0,0.0,True,2000,0,0.0,1.0842021724855044e-19,0.001917047281252934,0.0,0,0,16000,0,0.026113450494223294,6.241
systematic,15.6,0.17,1.0,1.0,0.05,True,0.0,0.0,0.0,True,2000,72,0.036,0.02868460672278366,0.04509441315421905,0.046,0,0,16000,0,0.026070576789959332,6.17475
systematic,15.6,0.17,1.0,1.0,0.1,False,0.0,0.0,0.0,True,2000,0,0.0,1.0842021724855044e-19,0.001917047281252934,0.0,0,0,16000,0,0.026183911330636838,6.3231875
systematic,15.6,0.17,1.0,1.0,0.1,True,0.0,0.0,0.0,True,2000,47,0.0235,0.017718224361690932,0.031108721697343113,0.037,0,0,16000,0,0.02608165263268908,6.1810625
systematic,15.6,0.17,1.0,1.0,0.15,False,0.0,0.0,0.0,True,2000,0,0.0,1.0842021724855044e-19,0.001917047281252934,0.0,0,0,16000,0,0.02628378347823858,6.4156875
systematic,15.6,0.17,1.0,1.0,0.15,True,0.0,0.0,0.0,True,2000,49,0.0245,0.01858163028213664,0.032241481682334906,0.038,0,0,16000,0,0.026140566120698313,6.184125
signal_bias,7.8,0.17,1.0,1.0,0.0,False,0.0,-0.02,0.0,True,2000,0,0.0,1.0842021724855044e-19,0.001917047281252934,0.0,0,0,16000,0,0.026159312752371492,6.307625
signal_bias,7.8,0.17,1.0,1.0,0.0,False,0.0,-0.01,0.0,True,2000,0,0.0,1.0842021724855044e-19,0.001917047281252934,0.0,0,0,16000,0,0.02617970821419304,6.3021875
signal_bias,7.8,0.17,1.0,1.0,0.0,False,0.0,0.0,0.0,True,2000,0,0.0,1.0842021724855044e-19,0.001917047281252934,0.0,0,0,16000,0,0.026207750065527842,6.2990625
signal_bias,7.8,0.17,1.0,1.0,0.0,False,0.0,0.01,0.0,True,2000,0,0.0,1.0842021724855044e-19,0.001917047281252934,0.0,0,0,16000,0,0.026186155002515053,6.2920625
signal_bias,7.8,0.17,1.0,1.0,0.0,False,0.0,0.02,0.0,True,2000,0,0.0,1.0842021724855044e-19,0.001917047281252934,0.0,0,0,16000,0,0.02615282290574273,6.2979375
signal_bias,7.8,0.17,1.0,1.0,0.0,False,0.0,0.0,-0.1,True,2000,0,0.0,1.0842021724855044e-19,0.001917047281252934,0.0,0,0,16000,0,0.02611490727660238,6.3705
signal_bias,7.8,0.17,1.0,1.0,0.0,False,0.0,0.0,-0.05,True,2000,0,0.0,1.0842021724855044e-19,0.001917047281252934,0.0,0,0,16000,0,0.026149446683314967,6.3274375
signal_bias,7.8,0.17,1.0,1.0,0.0,False,0.0,0.0,0.05,True,2000,0,0.0,1.0842021724855044e-19,0.001917047281252934,0.0,0,0,16000,0,0.026168552080748406,6.311
signal_bias,7.8,0.17,1.0,1.0,0.0,False,0.0,0.0,0.1,True,2000,0,0.0,1.0842021724855044e-19,0.001917047281252934,0.0,0,0,16000,0,0.02620025896588222,6.4459375
signal_bias,11.7,0.17,1.0,1.0,0.0,False,0.0,-0.02,0.0,True,2000,0,0.0,1.0842021724855044e-19,0.001917047281252934,0.0,0,0,16000,0,0.026088367430233107,6.233
signal_bias,11.7,0.17,1.0,1.0,0.0,False,0.0,-0.01,0.0,True,2000,0,0.0,1.0842021724855044e-19,0.001917047281252934,0.0,0,0,16000,0,0.026145986333873446,6.231875
signal_bias,11.7,0.17,1.0,1.0,0.0,False,0.0,0.0,0.0,True,2000,0,0.0,1.0842021724855044e-19,0.001917047281252934,0.0,0,0,16000,0,0.026120113531053146,6.2258125
signal_bias,11.7,0.17,1.0,1.0,0.0,False,0.0,0.01,0.0,True,2000,0,0.0,1.0842021724855044e-19,0.001917047281252934,0.0,0,0,16000,0,0.02607543783680584,6.219125
signal_bias,11.7,0.17,1.0,1.0,0.0,False,0.0,0.02,0.0,True,2000,0,0.0,1.0842021724855044e-19,0.001917047281252934,0.0,0,0,16000,0,0.026068905330522175,6.2426875
signal_bias,11.7,0.17,1.0,1.0,0.0,False,0.0,0.0,-0.1,True,2000,0,0.0,1.0842021724855044e-19,0.001917047281252934,0.0,0,0,16000,0,0.026084750487089907,6.3011875
signal_bias,11.7,0.17,1.0,1.0,0.0,False,0.0,0.0,-0.05,True,2000,1,0.0005,8.826773070546787e-05,0.0028268625032662133,0.0005,0,0,16000,0,0.026091294408785385,6.2541875
signal_bias,11.7,0.17,1.0,1.0,0.0,False,0.0,0.0,0.05,True,2000,1,0.0005,8.826773070546787e-05,0.0028268625032662133,0.001,0,0,16000,0,0.026083412318726077,6.23825
signal_bias,11.7,0.17,1.0,1.0,0.0,False,0.0,0.0,0.1,True,2000,0,0.0,1.0842021724855044e-19,0.001917047281252934,0.0,0,0,16000,0,0.026133985352943277,6.3825
signal_bias,15.6,0.17,1.0,1.0,0.0,False,0.0,-0.02,0.0,True,2000,54,0.027,0.020752396241488,0.035061130486577274,0.04,0,0,16000,0,0.026067438989501163,6.17725
signal_bias,15.6,0.17,1.0,1.0,0.0,False,0.0,-0.01,0.0,True,2000,62,0.031,0.024257462141641817,0.03954072820817342,0.0405,0,0,16000,0,0.02604794138570125,6.1819375
signal_bias,15.6,0.17,1.0,1.0,0.0,False,0.0,0.0,0.0,True,2000,59,0.0295,0.02293885238774463,0.037865089103914375,0.042,0,0,16000,0,0.026039097900321245,6.1686875
signal_bias,15.6,0.17,1.0,1.0,0.0,False,0.0,0.01,0.0,True,2000,45,0.0225,0.01685787548400037,0.02997290466959618,0.0365,0,0,16000,0,0.026027597852197167,6.165125
signal_bias,15.6,0.17,1.0,1.0,0.0,False,0.0,0.02,0.0,True,2000,63,0.0315,0.02469804258437448,0.0400982307181595,0.043,0,0,16000,0,0.026073699235003897,6.1935
signal_bias,15.6,0.17,1.0,1.0,0.0,False,0.0,0.0,-0.1,True,2000,58,0.029,0.022500401616129873,0.03730545692281039,0.041,0,0,16000,0,0.026025496080472527,6.2415
signal_bias,15.6,0.17,1.0,1.0,0.0,False,0.0,0.0,-0.05,True,2000,59,0.0295,0.02293885238774463,0.037865089103914375,0.0415,0,0,16000,0,0.025996527254784196,6.1909375
signal_bias,15.6,0.17,1.0,1.0,0.0,False,0.0,0.0,0.05,True,2000,54,0.027,0.020752396241488,0.035061130486577274,0.0375,0,0,16000,0,0.026057090634512284,6.179625
signal_bias,15.6,0.17,1.0,1.0,0.0,False,0.0,0.0,0.1,True,2000,55,0.0275,0.021188498165677007,0.03562311151510701,0.0375,0,0,16000,0,0.0260564138331889,6.3256875
