strain,source_row,source_cell,phase,time_min,time_SE,observable,mean_copy_cell,SE_copy_cell,n
WT,8,I8,entry log phase (OD600~0.15),-101,5.999999999999999,GlnB_total,2174.386344831621,189.44865496016848,3
WT,8,L8,entry log phase (OD600~0.15),-101,5.999999999999999,GlnB_unmodified,567.708198620613,141.76703009545633,3
WT,8,O8,entry log phase (OD600~0.15),-101,5.999999999999999,GlnB_UMP,873.2849130706596,171.31003064467473,3
WT,8,R8,entry log phase (OD600~0.15),-101,5.999999999999999,GlnK_total,1512.075152202604,273.2723903297807,3
WT,8,U8,entry log phase (OD600~0.15),-101,5.999999999999999,GlnK_unmodified,421.575984692935,233.0574621589644,3
WT,8,X8,entry log phase (OD600~0.15),-101,5.999999999999999,GlnK_UMP,813.4120907168077,539.5878656942101,3
WT,8,AA8,entry log phase (OD600~0.15),-101,5.999999999999999,GS_total,19948.093235396893,3084.2660789817105,3
WT,8,AD8,entry log phase (OD600~0.15),-101,5.999999999999999,GS_unmodified,20348.563832339238,2417.3399436440154,3
WT,8,AG8,entry log phase (OD600~0.15),-101,5.999999999999999,GS_AMP,1722.1741921509183,990.790107804356,3
WT,9,I9,half point to run out (OD600~0.3),-69.33333333333334,10.206207261596576,GlnB_total,1923.6940326282445,206.28220982226884,4
WT,9,L9,half point to run out (OD600~0.3),-69.33333333333334,10.206207261596576,GlnB_unmodified,460.72549011885235,137.33692351287098,4
WT,9,O9,half point to run out (OD600~0.3),-69.33333333333334,10.206207261596576,GlnB_UMP,1286.0474700386844,233.88475141480143,4
WT,9,R9,half point to run out (OD600~0.3),-69.33333333333334,10.206207261596576,GlnK_total,687.8169431968063,210.65456296089678,4
WT,9,U9,half point to run out (OD600~0.3),-69.33333333333334,10.206207261596576,GlnK_unmodified,274.47745056363885,77.20629331378558,4
WT,9,X9,half point to run out (OD600~0.3),-69.33333333333334,10.206207261596576,GlnK_UMP,773.2504944204816,106.85584154209734,4
WT,9,AA9,half point to run out (OD600~0.3),-69.33333333333334,10.206207261596576,GS_total,20205.71495248027,562.8333578689427,4
WT,9,AD9,half point to run out (OD600~0.3),-69.33333333333334,10.206207261596576,GS_unmodified,21162.72544119354,661.8296543651417,4
WT,9,AG9,half point to run out (OD600~0.3),-69.33333333333334,10.206207261596576,GS_AMP,992.9150532215567,458.056670440544,4
WT,9,AJ9,half point to run out (OD600~0.3),-69.33333333333334,10.206207261596576,aKG,763469.5038890302,198074.97106789873,5
WT,9,AM9,half point to run out (OD600~0.3),-69.33333333333334,10.206207261596576,glutamine,256667.25407814537,116868.1655605751,5
WT,10,I10,shortly before run out  (OD600~0.5),-50,2.5,GlnB_total,2140.4002087232925,135.21499452157678,4
WT,10,L10,shortly before run out  (OD600~0.5),-50,2.5,GlnB_unmodified,348.3605697708874,120.74971787629242,4
WT,10,O10,shortly before run out  (OD600~0.5),-50,2.5,GlnB_UMP,1350.866622210058,91.64639719726792,4
WT,10,R10,shortly before run out  (OD600~0.5),-50,2.5,GlnK_total,1341.5081261589644,584.0895081441222,4
WT,10,U10,shortly before run out  (OD600~0.5),-50,2.5,GlnK_unmodified,189.8373962264012,85.8793617114089,4
WT,10,X10,shortly before run out  (OD600~0.5),-50,2.5,GlnK_UMP,1230.9291128776708,485.63288793958975,4
WT,10,AA10,shortly before run out  (OD600~0.5),-50,2.5,GS_total,30625.33937687763,1846.5750303279272,4
WT,10,AD10,shortly before run out  (OD600~0.5),-50,2.5,GS_unmodified,33784.98104675411,2117.574540136207,4
WT,10,AG10,shortly before run out  (OD600~0.5),-50,2.5,GS_AMP,-900.1282795851495,1465.7571532944637,4
WT,11,I11,run out  (OD600~0.6),-40,2.5,GlnB_total,1904.2990298915142,125.65508939952407,4
WT,11,L11,run out  (OD600~0.6),-40,2.5,GlnB_unmodified,120.65382231572644,86.65682104665005,4
WT,11,O11,run out  (OD600~0.6),-40,2.5,GlnB_UMP,1437.3358523443674,228.00615186096957,4
WT,11,R11,run out  (OD600~0.6),-40,2.5,GlnK_total,3591.7007239325294,468.1931919933728,4
WT,11,U11,run out  (OD600~0.6),-40,2.5,GlnK_unmodified,204.4947264174865,32.948763856188684,4
WT,11,X11,run out  (OD600~0.6),-40,2.5,GlnK_UMP,3459.3489226902184,653.4964588727815,4
WT,11,AA11,run out  (OD600~0.6),-40,2.5,GS_total,34681.83940609061,1746.2523403132018,4
WT,11,AD11,run out  (OD600~0.6),-40,2.5,GS_unmodified,36804.81693122514,2201.7045960208507,4
WT,11,AG11,run out  (OD600~0.6),-40,2.5,GS_AMP,998.0464884620791,478.22409117232405,4
WT,11,AJ11,run out  (OD600~0.6),-40,2.5,aKG,3909169.8196079694,723048.2916634256,5
WT,11,AM11,run out  (OD600~0.6),-40,2.5,glutamine,115556.24618498486,24440.41162731846,5
WT,12,I12,mid starved run out  (OD600~0.6),-15,2.5,GlnB_total,1933.170822573481,137.9260191705797,4
WT,12,L12,mid starved run out  (OD600~0.6),-15,2.5,GlnB_unmodified,98.19399798409913,54.937381397131595,4
WT,12,O12,mid starved run out  (OD600~0.6),-15,2.5,GlnB_UMP,1980.4068663304965,490.6345409793541,4
WT,12,R12,mid starved run out  (OD600~0.6),-15,2.5,GlnK_total,5340.4592070425815,576.4077781656106,4
WT,12,U12,mid starved run out  (OD600~0.6),-15,2.5,GlnK_unmodified,173.98115735235598,71.39786776249125,4
WT,12,X12,mid starved run out  (OD600~0.6),-15,2.5,GlnK_UMP,5191.4024679083805,512.600587237938,4
WT,12,AA12,mid starved run out  (OD600~0.6),-15,2.5,GS_total,34189.92941152158,2382.274256214333,4
WT,12,AD12,mid starved run out  (OD600~0.6),-15,2.5,GS_unmodified,35892.52472661969,2572.5816910081353,4
WT,12,AG12,mid starved run out  (OD600~0.6),-15,2.5,GS_AMP,299.1669462665122,540.9751971514962,4
WT,13,I13,late starved run out  (OD600~0.6),0,2,GlnB_total,2052.6285057463174,132.54681488509993,4
WT,13,L13,late starved run out  (OD600~0.6),0,2,GlnB_unmodified,127.42561366556902,58.43623895965734,4
WT,13,O13,late starved run out  (OD600~0.6),0,2,GlnB_UMP,1836.2780893980598,388.65480458936776,4
WT,13,R13,late starved run out  (OD600~0.6),0,2,GlnK_total,7782.895461819808,724.3538154607973,4
WT,13,U13,late starved run out  (OD600~0.6),0,2,GlnK_unmodified,262.7104919245252,72.76004900881411,4
WT,13,X13,late starved run out  (OD600~0.6),0,2,GlnK_UMP,6853.207066254839,915.1474598967985,4
WT,13,AA13,late starved run out  (OD600~0.6),0,2,GS_total,38628.592345848665,3187.678577222589,4
WT,13,AD13,late starved run out  (OD600~0.6),0,2,GS_unmodified,39701.782999422314,2545.986281013245,4
WT,13,AG13,late starved run out  (OD600~0.6),0,2,GS_AMP,913.2103192213037,483.31366956296375,4
WT,13,AJ13,late starved run out  (OD600~0.6),0,2,aKG,2750576.520333185,754220.1735317891,5
WT,13,AM13,late starved run out  (OD600~0.6),0,2,glutamine,156505.48486297455,39431.608283224225,5
WT,15,I15,upshift +1',1,2.5,GlnB_total,1974.6588180355413,95.81066545079942,4
WT,15,L15,upshift +1',1,2.5,GlnB_unmodified,1349.3635895529655,195.42126978489975,4
WT,15,O15,upshift +1',1,2.5,GlnB_UMP,643.8316958865522,127.48621159825758,4
WT,15,R15,upshift +1',1,2.5,GlnK_total,7503.969841060122,597.9740262546552,4
WT,15,U15,upshift +1',1,2.5,GlnK_unmodified,4272.1136871949975,255.151985260126,4
WT,15,X15,upshift +1',1,2.5,GlnK_UMP,4394.435151031117,937.7675387998883,4
WT,15,AA15,upshift +1',1,2.5,GS_total,35781.043723810064,3152.2407542144233,4
WT,15,AD15,upshift +1',1,2.5,GS_unmodified,25207.88695772007,2529.0656600887,4
WT,15,AG15,upshift +1',1,2.5,GS_AMP,12002.673667066472,735.0606767139238,4
WT,16,I16,upshift + 2',2,2.5,GlnB_total,1895.5396039848706,120.86345635822582,4
WT,16,L16,upshift + 2',2,2.5,GlnB_unmodified,1141.707758613074,130.6458898045051,4
WT,16,O16,upshift + 2',2,2.5,GlnB_UMP,501.8343253008837,106.10065291382529,4
WT,16,R16,upshift + 2',2,2.5,GlnK_total,7511.488210140317,533.2153227856927,4
WT,16,U16,upshift + 2',2,2.5,GlnK_unmodified,4578.427244426409,295.57179267137786,4
WT,16,X16,upshift + 2',2,2.5,GlnK_UMP,3869.7805674747665,1209.905632513772,4
WT,16,AA16,upshift + 2',2,2.5,GS_total,33487.899321078265,934.0423972623619,4
WT,16,AD16,upshift + 2',2,2.5,GS_unmodified,22752.4630622688,2142.631660552291,4
WT,16,AG16,upshift + 2',2,2.5,GS_AMP,12135.348771925175,1654.780989978263,4
WT,16,AJ16,upshift + 2',2,2.5,aKG,267443.24558654317,108641.82966583085,5
WT,16,AM16,upshift + 2',2,2.5,glutamine,559132.8031142872,114838.24276880962,5
WT,17,I17,upshift +5',5,2.5,GlnB_total,2080.761999411546,233.85952983076862,4
WT,17,L17,upshift +5',5,2.5,GlnB_unmodified,1297.1732821053868,203.26761399306235,4
WT,17,O17,upshift +5',5,2.5,GlnB_UMP,518.3943963520085,193.76131153567007,4
WT,17,R17,upshift +5',5,2.5,GlnK_total,8107.073257245371,1021.1612069689838,4
WT,17,U17,upshift +5',5,2.5,GlnK_unmodified,4976.24267127735,463.05014513435304,4
WT,17,X17,upshift +5',5,2.5,GlnK_UMP,2955.691590945981,346.62297495087273,4
WT,17,AA17,upshift +5',5,2.5,GS_total,36831.465981070636,2871.269041307159,4
WT,17,AD17,upshift +5',5,2.5,GS_unmodified,25943.326043816578,3201.773490788529,4
WT,17,AG17,upshift +5',5,2.5,GS_AMP,13239.153177817992,2975.386804362941,4
WT,17,AJ17,upshift +5',5,2.5,aKG,423784.69919326005,190753.69772217615,5
WT,17,AM17,upshift +5',5,2.5,glutamine,1386311.8743824377,309777.7975496502,5
WT,18,I18,upshift +10',15,0,GlnB_total,2120.9651144569784,191.3574338686875,4
WT,18,L18,upshift +10',15,0,GlnB_unmodified,1354.133950343928,195.68968939117812,4
WT,18,O18,upshift +10',15,0,GlnB_UMP,784.9145692975501,235.18643292559705,4
WT,18,R18,upshift +10',15,0,GlnK_total,7438.554172688689,633.6748119548914,4
WT,18,U18,upshift +10',15,0,GlnK_unmodified,4759.390303757069,319.3359992979517,4
WT,18,X18,upshift +10',15,0,GlnK_UMP,2461.5752438358522,322.21170686753595,4
WT,18,AA18,upshift +10',15,0,GS_total,34388.5989187189,1728.1305306265538,4
WT,18,AD18,upshift +10',15,0,GS_unmodified,27948.534557307885,2909.9865777344994,4
WT,18,AG18,upshift +10',15,0,GS_AMP,7991.700332533039,2127.605328015883,4
WT,18,AJ18,upshift +10',15,0,aKG,613706.4261345605,180513.90959742875,5
WT,18,AM18,upshift +10',15,0,glutamine,443886.5515854879,102621.70814254851,5
WT,19,I19,upshift + 30',35,4,GlnB_total,2153.6688312788788,165.8576910774923,4
WT,19,L19,upshift + 30',35,4,GlnB_unmodified,1324.8898164787556,76.5658057138461,4
WT,19,O19,upshift + 30',35,4,GlnB_UMP,963.2695541380051,262.7254775153854,4
WT,19,R19,upshift + 30',35,4,GlnK_total,6813.375202085272,577.6168988857208,4
WT,19,U19,upshift + 30',35,4,GlnK_unmodified,4122.535374177539,517.6994544255733,4
WT,19,X19,upshift + 30',35,4,GlnK_UMP,2482.2485500908415,279.8014970186782,4
WT,19,AA19,upshift + 30',35,4,GS_total,30079.014167126257,1313.4586231276517,4
WT,19,AD19,upshift + 30',35,4,GS_unmodified,30929.24472253973,826.0156487641481,4
WT,19,AG19,upshift + 30',35,4,GS_AMP,2343.4547347033053,1339.0087674757506,4
WT,19,AJ19,upshift + 30',35,4,aKG,503151.24552005716,190716.84293371468,5
WT,19,AM19,upshift + 30',35,4,glutamine,278233.4648444293,97584.3415377557,5
delta_glnB,25,I25,entry log phase (OD600~0.15),-141.33333333333334,1.8559214542765652,GlnB_total,0,0,2
delta_glnB,25,L25,entry log phase (OD600~0.15),-141.33333333333334,1.8559214542765652,GlnB_unmodified,0,0,2
delta_glnB,25,O25,entry log phase (OD600~0.15),-141.33333333333334,1.8559214542765652,GlnB_UMP,0,0,2
delta_glnB,25,R25,entry log phase (OD600~0.15),-141.33333333333334,1.8559214542765652,GlnK_total,3460.2538988596193,260.0553358646008,2
delta_glnB,25,U25,entry log phase (OD600~0.15),-141.33333333333334,1.8559214542765652,GlnK_unmodified,1721.075384727002,107.1187796838026,2
delta_glnB,25,X25,entry log phase (OD600~0.15),-141.33333333333334,1.8559214542765652,GlnK_UMP,1776.7677450545675,96.31124071464416,2
delta_glnB,25,AA25,entry log phase (OD600~0.15),-141.33333333333334,1.8559214542765652,GS_total,38279.85431799863,na,1
delta_glnB,25,AD25,entry log phase (OD600~0.15),-141.33333333333334,1.8559214542765652,GS_unmodified,24951.37728560684,na,1
delta_glnB,25,AG25,entry log phase (OD600~0.15),-141.33333333333334,1.8559214542765652,GS_AMP,6196.349979678533,6196.349979678533,2
delta_glnB,26,I26,half point to run out (OD600~0.3),-98.66666666666667,3.8441875315569587,GlnB_total,0,0,3
delta_glnB,26,L26,half point to run out (OD600~0.3),-98.66666666666667,3.8441875315569587,GlnB_unmodified,0,0,3
delta_glnB,26,O26,half point to run out (OD600~0.3),-98.66666666666667,3.8441875315569587,GlnB_UMP,0,0,3
delta_glnB,26,R26,half point to run out (OD600~0.3),-98.66666666666667,3.8441875315569587,GlnK_total,4363.326201312283,159.3206021677843,3
delta_glnB,26,U26,half point to run out (OD600~0.3),-98.66666666666667,3.8441875315569587,GlnK_unmodified,1965.381660638889,136.22724425428513,3
delta_glnB,26,X26,half point to run out (OD600~0.3),-98.66666666666667,3.8441875315569587,GlnK_UMP,2500.9448782811573,242.9235885666672,3
delta_glnB,26,AA26,half point to run out (OD600~0.3),-98.66666666666667,3.8441875315569587,GS_total,53981.25465176956,1770.6477729144399,3
delta_glnB,26,AD26,half point to run out (OD600~0.3),-98.66666666666667,3.8441875315569587,GS_unmodified,41452.06561108931,6702.253765506015,3
delta_glnB,26,AG26,half point to run out (OD600~0.3),-98.66666666666667,3.8441875315569587,GS_AMP,18310.910386685344,3359.3093449524345,3
delta_glnB,26,AJ26,half point to run out (OD600~0.3),-98.66666666666667,3.8441875315569587,aKG,1216114.196418068,225343.69490207557,3
delta_glnB,26,AM26,half point to run out (OD600~0.3),-98.66666666666667,3.8441875315569587,glutamine,202302.61970781095,33746.037502077044,3
delta_glnB,27,I27,shortly before run out  (OD600~0.5),-68,4.932882862316247,GlnB_total,0,0,3
delta_glnB,27,L27,shortly before run out  (OD600~0.5),-68,4.932882862316247,GlnB_unmodified,0,0,3
delta_glnB,27,O27,shortly before run out  (OD600~0.5),-68,4.932882862316247,GlnB_UMP,0,0,3
delta_glnB,27,R27,shortly before run out  (OD600~0.5),-68,4.932882862316247,GlnK_total,5230.143047701255,196.36717658365703,3
delta_glnB,27,U27,shortly before run out  (OD600~0.5),-68,4.932882862316247,GlnK_unmodified,1979.9324503606433,256.5305281125782,3
delta_glnB,27,X27,shortly before run out  (OD600~0.5),-68,4.932882862316247,GlnK_UMP,2977.4408626312143,329.20774830006303,3
delta_glnB,27,AA27,shortly before run out  (OD600~0.5),-68,4.932882862316247,GS_total,60487.825132645004,2166.473080150667,3
delta_glnB,27,AD27,shortly before run out  (OD600~0.5),-68,4.932882862316247,GS_unmodified,46104.68916458892,4355.629510777449,3
delta_glnB,27,AG27,shortly before run out  (OD600~0.5),-68,4.932882862316247,GS_AMP,15182.134955302077,2627.9273916285597,3
delta_glnB,28,I28,run out  (OD600~0.6),-47.333333333333336,1.4529663145135754,GlnB_total,0,0,3
delta_glnB,28,L28,run out  (OD600~0.6),-47.333333333333336,1.4529663145135754,GlnB_unmodified,0,0,3
delta_glnB,28,O28,run out  (OD600~0.6),-47.333333333333336,1.4529663145135754,GlnB_UMP,0,0,3
delta_glnB,28,R28,run out  (OD600~0.6),-47.333333333333336,1.4529663145135754,GlnK_total,7881.339473721518,223.44065335372755,3
delta_glnB,28,U28,run out  (OD600~0.6),-47.333333333333336,1.4529663145135754,GlnK_unmodified,671.2136232235521,78.53836119438024,3
delta_glnB,28,X28,run out  (OD600~0.6),-47.333333333333336,1.4529663145135754,GlnK_UMP,6203.73189874559,266.48110126368255,3
delta_glnB,28,AA28,run out  (OD600~0.6),-47.333333333333336,1.4529663145135754,GS_total,67127.07984803048,1500.724747288197,3
delta_glnB,28,AD28,run out  (OD600~0.6),-47.333333333333336,1.4529663145135754,GS_unmodified,69725.29454216076,3462.506887793869,3
delta_glnB,28,AG28,run out  (OD600~0.6),-47.333333333333336,1.4529663145135754,GS_AMP,1190.6957033374483,284.61900584405873,3
delta_glnB,28,AJ28,run out  (OD600~0.6),-47.333333333333336,1.4529663145135754,aKG,5367777.433128519,1012511.8702288276,3
delta_glnB,28,AM28,run out  (OD600~0.6),-47.333333333333336,1.4529663145135754,glutamine,307851.7374582052,64711.104003513006,3
delta_glnB,29,I29,mid starved run out  (OD600~0.6),-22.333333333333332,1.4529663145135623,GlnB_total,0,0,3
delta_glnB,29,L29,mid starved run out  (OD600~0.6),-22.333333333333332,1.4529663145135623,GlnB_unmodified,0,0,3
delta_glnB,29,O29,mid starved run out  (OD600~0.6),-22.333333333333332,1.4529663145135623,GlnB_UMP,0,0,3
delta_glnB,29,R29,mid starved run out  (OD600~0.6),-22.333333333333332,1.4529663145135623,GlnK_total,10929.725553392069,262.92971036428526,3
delta_glnB,29,U29,mid starved run out  (OD600~0.6),-22.333333333333332,1.4529663145135623,GlnK_unmodified,743.6725679316387,134.45313187038914,3
delta_glnB,29,X29,mid starved run out  (OD600~0.6),-22.333333333333332,1.4529663145135623,GlnK_UMP,8697.011302917834,573.4708271674155,3
delta_glnB,29,AA29,mid starved run out  (OD600~0.6),-22.333333333333332,1.4529663145135623,GS_total,69631.13926120554,3499.1159883875803,3
delta_glnB,29,AD29,mid starved run out  (OD600~0.6),-22.333333333333332,1.4529663145135623,GS_unmodified,72166.02052212568,6433.426401483013,3
delta_glnB,29,AG29,mid starved run out  (OD600~0.6),-22.333333333333332,1.4529663145135623,GS_AMP,892.9522766888404,448.1333113273812,3
delta_glnB,30,I30,late starved run out  (OD600~0.6),-5,1.1547005383792517,GlnB_total,0,0,3
delta_glnB,30,L30,late starved run out  (OD600~0.6),-5,1.1547005383792517,GlnB_unmodified,0,0,3
delta_glnB,30,O30,late starved run out  (OD600~0.6),-5,1.1547005383792517,GlnB_UMP,0,0,3
delta_glnB,30,R30,late starved run out  (OD600~0.6),-5,1.1547005383792517,GlnK_total,12867.489593163933,305.6693591539984,3
delta_glnB,30,U30,late starved run out  (OD600~0.6),-5,1.1547005383792517,GlnK_unmodified,759.5054332621776,119.72256575720125,3
delta_glnB,30,X30,late starved run out  (OD600~0.6),-5,1.1547005383792517,GlnK_UMP,10157.438401908883,196.90569383762335,3
delta_glnB,30,AA30,late starved run out  (OD600~0.6),-5,1.1547005383792517,GS_total,69259.80480426872,1896.0641709176452,3
delta_glnB,30,AD30,late starved run out  (OD600~0.6),-5,1.1547005383792517,GS_unmodified,78124.0422915108,4709.917230041064,3
delta_glnB,30,AG30,late starved run out  (OD600~0.6),-5,1.1547005383792517,GS_AMP,763.9286753183751,359.3710090453587,3
delta_glnB,30,AJ30,late starved run out  (OD600~0.6),-5,1.1547005383792517,aKG,5472573.808043634,365652.2416939895,3
delta_glnB,30,AM30,late starved run out  (OD600~0.6),-5,1.1547005383792517,glutamine,224987.67056404534,9966.734985907571,3
delta_glnB,31,AJ31,upshift +30'',0.5,0,aKG,105126.58822886548,160881.4391509453,3
delta_glnB,31,AM31,upshift +30'',0.5,0,glutamine,6858219.250681892,574474.7613144567,3
delta_glnB,32,I32,upshift +1',1,0,GlnB_total,0,0,3
delta_glnB,32,L32,upshift +1',1,0,GlnB_unmodified,0,0,3
delta_glnB,32,O32,upshift +1',1,0,GlnB_UMP,0,0,3
delta_glnB,32,R32,upshift +1',1,0,GlnK_total,13740.91760814034,430.3802070509267,3
delta_glnB,32,U32,upshift +1',1,0,GlnK_unmodified,10969.766586805794,343.2480107460427,3
delta_glnB,32,X32,upshift +1',1,0,GlnK_UMP,3915.9584891202853,359.80515996148705,3
delta_glnB,32,AA32,upshift +1',1,0,GS_total,71716.4894491827,2332.807616234156,3
delta_glnB,32,AD32,upshift +1',1,0,GS_unmodified,25666.049241559493,1167.9254488093868,3
delta_glnB,32,AG32,upshift +1',1,0,GS_AMP,43122.564683493416,1038.7442073559516,3
delta_glnB,33,I33,upshift + 2',2,0,GlnB_total,0,0,3
delta_glnB,33,L33,upshift + 2',2,0,GlnB_unmodified,0,0,3
delta_glnB,33,O33,upshift + 2',2,0,GlnB_UMP,0,0,3
delta_glnB,33,R33,upshift + 2',2,0,GlnK_total,13973.257955766132,222.8355753986322,3
delta_glnB,33,U33,upshift + 2',2,0,GlnK_unmodified,10858.924696281896,374.00052207482,3
delta_glnB,33,X33,upshift + 2',2,0,GlnK_UMP,3519.267456443895,219.08573281670547,3
delta_glnB,33,AA33,upshift + 2',2,0,GS_total,72316.08570671717,1450.0284672568037,3
delta_glnB,33,AD33,upshift + 2',2,0,GS_unmodified,23438.824616532394,482.38479392644354,3
delta_glnB,33,AG33,upshift + 2',2,0,GS_AMP,44879.327605134975,1412.1687322947053,3
delta_glnB,33,AJ33,upshift + 2',2,0,aKG,101207.85423551286,304991.4571642327,3
delta_glnB,33,AM33,upshift + 2',2,0,glutamine,1905914.4903540302,101402.29137979682,3
delta_glnB,34,I34,upshift +5',5,0,GlnB_total,0,0,3
delta_glnB,34,L34,upshift +5',5,0,GlnB_unmodified,0,0,3
delta_glnB,34,O34,upshift +5',5,0,GlnB_UMP,0,0,3
delta_glnB,34,R34,upshift +5',5,0,GlnK_total,16284.855289464613,3300.350297253703,3
delta_glnB,34,U34,upshift +5',5,0,GlnK_unmodified,13345.149953295606,2933.0844742164713,3
delta_glnB,34,X34,upshift +5',5,0,GlnK_UMP,3193.0279109436196,510.36259452247396,3
delta_glnB,34,AA34,upshift +5',5,0,GS_total,86795.59402614478,19703.92322721626,3
delta_glnB,34,AD34,upshift +5',5,0,GS_unmodified,27526.027383970533,5520.19299409724,3
delta_glnB,34,AG34,upshift +5',5,0,GS_AMP,52226.08178863426,11046.095658051408,3
delta_glnB,34,AJ34,upshift +5',5,0,aKG,231741.16095737528,313033.86045311723,3
delta_glnB,34,AM34,upshift +5',5,0,glutamine,1274633.3377652483,459634.2933081231,3
delta_glnB,35,I35,upshift +10',10,0,GlnB_total,0,0,3
delta_glnB,35,L35,upshift +10',10,0,GlnB_unmodified,0,0,3
delta_glnB,35,O35,upshift +10',10,0,GlnB_UMP,0,0,3
delta_glnB,35,R35,upshift +10',10,0,GlnK_total,12199.179145720089,432.54718046918583,3
delta_glnB,35,U35,upshift +10',10,0,GlnK_unmodified,9910.487687552368,205.27072051292737,3
delta_glnB,35,X35,upshift +10',10,0,GlnK_UMP,2276.305751305574,281.3756372305283,3
delta_glnB,35,AA35,upshift +10',10,0,GS_total,62726.54173741154,1961.1734503240523,3
delta_glnB,35,AD35,upshift +10',10,0,GS_unmodified,31744.465709958164,1257.4203473592665,3
delta_glnB,35,AG35,upshift +10',10,0,GS_AMP,31578.68874617929,256.275023688614,3
delta_glnB,35,AJ35,upshift +10',10,0,aKG,606190.1890709541,373981.365332802,3
delta_glnB,35,AM35,upshift +10',10,0,glutamine,990666.3105131048,300951.1366792589,3
delta_glnB,36,I36,upshift + 30',30,0,GlnB_total,0,0,3
delta_glnB,36,L36,upshift + 30',30,0,GlnB_unmodified,0,0,3
delta_glnB,36,O36,upshift + 30',30,0,GlnB_UMP,0,0,3
delta_glnB,36,R36,upshift + 30',30,0,GlnK_total,9638.847740952104,131.12452454358782,3
delta_glnB,36,U36,upshift + 30',30,0,GlnK_unmodified,7370.679376547199,243.33176523471823,3
delta_glnB,36,X36,upshift + 30',30,0,GlnK_UMP,2623.318190156515,283.28146291303165,3
delta_glnB,36,AA36,upshift + 30',30,0,GS_total,53349.36965331857,1029.4744192132382,3
delta_glnB,36,AD36,upshift + 30',30,0,GS_unmodified,30919.929049043614,2349.1691991572034,3
delta_glnB,36,AG36,upshift + 30',30,0,GS_AMP,23716.315686909784,2409.769964127163,3
delta_glnB,36,AJ36,upshift + 30',30,0,aKG,407696.8344985636,124826.54529768837,3
delta_glnB,36,AM36,upshift + 30',30,0,glutamine,407173.04122692026,113956.510247994,3
delta_glnK,42,I42,entry log phase (OD600~0.15),-152.466666666667,4.907590492741288,GlnB_total,958.599057080343,206.2502834815232,3
delta_glnK,42,L42,entry log phase (OD600~0.15),-152.466666666667,4.907590492741288,GlnB_unmodified,245.29000802376967,51.609697571613395,3
delta_glnK,42,O42,entry log phase (OD600~0.15),-152.466666666667,4.907590492741288,GlnB_UMP,641.9311913838723,200.87574696030683,3
delta_glnK,42,R42,entry log phase (OD600~0.15),-152.466666666667,4.907590492741288,GlnK_total,0,0,3
delta_glnK,42,U42,entry log phase (OD600~0.15),-152.466666666667,4.907590492741288,GlnK_unmodified,0,0,3
delta_glnK,42,X42,entry log phase (OD600~0.15),-152.466666666667,4.907590492741288,GlnK_UMP,0,0,3
delta_glnK,42,AA42,entry log phase (OD600~0.15),-152.466666666667,4.907590492741288,GS_total,12367.339222307988,2461.976815736052,3
delta_glnK,42,AD42,entry log phase (OD600~0.15),-152.466666666667,4.907590492741288,GS_unmodified,12498.523918969518,3806.492073851672,3
delta_glnK,42,AG42,entry log phase (OD600~0.15),-152.466666666667,4.907590492741288,GS_AMP,932.794321972211,1264.323907648226,3
delta_glnK,43,I43,half point to run out (OD600~0.3),-113.066666666667,6.944862209656208,GlnB_total,1227.3691491488664,79.00365436696815,3
delta_glnK,43,L43,half point to run out (OD600~0.3),-113.066666666667,6.944862209656208,GlnB_unmodified,99.0202554483497,27.081207262496786,3
delta_glnK,43,O43,half point to run out (OD600~0.3),-113.066666666667,6.944862209656208,GlnB_UMP,1234.8617481800304,319.4746982473528,3
delta_glnK,43,R43,half point to run out (OD600~0.3),-113.066666666667,6.944862209656208,GlnK_total,0,0,3
delta_glnK,43,U43,half point to run out (OD600~0.3),-113.066666666667,6.944862209656208,GlnK_unmodified,0,0,3
delta_glnK,43,X43,half point to run out (OD600~0.3),-113.066666666667,6.944862209656208,GlnK_UMP,0,0,3
delta_glnK,43,AA43,half point to run out (OD600~0.3),-113.066666666667,6.944862209656208,GS_total,14559.076470981818,1175.497818008928,3
delta_glnK,43,AD43,half point to run out (OD600~0.3),-113.066666666667,6.944862209656208,GS_unmodified,14340.03831194496,1406.6281965548537,3
delta_glnK,43,AG43,half point to run out (OD600~0.3),-113.066666666667,6.944862209656208,GS_AMP,1400.480962336577,1022.8062438569683,3
delta_glnK,43,AJ43,half point to run out (OD600~0.3),-113.066666666667,6.944862209656208,aKG,1233604.03491037,341746.12561365205,3
delta_glnK,43,AM43,half point to run out (OD600~0.3),-113.066666666667,6.944862209656208,glutamine,346859.806535212,9911.317362158707,3
delta_glnK,44,I44,shortly before run out  (OD600~0.5),-84.66666666666667,6.106098954688238,GlnB_total,1491.7457289214442,219.06967978086047,3
delta_glnK,44,L44,shortly before run out  (OD600~0.5),-84.66666666666667,6.106098954688238,GlnB_unmodified,118.80367602973257,36.44183814958399,3
delta_glnK,44,O44,shortly before run out  (OD600~0.5),-84.66666666666667,6.106098954688238,GlnB_UMP,994.5991314191439,120.24499513924812,3
delta_glnK,44,R44,shortly before run out  (OD600~0.5),-84.66666666666667,6.106098954688238,GlnK_total,0,0,3
delta_glnK,44,U44,shortly before run out  (OD600~0.5),-84.66666666666667,6.106098954688238,GlnK_unmodified,0,0,3
delta_glnK,44,X44,shortly before run out  (OD600~0.5),-84.66666666666667,6.106098954688238,GlnK_UMP,0,0,3
delta_glnK,44,AA44,shortly before run out  (OD600~0.5),-84.66666666666667,6.106098954688238,GS_total,17602.6587550296,750.8913317744366,3
delta_glnK,44,AD44,shortly before run out  (OD600~0.5),-84.66666666666667,6.106098954688238,GS_unmodified,18054.312905684954,998.2700124035354,3
delta_glnK,44,AG44,shortly before run out  (OD600~0.5),-84.66666666666667,6.106098954688238,GS_AMP,750.1736213719349,319.2399811470744,3
delta_glnK,45,I45,run out  (OD600~0.6),-52.06666666666667,8.013599551872922,GlnB_total,1727.077220390817,449.57476727110344,3
delta_glnK,45,L45,run out  (OD600~0.6),-52.06666666666667,8.013599551872922,GlnB_unmodified,143.3624676209698,33.01253728590823,3
delta_glnK,45,O45,run out  (OD600~0.6),-52.06666666666667,8.013599551872922,GlnB_UMP,1276.7895599277115,440.38083229832466,3
delta_glnK,45,R45,run out  (OD600~0.6),-52.06666666666667,8.013599551872922,GlnK_total,0,0,3
delta_glnK,45,U45,run out  (OD600~0.6),-52.06666666666667,8.013599551872922,GlnK_unmodified,0,0,3
delta_glnK,45,X45,run out  (OD600~0.6),-52.06666666666667,8.013599551872922,GlnK_UMP,0,0,3
delta_glnK,45,AA45,run out  (OD600~0.6),-52.06666666666667,8.013599551872922,GS_total,34459.542424151914,3213.4866153066987,3
delta_glnK,45,AD45,run out  (OD600~0.6),-52.06666666666667,8.013599551872922,GS_unmodified,34137.39090118533,2139.4370725702106,3
delta_glnK,45,AG45,run out  (OD600~0.6),-52.06666666666667,8.013599551872922,GS_AMP,1426.4720603661374,869.0607273697706,3
delta_glnK,45,AJ45,run out  (OD600~0.6),-52.06666666666667,8.013599551872922,aKG,5524694.276773935,388037.0894804556,3
delta_glnK,45,AM45,run out  (OD600~0.6),-52.06666666666667,8.013599551872922,glutamine,264457.8214695679,7060.8310475314365,3
delta_glnK,46,I46,mid starved run out  (OD600~0.6),-25.26666666666667,0.9404490653110343,GlnB_total,1707.4001933713935,125.82554064320529,3
delta_glnK,46,L46,mid starved run out  (OD600~0.6),-25.26666666666667,0.9404490653110343,GlnB_unmodified,150.92366647017195,58.494427895010716,3
delta_glnK,46,O46,mid starved run out  (OD600~0.6),-25.26666666666667,0.9404490653110343,GlnB_UMP,1491.8283363780301,76.31786473844805,3
delta_glnK,46,R46,mid starved run out  (OD600~0.6),-25.26666666666667,0.9404490653110343,GlnK_total,0,0,3
delta_glnK,46,U46,mid starved run out  (OD600~0.6),-25.26666666666667,0.9404490653110343,GlnK_unmodified,0,0,3
delta_glnK,46,X46,mid starved run out  (OD600~0.6),-25.26666666666667,0.9404490653110343,GlnK_UMP,0,0,3
delta_glnK,46,AA46,mid starved run out  (OD600~0.6),-25.26666666666667,0.9404490653110343,GS_total,34992.10861380697,3574.742796546017,3
delta_glnK,46,AD46,mid starved run out  (OD600~0.6),-25.26666666666667,0.9404490653110343,GS_unmodified,35305.202117535795,3931.398640034831,3
delta_glnK,46,AG46,mid starved run out  (OD600~0.6),-25.26666666666667,0.9404490653110343,GS_AMP,2019.5249102356527,185.4840883572802,3
delta_glnK,47,I47,late starved run out  (OD600~0.6),-6.466666666666659,1.156623438193167,GlnB_total,1903.706165733587,153.9944680636483,3
delta_glnK,47,L47,late starved run out  (OD600~0.6),-6.466666666666659,1.156623438193167,GlnB_unmodified,133.3704082669179,47.25874656906394,3
delta_glnK,47,O47,late starved run out  (OD600~0.6),-6.466666666666659,1.156623438193167,GlnB_UMP,1507.7567036307973,188.80464208880517,3
delta_glnK,47,R47,late starved run out  (OD600~0.6),-6.466666666666659,1.156623438193167,GlnK_total,0,0,3
delta_glnK,47,U47,late starved run out  (OD600~0.6),-6.466666666666659,1.156623438193167,GlnK_unmodified,0,0,3
delta_glnK,47,X47,late starved run out  (OD600~0.6),-6.466666666666659,1.156623438193167,GlnK_UMP,0,0,3
delta_glnK,47,AA47,late starved run out  (OD600~0.6),-6.466666666666659,1.156623438193167,GS_total,39039.988523647065,5799.9878144289005,3
delta_glnK,47,AD47,late starved run out  (OD600~0.6),-6.466666666666659,1.156623438193167,GS_unmodified,40314.656929770776,5056.9017091872165,3
delta_glnK,47,AG47,late starved run out  (OD600~0.6),-6.466666666666659,1.156623438193167,GS_AMP,1977.8405884536162,476.8518841047283,3
delta_glnK,47,AJ47,late starved run out  (OD600~0.6),-6.466666666666659,1.156623438193167,aKG,3841801.8901864956,193728.04239709937,3
delta_glnK,47,AM47,late starved run out  (OD600~0.6),-6.466666666666659,1.156623438193167,glutamine,272411.3483600388,11211.491421409111,3
delta_glnK,48,I48,upshift +30'',0.5,0,GlnB_total,1623.6976556782429,294.15178125370886,3
delta_glnK,48,L48,upshift +30'',0.5,0,GlnB_unmodified,1527.9166448055566,278.18895165883777,3
delta_glnK,48,O48,upshift +30'',0.5,0,GlnB_UMP,463.6012120890544,10.10156436372828,3
delta_glnK,48,R48,upshift +30'',0.5,0,GlnK_total,0,0,3
delta_glnK,48,U48,upshift +30'',0.5,0,GlnK_unmodified,0,0,3
delta_glnK,48,X48,upshift +30'',0.5,0,GlnK_UMP,0,0,3
delta_glnK,48,AA48,upshift +30'',0.5,0,GS_total,36585.476670857766,697.7802256925264,3
delta_glnK,48,AD48,upshift +30'',0.5,0,GS_unmodified,24796.856557433217,864.6967025582848,3
delta_glnK,48,AG48,upshift +30'',0.5,0,GS_AMP,10774.459074152466,2186.1614252247564,3
delta_glnK,48,AJ48,upshift +30'',0.5,0,aKG,548093.8299241712,546634.2106845059,3
delta_glnK,48,AM48,upshift +30'',0.5,0,glutamine,7455732.308035753,755695.1480418817,3
delta_glnK,49,I49,upshift +1',1,0,GlnB_total,1712.683561466416,184.56504201902905,3
delta_glnK,49,L49,upshift +1',1,0,GlnB_unmodified,1769.1394956186498,325.30750876912975,3
delta_glnK,49,O49,upshift +1',1,0,GlnB_UMP,417.68619872943805,162.18773019532983,3
delta_glnK,49,R49,upshift +1',1,0,GlnK_total,0,0,3
delta_glnK,49,U49,upshift +1',1,0,GlnK_unmodified,0,0,3
delta_glnK,49,X49,upshift +1',1,0,GlnK_UMP,0,0,3
delta_glnK,49,AA49,upshift +1',1,0,GS_total,36530.52831493227,1560.3175287548563,3
delta_glnK,49,AD49,upshift +1',1,0,GS_unmodified,25663.9740102972,2241.047487076077,3
delta_glnK,49,AG49,upshift +1',1,0,GS_AMP,10855.310501714017,2048.1067922608217,3
delta_glnK,50,I50,upshift + 2',2,0,GlnB_total,1573.7003451333546,169.71611336450704,3
delta_glnK,50,L50,upshift + 2',2,0,GlnB_unmodified,1675.3579419648124,176.59952015234683,3
delta_glnK,50,O50,upshift + 2',2,0,GlnB_UMP,271.07412114751605,22.28489349781793,3
delta_glnK,50,R50,upshift + 2',2,0,GlnK_total,0,0,3
delta_glnK,50,U50,upshift + 2',2,0,GlnK_unmodified,0,0,3
delta_glnK,50,X50,upshift + 2',2,0,GlnK_UMP,0,0,3
delta_glnK,50,AA50,upshift + 2',2,0,GS_total,34961.74029445179,1553.1521010394715,3
delta_glnK,50,AD50,upshift + 2',2,0,GS_unmodified,21983.396813846473,1019.8883060648527,3
delta_glnK,50,AG50,upshift + 2',2,0,GS_AMP,12351.626034965297,2279.3608233219807,3
delta_glnK,50,AJ50,upshift + 2',2,0,aKG,44762.30785019727,44502.35980089736,3
delta_glnK,50,AM50,upshift + 2',2,0,glutamine,1304858.3977953217,98299.74216758834,3
delta_glnK,51,I51,upshift +5',5,0,GlnB_total,1720.8829860716748,304.7447861643268,3
delta_glnK,51,L51,upshift +5',5,0,GlnB_unmodified,1938.8159167393842,391.2559232596111,3
delta_glnK,51,O51,upshift +5',5,0,GlnB_UMP,353.7839427218676,33.39663683211107,3
delta_glnK,51,R51,upshift +5',5,0,GlnK_total,0,0,3
delta_glnK,51,U51,upshift +5',5,0,GlnK_unmodified,0,0,3
delta_glnK,51,X51,upshift +5',5,0,GlnK_UMP,0,0,3
delta_glnK,51,AA51,upshift +5',5,0,GS_total,35421.00208170717,557.5710828325283,3
delta_glnK,51,AD51,upshift +5',5,0,GS_unmodified,23645.002393245824,701.4615553917191,3
delta_glnK,51,AG51,upshift +5',5,0,GS_AMP,12331.459554308938,3045.92042266338,3
delta_glnK,51,AJ51,upshift +5',5,0,aKG,18047.994379140306,11337.264249619104,3
delta_glnK,51,AM51,upshift +5',5,0,glutamine,1845863.3624509724,413893.54245696723,3
delta_glnK,52,I52,upshift +10',10.53333333333334,0.26666666666666977,GlnB_total,1748.3829873658906,305.74295325772255,3
delta_glnK,52,L52,upshift +10',10.53333333333334,0.26666666666666977,GlnB_unmodified,2126.5977153818694,318.1381936768458,3
delta_glnK,52,O52,upshift +10',10.53333333333334,0.26666666666666977,GlnB_UMP,450.5293586787944,71.62449077164217,3
delta_glnK,52,R52,upshift +10',10.53333333333334,0.26666666666666977,GlnK_total,0,0,3
delta_glnK,52,U52,upshift +10',10.53333333333334,0.26666666666666977,GlnK_unmodified,0,0,3
delta_glnK,52,X52,upshift +10',10.53333333333334,0.26666666666666977,GlnK_UMP,0,0,3
delta_glnK,52,AA52,upshift +10',10.53333333333334,0.26666666666666977,GS_total,38448.488565177446,503.2246887604235,3
delta_glnK,52,AD52,upshift +10',10.53333333333334,0.26666666666666977,GS_unmodified,31661.196338851358,1817.4494926338307,3
delta_glnK,52,AG52,upshift +10',10.53333333333334,0.26666666666666977,GS_AMP,10556.11597753127,253.85889538653728,3
delta_glnK,52,AJ52,upshift +10',10.53333333333334,0.26666666666666977,aKG,97692.04784206397,35045.33930148214,3
delta_glnK,52,AM52,upshift +10',10.53333333333334,0.26666666666666977,glutamine,1193836.7997356753,232973.2301955712,3
delta_glnK,53,I53,upshift + 30',25.933333333333337,3.4839313681210435,GlnB_total,2412.2073544082814,356.67618398076394,3
delta_glnK,53,L53,upshift + 30',25.933333333333337,3.4839313681210435,GlnB_unmodified,1589.8471449473545,268.82629584833063,3
delta_glnK,53,O53,upshift + 30',25.933333333333337,3.4839313681210435,GlnB_UMP,1325.0921995483895,185.8652993799225,3
delta_glnK,53,R53,upshift + 30',25.933333333333337,3.4839313681210435,GlnK_total,0,0,3
delta_glnK,53,U53,upshift + 30',25.933333333333337,3.4839313681210435,GlnK_unmodified,0,0,3
delta_glnK,53,X53,upshift + 30',25.933333333333337,3.4839313681210435,GlnK_UMP,0,0,3
delta_glnK,53,AA53,upshift + 30',25.933333333333337,3.4839313681210435,GS_total,44015.07831695938,2372.0718000597867,3
delta_glnK,53,AD53,upshift + 30',25.933333333333337,3.4839313681210435,GS_unmodified,43444.79802531231,2524.416972234544,3
delta_glnK,53,AG53,upshift + 30',25.933333333333337,3.4839313681210435,GS_AMP,3281.0613091290084,589.7480348396019,3
delta_glnK,53,AJ53,upshift + 30',25.933333333333337,3.4839313681210435,aKG,232435.1147653667,14550.793464045375,3
delta_glnK,53,AM53,upshift + 30',25.933333333333337,3.4839313681210435,glutamine,581189.5241345202,92714.05406131208,3
