G_mM,EGP_reference,EGP_tradeoff,EGP_a2low,EGP_a2high,rate_ratio_reference,rate_ratio_tradeoff,rate_ratio_a2low,rate_ratio_a2high
2.000000000000000042e-02,4.845638046620853213e-03,1.215828108862053013e-03,4.341531823913869458e-03,5.241103861346086898e-03,1.000000000000000000e+00,1.003647484326586126e+00,8.959670082955274450e-01,1.081612743444800850e+00
2.041862825386872235e-02,4.946547035325155918e-03,1.241241653999072478e-03,4.431991139443411387e-03,5.350202671891632691e-03,1.000000000000000000e+00,1.003723724961997243e+00,8.959767506086352418e-01,1.081603517298798556e+00
2.084601898848430224e-02,5.049546433368917384e-03,1.267185642899870375e-03,4.524326419880999282e-03,5.461559630958297273e-03,1.000000000000000000e+00,1.003801556928699545e+00,8.959866949599458730e-01,1.081594100188221663e+00
2.128235561494747075e-02,5.154679082833335362e-03,1.293671115286860063e-03,4.618576197780143930e-03,5.575220937673259006e-03,1.000000000000000000e+00,1.003881013345860662e+00,8.959968454993487708e-01,1.081584488206153827e+00
2.172782538341240868e-02,5.261988684380361839e-03,1.320709339294131191e-03,4.714779781517297597e-03,5.691233713621018583e-03,1.000000000000000000e+00,1.003962128017882316e+00,8.960072064602887520e-01,1.081574677367669990e+00
2.218261946344353072e-02,5.371519813638937421e-03,1.348311816136238926e-03,4.812977270252652255e-03,5.809646020304030933e-03,1.000000000000000000e+00,1.004044935448408893e+00,8.960177821613767302e-01,1.081564663608358901e+00
2.264693302605431252e-02,5.483317937869061631e-03,1.376490284870013174e-03,4.913209569151414345e-03,5.930506876893024658e-03,1.000000000000000000e+00,1.004129470854609796e+00,8.960285770080286261e-01,1.081554442782821646e+00
2.312096532746325817e-02,5.597429432906805141e-03,1.405256727251130537e-03,5.015518404868773983e-03,6.053866278269977134e-03,1.000000000000000000e+00,1.004215770181753342e+00,8.960395954941341445e-01,1.081544010663148203e+00
2.360491979460301731e-02,5.713901600393435885e-03,1.434623372687228405e-03,5.119946341301901890e-03,6.179775213366691701e-03,1.000000000000000000e+00,1.004303870118061548e+00,8.960508422037516407e-01,1.081533362937362686e+00
2.409900411241931023e-02,5.832782685291742521e-03,1.464602703289368760e-03,5.226536795612218844e-03,6.308285683801873045e-03,1.000000000000000000e+00,1.004393808109868003e+00,8.960623218128346279e-01,1.081522495207850820e+00
2.460343031299716890e-02,5.954121893692608351e-03,1.495207459023691152e-03,5.335334054521213669e-03,6.439450722819519725e-03,1.000000000000000000e+00,1.004485622377071286e+00,8.960740390909873732e-01,1.081511402989756787e+00
2.511841486655270669e-02,6.077969410914814234e-03,1.526450642965113385e-03,5.446383290882991259e-03,6.573324414531334786e-03,1.000000000000000000e+00,1.004579351928895248e+00,8.960859989032486927e-01,1.081500081709355410e+00
2.564417877432947218e-02,6.204376419901018631e-03,1.558345526654981604e-03,5.559730580536758997e-03,6.709961913465869315e-03,1.000000000000000000e+00,1.004675036579965042e+00,8.960982062119076108e-01,1.081488526702401032e+00
2.618094766343921284e-02,6.333395119912752814e-03,1.590905655564584052e-03,5.675422919442376680e-03,6.849419464426889127e-03,1.000000000000000000e+00,1.004772716966693569e+00,8.961106660783478839e-01,1.081476733212445529e+00
2.672895188368790836e-02,6.465078745527317802e-03,1.624144854666500874e-03,5.793508241102137551e-03,6.991754422663551058e-03,1.000000000000000000e+00,1.004872434563999439e+00,8.961233836649264983e-01,1.081464696389135227e+00
2.728842660642837384e-02,6.599481585939176442e-03,1.658077234115753248e-03,5.914035434271755487e-03,7.137025274354615381e-03,1.000000000000000000e+00,1.004974231702347121e+00,8.961363642368775917e-01,1.081452411286475179e+00
2.785961192548206539e-02,6.736659004568589307e-03,1.692717195042777118e-03,6.037054360963632280e-03,7.285291657409069185e-03,1.000000000000000000e+00,1.005078151585128587e+00,8.961496131642542329e-01,1.081439872861074569e+00
2.844275296017330021e-02,6.876667458979994138e-03,1.728079435460269826e-03,6.162615874745344495e-03,7.436614382585241510e-03,1.000000000000000000e+00,1.005184238306380706e+00,8.961631359238994010e-01,1.081427075970357254e+00
2.903809996052013689e-02,7.019564521112587815e-03,1.764178956285975897e-03,6.290771839336222609e-03,7.591055454930415586e-03,1.000000000000000000e+00,1.005292536868857889e+00,8.961769381014460523e-01,1.081414015370749437e+00
2.964590841462702922e-02,7.165408897825466597e-03,1.801031067483521405e-03,6.421575147504872579e-03,7.748678095542842030e-03,1.000000000000000000e+00,1.005403093202450471e+00,8.961910253933547121e-01,1.081400685715840027e+00
3.026643915832541096e-02,7.314260451759558093e-03,1.838651394323443647e-03,6.555079740270379832e-03,7.909546763657864313e-03,1.000000000000000000e+00,1.005515954182970129e+00,8.962054036089805997e-01,1.081387081554513241e+00
3.089995848710909085e-02,7.466180222518426640e-03,1.877055883766561538e-03,6.691340626409833341e-03,8.073727179059679571e-03,1.000000000000000000e+00,1.005631167651299895e+00,8.962200786726751689e-01,1.081373197329051017e+00
3.154673827041281492e-02,7.621230448170008588e-03,1.916260810971913029e-03,6.830413902274818684e-03,8.241286344820245718e-03,1.000000000000000000e+00,1.005748782432915656e+00,8.962350566259180695e-01,1.081359027373213877e+00
3.220705606828263429e-02,7.779474587071027840e-03,1.956282785931465901e-03,6.972356771919286170e-03,8.412292570366422528e-03,1.000000000000000000e+00,1.005868848357794443e+00,8.962503436294889658e-01,1.081344565910285827e+00
3.288119525048849301e-02,7.940977340015887079e-03,1.997138760233885257e-03,7.117227567541246913e-03,8.586815494876526289e-03,1.000000000000000000e+00,1.005991416280701767e+00,8.962659459656648897e-01,1.081329807051098824e+00
3.356944511812991194e-02,8.105804672711434608e-03,2.038846033959615476e-03,7.265085770240490431e-03,8.764926111006977189e-03,1.000000000000000000e+00,1.006116538101879065e+00,8.962818700404582284e-01,1.081314744792026161e+00
3.427210102778715378e-02,8.274023838579183665e-03,2.081422262709652950e-03,7.415992031094587565e-03,8.946696788949834792e-03,1.000000000000000000e+00,1.006244266788129060e+00,8.962981223858867974e-01,1.081299373012945653e+00
3.498946451827090326e-02,8.445703401885924430e-03,2.124885464770302507e-03,7.570008192555072180e-03,9.132201300821471412e-03,1.000000000000000000e+00,1.006374656394311007e+00,8.963147096622752219e-01,1.081283685475179723e+00
3.572184344002516526e-02,8.620913261203934363e-03,2.169254028416354573e-03,7.727197310165805251e-03,9.321514845382655734e-03,1.000000000000000000e+00,1.006507762085248947e+00,8.963316386605983954e-01,1.081267675819403751e+00
3.646955208723864222e-02,8.799724673201496372e-03,2.214546719355073735e-03,7.887623674605227439e-03,9.514714073089902691e-03,1.000000000000000000e+00,1.006643640158065178e+00,8.963489163048518060e-01,1.081251337563528425e+00
3.723291133272139258e-02,8.982210276764282519e-03,2.260782688313444679e-03,8.051352834054049251e-03,9.711877111477751345e-03,1.000000000000000000e+00,1.006782348064940491e+00,8.963665496544621636e-01,1.081234664100551912e+00
3.801224876560469618e-02,9.168444117448012673e-03,2.307981478771166991e-03,8.218451616889875869e-03,9.913083590871346260e-03,1.000000000000000000e+00,1.006923944436313612e+00,8.963845459067311117e-01,1.081217648696385147e+00
3.880789883192312106e-02,9.358501672262493909e-03,2.356163034841891619e-03,8.388988154709953182e-03,1.011841467042838040e-02,1.000000000000000000e+00,1.007068489104525399e+00,8.964029123993141335e-01,1.081200284487652263e+00
3.962020297813921565e-02,9.552459874786872404e-03,2.405347709305255110e-03,8.563031905683157405e-03,1.032795306450919222e-02,1.000000000000000000e+00,1.007216043127915572e+00,8.964216566127379826e-01,1.081182564479457708e+00
4.044950979767234639e-02,9.750397140615738728e-03,2.455556271792262539e-03,8.740653678232034041e-03,1.054178306937342616e-02,1.000000000000000000e+00,1.007366668815376398e+00,8.964407861729475346e-01,1.081164481543129163e+00
4.129617518049463060e-02,9.952393393135354482e-03,2.506809917126631617e-03,8.921925655045586170e-03,1.075999059020137268e-02,1.000000000000000000e+00,1.007520429751380009e+00,8.964603088538950493e-01,1.081146028413934923e+00
4.216056246585798972e-02,1.015853008962904098e-02,2.559130273824707005e-03,9.106921417423197163e-03,1.098266316843766154e-02,1.000000000000000000e+00,1.007677390821474006e+00,8.964802325801598526e-01,1.081127197688766639e+00
4.304304259821825629e-02,1.036889024771046365e-02,2.612539412756634521e-03,9.295715969949974039e-03,1.120989000945479819e-02,1.000000000000000000e+00,1.007837618238270005e+00,8.965005654296077653e-01,1.081107981823805630e+00
4.394399428642270511e-02,1.058355847208309816e-02,2.667059855971438964e-03,9.488385765503331085e-03,1.144176201053331149e-02,1.000000000000000000e+00,1.008001179567914463e+00,8.965213156360810620e-01,1.081088373132151226e+00
4.486380416622981482e-02,1.080262098162397891e-02,2.722714585688745977e-03,9.685008730590610737e-03,1.167837178915521329e-02,1.000000000000000000e+00,1.008168143757066204e+00,8.965424915921325066e-01,1.081068363781433117e+00
4.580286696623066256e-02,1.102616563678938434e-02,2.779527053459885343e-03,9.885664291017079094e-03,1.191981371160675228e-02,1.000000000000000000e+00,1.008338581160379555e+00,8.965641018517839234e-01,1.081047945791387521e+00
4.676158567724340853e-02,1.125428196733968891e-02,2.837521189501132201e-03,1.009043339788347031e-02,1.216618392188620681e-02,1.000000000000000000e+00,1.008512563568503273e+00,8.965861551333309531e-01,1.081027111031418242e+00
4.774037172525325001e-02,1.148706120038029029e-02,2.896721412201883842e-03,1.029939855391180659e-02,1.241758037091174327e-02,1.000000000000000000e+00,1.008690164236605735e+00,8.966086603221750106e-01,1.081005851218120650e+00
4.873964514797256981e-02,1.172459628871510250e-02,2.957152637810604463e-03,1.051264384009806090e-02,1.267410284602412535e-02,1.000000000000000000e+00,1.008871457913431469e+00,8.966316264736940989e-01,1.080984157912790566e+00
4.975983477509641345e-02,1.196698193950851939e-02,3.018840290301352466e-03,1.073025494268976289e-02,1.293585300077833462e-02,1.000000000000000000e+00,1.009056520870903917e+00,8.966550628161515935e-01,1.080962022518904719e+00
5.080137841233114265e-02,1.221431464325153059e-02,3.081810311423792935e-03,1.095231918048630675e-02,1.320293438501767003e-02,1.000000000000000000e+00,1.009245430934271548e+00,8.966789787536313394e-01,1.080939436279575450e+00
5.186472302927505607e-02,1.246669270302692110e-02,3.146089170939548024e-03,1.117892553245941438e-02,1.347545247522336474e-02,1.000000000000000000e+00,1.009438267512818621e+00,8.967033838690164904e-01,1.080916390274985650e+00
5.295032495123156574e-02,1.272421626406823429e-02,3.211703877047836046e-03,1.141016466569074600e-02,1.375351470513210515e-02,1.000000000000000000e+00,1.009635111631143278e+00,8.967282879269959928e-01,1.080892875419800392e+00
5.405865005503733556e-02,1.298698734360642128e-02,3.278681987003297105e-03,1.164612896362322500e-02,1.403723049661321533e-02,1.000000000000000000e+00,1.009836045961010065e+00,8.967537008771085949e-01,1.080868882460553015e+00
5.519017396898935612e-02,1.325510986099768043e-02,3.347051617928979012e-03,1.188691255462226773e-02,1.432671129079664089e-02,1.000000000000000000e+00,1.010041154853787093e+00,8.967796328568166109e-01,1.080844401973014124e+00
5.634538227695683188e-02,1.352868966812540916e-02,3.416841457827452487e-03,1.213261134084264205e-02,1.462207057944217049e-02,1.000000000000000000e+00,1.010250524373482284e+00,8.968060941946187636e-01,1.080819424359540371e+00
5.752477072676522724e-02,1.380783458006849644e-02,3.488080776793030247e-03,1.238332302739608357e-02,1.492342393653960098e-02,1.000000000000000000e+00,1.010464242330378903e+00,8.968330954131878974e-01,1.080793939846400598e+00
5.872884544294243447e-02,1.409265440602763125e-02,3.560799438428115769e-03,1.263914715181451570e-02,1.523088905012884471e-02,1.000000000000000000e+00,1.010682398315283947e+00,8.968606472325444390e-01,1.080767938481083767e+00
5.995812314391767844e-02,1.438326098050062701e-02,3.635027911466678485e-03,1.290018511380300152e-02,1.554458575432819505e-02,1.000000000000000000e+00,1.010905083734400023e+00,8.968887605732642765e-01,1.080741410129592683e+00
6.121313136376687475e-02,1.467976819469703383e-02,3.710797281607895043e-03,1.316654020527608174e-02,1.586463606155813152e-02,1.000000000000000000e+00,1.011132391844823619e+00,8.969174465597083978e-01,1.080714344473717503e+00
6.249440867859939325e-02,1.498229202818164053e-02,3.788139263563001548e-03,1.343831764067059988e-02,1.619116419494726414e-02,1.000000000000000000e+00,1.011364417790688641e+00,8.969467165232909434e-01,1.080686731008295487e+00
6.380250493768344078e-02,1.529095058073571059e-02,3.867086213318399451e-03,1.371562458752750499e-02,1.652429662090612247e-02,1.000000000000000000e+00,1.011601258639954759e+00,8.969765820057727934e-01,1.080658559038457645e+00
6.513798149940908111e-02,1.560586410442395960e-02,3.947671140618071693e-03,1.399857019733443189e-02,1.686416208185350513e-02,1.000000000000000000e+00,1.011843013421854343e+00,8.970070547625818014e-01,1.080629817676859172e+00
6.650141147219060245e-02,1.592715503585465445e-02,4.029927721668389098e-03,1.428726563662040955e-02,1.721089162907944031e-02,1.000000000000000000e+00,1.012089783165005086e+00,8.970381467661621144e-01,1.080600495840900566e+00
6.789337996041103218e-02,1.625494802861904287e-02,4.113890312068344511e-03,1.458182411829302659e-02,1.756461865572741740e-02,1.000000000000000000e+00,1.012341670936204974e+00,8.970698702093505839e-01,1.080570582249941403e+00
6.931448431551465172e-02,1.658936998589583336e-02,4.199593959968293821e-03,1.488236093320804282e-02,1.792547892987789160e-02,1.000000000000000000e+00,1.012598781879904930e+00,8.971022375087738254e-01,1.080540065422497031e+00
7.076533439235538347e-02,1.693055009320519610e-02,4.287074419460276502e-03,1.518899348196046765e-02,1.829361062771390004e-02,1.000000000000000000e+00,1.012861223258380683e+00,8.971352613082742566e-01,1.080508933673439476e+00
7.224655281091077463e-02,1.727861985129608424e-02,4.376368164202953590e-03,1.550184130688540482e-02,1.866915436674843401e-02,1.000000000000000000e+00,1.013129104492608734e+00,8.971689544823567841e-01,1.080477175111184795e+00
7.375877522347405735e-02,1.763371310914948684e-02,4.467512401284231410e-03,1.582102612425621488e-02,1.905225323909227539e-02,1.000000000000000000e+00,1.013402537203852649e+00,8.972033301396554750e-01,1.080444777634879339e+00
7.530265058743897122e-02,1.799596609707930506e-02,4.560545085324604203e-03,1.614667185666669030e-02,1.944305284473965556e-02,1.000000000000000000e+00,1.013681635255974101e+00,8.972384016264207673e-01,1.080411728931585991e+00
7.687884144379426854e-02,1.836551745991147830e-02,4.655504932824235803e-03,1.647890466558299405e-02,1.984170132484803020e-02,1.000000000000000000e+00,1.013966514798472884e+00,8.972741825300261098e-01,1.080378016473469538e+00
7.848802420144759817e-02,1.874250829022090781e-02,4.752431436756817881e-03,1.681785298405039097e-02,2.024834939498690312e-02,1.000000000000000000e+00,1.014257294310270341e+00,8.973106866824903660e-01,1.080343627514983140e+00
8.013088942750049015e-02,1.912708216160446256e-02,4.851364881413150303e-03,1.716364754953864438e-02,2.066315037832940071e-02,1.000000000000000000e+00,1.014554094644239512e+00,8.973479281640142080e-01,1.080308549090066128e+00
8.180814214359959091e-02,1.951938516196746742e-02,4.952346357497462020e-03,1.751642143690924913e-02,2.108626023875901159e-02,1.000000000000000000e+00,1.014857039072492473e+00,8.973859213065331630e-01,1.080272768009338691e+00
8.352050212849054800e-02,1.991956592679945334e-02,5.055417777479373834e-03,1.787631009148632141e-02,2.151783761386228885e-02,1.000000000000000000e+00,1.015166253332438151e+00,8.974246806972754342e-01,1.080236270857315661e+00
8.526870422690502327e-02,2.032777567241402308e-02,5.160621891204420809e-03,1.824345136221227140e-02,2.195804384777720261e-02,1.000000000000000000e+00,1.015481865673613315e+00,8.974642211823348203e-01,1.080199043989625851e+00
8.705349866491290944e-02,2.074416822912624955e-02,5.268002301766007076e-03,1.861798553486806659e-02,2.240704302386516134e-02,1.000000000000000000e+00,1.015804006905298484e+00,8.975045578702512961e-01,1.080161073530252480e+00
8.887565137187568298e-02,2.116890007433969850e-02,5.377603481641644000e-03,1.900005536533690489e-02,2.286500199717320797e-02,1.000000000000000000e+00,1.016132810444924539e+00,8.975457061355870403e-01,1.080122345368783376e+00
9.073594430913835274e-02,2.160213036551369287e-02,5.489470789096225628e-03,1.938980611288880843e-02,2.333209042665139801e-02,1.000000000000000000e+00,1.016468412367288687e+00,8.975876816225166754e-01,1.080082845157691596e+00
9.263517580560154396e-02,2.204402097298019739e-02,5.603650484855096127e-03,1.978738557346264651e-02,2.380848080708869094e-02,1.000000000000000000e+00,1.016810951454565126e+00,8.976305002484096240e-01,1.080042558309630918e+00
9.457416090031758871e-02,2.249473651257793624e-02,5.720189749049598912e-03,2.019294411292062857e-02,2.429434850072903843e-02,1.000000000000000000e+00,1.017160569247148594e+00,8.976741782074105780e-01,1.080001469994763097e+00
9.655373169225756058e-02,2.295444437807013516e-02,5.839136698437710424e-03,2.060663470024923921e-02,2.478987176852768745e-02,1.000000000000000000e+00,1.017517410095313046e+00,8.977187319740176363e-01,1.079959565138115751e+00
9.857473769739949487e-02,2.342331477331047532e-02,5.960540403902348482e-03,2.102861294067902287e-02,2.529523180100584634e-02,1.000000000000000000e+00,1.017881621211706999e+00,8.977641783066468983e-01,1.079916828416971564e+00
1.006380462132909909e-01,2.390152074412029565e-02,6.084450908229801190e-03,2.145903710869451891e-02,2.581061274866019301e-02,1.000000000000000000e+00,1.018253352724689309e+00,8.978105342511888409e-01,1.079873244258297893e+00
1.027445426912424603e-01,2.438923820983838336e-02,6.210919244170707600e-03,2.189806818090390614e-02,2.633620175188164381e-02,1.000000000000000000e+00,1.018632757732512273e+00,8.978578171445485978e-01,1.079828796836216132e+00
1.048951311163112132e-01,2.488664599450308990e-02,6.339997452785923332e-03,2.234586986873677780e-02,2.687218897033615342e-02,1.000000000000000000e+00,1.019019992358357607e+00,8.979060446181653665e-01,1.079783470069515472e+00
1.070907343952388208e-01,2.539392585762451429e-02,6.471738602079478604e-03,2.280260865093669542e-02,2.741876761175807142e-02,1.000000000000000000e+00,1.019415215806238617e+00,8.979552346015150510e-01,1.079737247619221518e+00
1.093322947525087047e-01,2.591126252450285869e-02,6.606196805920773636e-03,2.326845380581371928e-02,2.797613396010478065e-02,1.000000000000000000e+00,1.019818590417762350e+00,8.980054053255804858e-01,1.079690112886212416e+00
1.116207741346938592e-01,2.643884371604717995e-02,6.743427243258071427e-03,2.374357744322055583e-02,2.854448740301918433e-02,1.000000000000000000e+00,1.020230281729774369e+00,8.980565753262985673e-01,1.079642049008897375e+00
1.139571546232679422e-01,2.697686017804660358e-02,6.883486177625133644e-03,2.422815453621411652e-02,2.912403045854446149e-02,1.000000000000000000e+00,1.020650458532875504e+00,8.981087634479661963e-01,1.079593038860956700e+00
1.163424388560572870e-01,2.752550570984455686e-02,7.026430976942892211e-03,2.472236295236287726e-02,2.971496880103355331e-02,1.000000000000000000e+00,1.021079292930828775e+00,8.981619888466163548e-01,1.079543065049152872e+00
1.187776504575142611e-01,2.808497719236393089e-02,7.172320133617723047e-03,2.522638348465823521e-02,3.031751128619315436e-02,1.000000000000000000e+00,1.021516960400853380e+00,8.982162709933434463e-01,1.079492109911210029e+00
1.212638344779971844e-01,2.865547461542972130e-02,7.321213284937944793e-03,2.574039988198680018e-02,3.093186997520052176e-02,1.000000000000000000e+00,1.021963639854813533e+00,8.982716296775874465e-01,1.079440155513776034e+00
1.238020578422446560e-01,2.923720110433286959e-02,7.473171233769850506e-03,2.626459887911823318e-02,3.155826015782817878e-02,1.000000000000000000e+00,1.022419513701309457e+00,8.983280850103635418e-01,1.079387183650466930e+00
1.263934098072373446e-01,2.983036294557739332e-02,7.628255969554531730e-03,2.679917022616145131e-02,3.219690037450990278e-02,1.000000000000000000e+00,1.022884767908663228e+00,8.983856574274318163e-01,1.079333175839999770e+00
1.290390024296431959e-01,3.043516961175038102e-02,7.786530689606550523e-03,2.734430671744035937e-02,3.284801243727878545e-02,1.000000000000000000e+00,1.023359592068819657e+00,8.984443676924113165e-01,1.079278113324423582e+00
1.317399710430473547e-01,3.105183378545237766e-02,7.948059820715357160e-03,2.790020421973785775e-02,3.351182144950568681e-02,1.000000000000000000e+00,1.023844179462145787e+00,8.985042368998172879e-01,1.079221977067447602e+00
1.344974747451706809e-01,3.168057138222293845e-02,8.112909041050086686e-03,2.846706169985496401e-02,3.418855582436385043e-02,1.000000000000000000e+00,1.024338727123150328e+00,8.985652864780343529e-01,1.079164747752884068e+00
1.373126968952868843e-01,3.232160157239452603e-02,8.281145302368321526e-03,2.904508125143000913e-02,3.487844730194310239e-02,1.000000000000000000e+00,1.024843435907104805e+00,8.986275381921990935e-01,1.079106405783194500e+00
1.401868456220508041e-01,3.297514680180448771e-02,8.452836852529007489e-03,2.963446812096015917e-02,3.558173096493431886e-02,1.000000000000000000e+00,1.025358510557587310e+00,8.986910141470084712e-01,1.079046931278170751e+00
1.431211543419569632e-01,3.364143281129362839e-02,8.628053258309674109e-03,3.023543073296615716e-02,3.629864525280246390e-02,1.000000000000000000e+00,1.025884159774929305e+00,8.987557367894253302e-01,1.078986304073731084e+00
1.461168822886494412e-01,3.432068865491615106e-02,8.806865428527722514e-03,3.084818071423789734e-02,3.702943197436348033e-02,1.000000000000000000e+00,1.026420596285583020e+00,8.988217289112919728e-01,1.078924503720857464e+00
1.491753150533113859e-01,3.501314671678413398e-02,8.989345637465376640e-03,3.147293291709706703e-02,3.777433631867821440e-02,1.000000000000000000e+00,1.026968036912395910e+00,8.988890136518347118e-01,1.078861509484677628e+00
1.522977651363655593e-01,3.571904272646672651e-02,9.175567548597638595e-03,3.210990544161014537e-02,3.853360686417317549e-02,1.000000000000000000e+00,1.027526702645792822e+00,8.989576145000570673e-01,1.078797300343688814e+00
1.554855725107228415e-01,3.643861577286180292e-02,9.365606238622255914e-03,3.275931965668301554e-02,3.930749558589599624e-02,1.000000000000000000e+00,1.028096818715866778e+00,8.990275552970100614e-01,1.078731854989146921e+00
1.587401051968199694e-01,3.717210831645474667e-02,9.559538221790449958e-03,3.342140021996559823e-02,4.009625786080985022e-02,1.000000000000000000e+00,1.028678614665371249e+00,8.990988602379367256e-01,1.078665151824619306e+00
1.620627598496940658e-01,3.791976619987729585e-02,9.757441474536894532e-03,3.409637509649313114e-02,4.090015247102929408e-02,1.000000000000000000e+00,1.029272324423610829e+00,8.991715538742817149e-01,1.078597168965710562e+00
1.654549623583452256e-01,3.868183865667556426e-02,9.959395460407010486e-03,3.478447557598724621e-02,4.171944160489617776e-02,1.000000000000000000e+00,1.029878186381221195e+00,8.992456611155498214e-01,1.078527884239969925e+00
1.689181684576446518e-01,3.945857831819438860e-02,1.016548115527938882e-02,3.548593628873840389e-02,4.255439085579255237e-02,1.000000000000000000e+00,1.030496443465838352e+00,8.993212072310220462e-01,1.078457275186994746e+00
1.724538643530509896e-01,4.025024121848223141e-02,1.037578107288076798e-02,3.620099521998782627e-02,4.340526921858370302e-02,1.000000000000000000e+00,1.031127343218642300e+00,8.993982178512992531e-01,1.078385319058727365e+00
1.760635673584025340e-01,4.105708679711790599e-02,1.059037929059061106e-02,3.692989372272521831e-02,4.427234908358267801e-02,1.000000000000000000e+00,1.031771137871771771e+00,8.994767189696856180e-01,1.078311992819969589e+00
1.797488265470598423e-01,4.187937789985798909e-02,1.080936147553197314e-02,3.767287652881506216e-02,4.515590622792396008e-02,1.000000000000000000e+00,1.032428084426595616e+00,8.995567369433825622e-01,1.078237273149109443e+00
1.835112234166771938e-01,4.271738077700046321e-02,1.103281491094486658e-02,3.843019175836236839e-02,4.605621980423177386e-02,1.000000000000000000e+00,1.033098444732834409e+00,8.996382984945002770e-01,1.078161136439081069e+00
1.873523725678890306e-01,4.357136507935818748e-02,1.126082852283801471e-02,3.920209092722554828e-02,4.697357232646575537e-02,1.000000000000000000e+00,1.033782485568514042e+00,8.997214307108643006e-01,1.078083558798559549e+00
1.912739223972018954e-01,4.444160385173186179e-02,1.149349290691429638e-02,3.998882895258146219e-02,4.790824965282354519e-02,1.000000000000000000e+00,1.034480478720742669e+00,8.998061610466184801e-01,1.078004516053409523e+00
1.952775558043899906e-01,4.532837352377071249e-02,1.173090035576485925e-02,4.079066415644511112e-02,4.886054096557790327e-02,1.000000000000000000e+00,1.035192701067294330e+00,8.998925173225996721e-01,1.077923983748388492e+00
1.993649909146971433e-01,4.623195389810510342e-02,1.197314488632625178e-02,4.160785826704337803e-02,4.983073874772250139e-02,1.000000000000000000e+00,1.035919434658978844e+00,8.999805277264898429e-01,1.077841937149121909e+00
2.035379818161558441e-01,4.715262813563361743e-02,1.222032226759451647e-02,4.244067641793974194e-02,5.081913875629889138e-02,1.000000000000000000e+00,1.036660966802783301e+00,9.000702208127183690e-01,1.077758351244359591e+00
2.077983193123388583e-01,4.809068273784349035e-02,1.247253004858957584e-02,4.328938714480375788e-02,5.182603999227355235e-02,1.000000000000000000e+00,1.037417590145768509e+00,9.001616255021160917e-01,1.077673200748523019e+00
2.121478316908678163e-01,4.904640752604170345e-02,1.272986758656275558e-02,4.415426237971693813e-02,5.285174466683271316e-02,1.000000000000000000e+00,1.038189602759688190e+00,9.002547710813023629e-01,1.077586460104555721e+00
2.165883855080069642e-01,5.002009561737012777e-02,1.299243607543957429e-02,4.503557744290293680e-02,5.389655816395899635e-02,1.000000000000000000e+00,1.038977308226318730e+00,9.003496872017920927e-01,1.077498103487085412e+00
2.211218863896800835e-01,5.101204339747687777e-02,1.326033857448954273e-02,4.593361103176830246e-02,5.496078899915294441e-02,1.000000000000000000e+00,1.039781015723468816e+00,9.004464038788190239e-01,1.077408104805920974e+00
2.257502798492536655e-01,5.202255048971226453e-02,1.353368003721373836e-02,4.684864520713614283e-02,5.604474877415883266e-02,1.000000000000000000e+00,1.040601040111641451e+00,9.005449514898489216e-01,1.077316437709873398e+00
2.304755521224370607e-01,5.305191972071658657e-02,1.381256734044068561e-02,4.778096537655364406e-02,5.714875212755397837e-02,1.000000000000000000e+00,1.041437702021321909e+00,9.006453607727853417e-01,1.077223075590940216e+00
2.352997310196592862e-01,5.410045708226340899e-02,1.409710931361995989e-02,4.873086027455034858e-02,5.827311668105687043e-02,1.000000000000000000e+00,1.042291327940860102e+00,9.007476628238422212e-01,1.077127991588844536e+00
2.402248867962862577e-01,5.516847168922079520e-02,1.438741676830253800e-02,4.969862193972270775e-02,5.941816298140922825e-02,1.000000000000000000e+00,1.043162250304907612e+00,9.008518890950748537e-01,1.077031158595948002e+00
2.452531330410532839e-01,5.625627573348983279e-02,1.468360252779595324e-02,5.068454568851673420e-02,6.058421443768438608e-02,1.000000000000000000e+00,1.044050807583388085e+00,9.009580713915584793e-01,1.076932549262554328e+00
2.503866275830937127e-01,5.736418443377874071e-02,1.498578145698163146e-02,5.168893008557888524e-02,6.177159725387363493e-02,1.000000000000000000e+00,1.044957344370944785e+00,9.010662418681927299e-01,1.076832136002610074e+00
2.556275734179531134e-01,5.849251598106806199e-02,1.529407049228101272e-02,5.271207691054264483e-02,6.298064035660046189e-02,1.000000000000000000e+00,1.045882211476843127e+00,9.011764330261270439e-01,1.076729890999816863e+00
2.609782196529858989e-01,5.964159147962150992e-02,1.560858867175612258e-02,5.375429112111547447e-02,6.421167531781181437e-02,1.000000000000000000e+00,1.046825766015268444e+00,9.012886777087827372e-01,1.076625786214169489e+00
2.664408624725408958e-01,6.081173488339437078e-02,1.592945716532939010e-02,5.481588081232906251e-02,6.546503627229419142e-02,1.000000000000000000e+00,1.047788371495988136e+00,9.014030090974666232e-01,1.076519793388931667e+00
2.720178461233486722e-01,6.200327292769119980e-02,1.625679930510672347e-02,5.589715717181337890e-02,6.674105982986230923e-02,1.000000000000000000e+00,1.048770397915320229e+00,9.015194607065527554e-01,1.076411884058062096e+00
2.777115639205360309e-01,6.321653505592238209e-02,1.659074061578679274e-02,5.699843443095294060e-02,6.804008498206731703e-02,1.000000000000000000e+00,1.049772221847360187e+00,9.016380663782217475e-01,1.076302029554102369e+00
2.835244592746963277e-01,6.445185334130811017e-02,1.693140884513847505e-02,5.812002981178181898e-02,6.936245300327126273e-02,1.000000000000000000e+00,1.050794226535415543e+00,9.017588602767434569e-01,1.076190201016545167e+00
2.894590267404582584e-01,6.570956240337837151e-02,1.727893399452753997e-02,5.926226346947216506e-02,7.070850734593527032e-02,1.000000000000000000e+00,1.051836801983582426e+00,9.018818768822794985e-01,1.076076369400686739e+00
2.955178130870030895e-01,6.698999931911536754e-02,1.763344834947245740e-02,6.042545843026897456e-02,7.207859352996830171e-02,1.000000000000000000e+00,1.052900345048417341e+00,9.020071509842032542e-01,1.075960505486987184e+00
3.017034183909888534e-01,6.829350352858644391e-02,1.799508651020819902e-02,6.160994052472320431e-02,7.347305902598547100e-02,1.000000000000000000e+00,1.053985259530624274e+00,9.021347176739055174e-01,1.075842579890940121e+00
3.080184971523511894e-01,6.962041673491346783e-02,1.836398542223581509e-02,6.281603831607293631e-02,7.489225313232460157e-02,1.000000000000000000e+00,1.055091956266707376e+00,9.022646123370838822e-01,1.075722563073475468e+00
3.144657594334590023e-01,7.097108279842631595e-02,1.874028440683419769e-02,6.404408302362180061e-02,7.633652684567215907e-02,1.000000000000000000e+00,1.056220853220502853e+00,9.023968706454891242e-01,1.075600425351898481e+00
3.210479720221154909e-01,7.234584762484806697e-02,1.912412519150961943e-02,6.529440844096337515e-02,7.780623272515123368e-02,1.000000000000000000e+00,1.057372375574528789e+00,9.025315285481182448e-01,1.075476136911384106e+00
3.277679596189010391e-01,7.374505904736004813e-02,1.951565194035702680e-02,6.656735084889831011e-02,7.930172474972631280e-02,1.000000000000000000e+00,1.058546955821070723e+00,9.026686222618368616e-01,1.075349667817035781e+00
3.346286060493697256e-01,7.516906670239648092e-02,1.991501128430583911e-02,6.786324892289177790e-02,8.082335816878222223e-02,1.000000000000000000e+00,1.059745033852917739e+00,9.028081882614120701e-01,1.075220988026521551e+00
3.416328555016183155e-01,7.661822189901987268e-02,2.032235235122196310e-02,6.918244363491803106e-02,8.237148934573816639e-02,1.000000000000000000e+00,1.060967057053665563e+00,9.029502632689394570e-01,1.075090067403298377e+00
3.487837137897596973e-01,7.809287748173016075e-02,2.073782679583596050e-02,7.052527814953893359e-02,8.394647559456068497e-02,1.000000000000000000e+00,1.062213480387507847e+00,9.030948842426547163e-01,1.074956875730439965e+00
3.560842496438423876e-01,7.959338768656296081e-02,2.116158882946625117e-02,7.189209771406422644e-02,8.554867500904422828e-02,1.000000000000000000e+00,1.063484766488398847e+00,9.032420883651006704e-01,1.074821382725070773e+00
3.635375960267703266e-01,8.112010799033490815e-02,2.159379524950446119e-02,7.328324954264117674e-02,8.717844628473145341e-02,1.000000000000000000e+00,1.064781385748513554e+00,9.033919130306453660e-01,1.074683558053428412e+00
3.711469514787862911e-01,8.267339495289742490e-02,2.203460546862876998e-02,7.469908269412313395e-02,8.883614853335156103e-02,1.000000000000000000e+00,1.066103816405886251e+00,9.035443958323280400e-01,1.074543371346553533e+00
3.789155814900994068e-01,8.425360605226388244e-02,2.248418154370943056e-02,7.613994794356744589e-02,9.052214108966001593e-02,1.000000000000000000e+00,1.067452544631128486e+00,9.036995745480209674e-01,1.074400792216628098e+00
3.868468199022419562e-01,8.586109951247918037e-02,2.294268820436913200e-02,7.760619764721515823e-02,9.223678331056933688e-02,1.000000000000000000e+00,1.068828064613107642e+00,9.038574871258872045e-01,1.074255790273958899e+00
3.949440703387591123e-01,8.749623412410523215e-02,2.341029288115913792e-02,7.909818560080691952e-02,9.398043436646713600e-02,1.000000000000000000e+00,1.070230878643477324e+00,9.040181716691207958e-01,1.074108335144626780e+00
4.032108076658451057e-01,8.915936905720144023e-02,2.388716573331042814e-02,8.061626689109217814e-02,9.575345302462544284e-02,1.000000000000000000e+00,1.071661497199930979e+00,9.041816664199551212e-01,1.073958396488802647e+00
4.116505794835525478e-01,9.085086366668489177e-02,2.437347967601766544e-02,8.216079774039218575e-02,9.755619742461338340e-02,1.000000000000000000e+00,1.073120439028052875e+00,9.043480097429239528e-01,1.073805944019741387e+00
4.202670076482150630e-01,9.257107728996089024e-02,2.486941040721151949e-02,8.373213534408012471e-02,9.938902484563348627e-02,1.000000000000000000e+00,1.074608231221634291e+00,9.045172401073557911e-01,1.073650947523454802e+00
4.290637898267352646e-01,9.432036903672152972e-02,2.537513643377337785e-02,8.533063770084578503e-02,1.012522914657111583e-01,1.000000000000000000e+00,1.076125409301319946e+00,9.046893960690951531e-01,1.073493376879079308e+00
4.380447010834083166e-01,9.609909757081848414e-02,2.589083909714477369e-02,8.695666343561785083e-02,1.031463521126784189e-01,1.000000000000000000e+00,1.077672517291434096e+00,9.048645162514322715e-01,1.073333202079931992e+00
4.472135954999579832e-01,9.790762088412234554e-02,2.641670259828144546e-02,8.861057161501971480e-02,1.050715600069013073e-01,1.000000000000000000e+00,1.079250107794844205e+00,9.050426393252261059e-01,1.073170393255268307e+00
4.565744078294829422e-01,9.974629606229158674e-02,2.695291402190036836e-02,9.029272155524221966e-02,1.070282664957138419e-01,1.000000000000000000e+00,1.080858742065700984e+00,9.052238039882140042e-01,1.073004920692740782e+00
4.661311551850230162e-01,1.016154790423827586e-01,2.749966335996610264e-02,9.200347262222202671e-02,1.090168207795327859e-01,1.000000000000000000e+00,1.082498990079898471e+00,9.054080489434918055e-01,1.072836754861560271e+00
4.758879387634687430e-01,1.035155243622437465e-01,2.805714353436047567e-02,9.374318402402080641e-02,1.110375696296403286e-01,1.000000000000000000e+00,1.084171430603081188e+00,9.055954128771500633e-01,1.072665866436360194e+00
4.858489456055555267e-01,1.054467849016429704e-01,2.862555041867783159e-02,9.551221459530831459e-02,1.130908570976359856e-01,1.000000000000000000e+00,1.085876651256033609e+00,9.057859344350683850e-01,1.072492226321770881e+00
4.960184503926963751e-01,1.074096116150994734e-01,2.920508285908576807e-02,9.731092257386027289e-02,1.151770242165733177e-01,1.000000000000000000e+00,1.087615248577257221e+00,9.059796521988395801e-01,1.072315805677691136e+00
5.064008172814244979e-01,1.094043532563894333e-01,2.979594269418900376e-02,9.913966536898950743e-02,1.172964086938114298e-01,1.000000000000000000e+00,1.089387828082567067e+00,9.061766046608346059e-01,1.072136575945263681e+00
5.170005017762353550e-01,1.114313560947208515e-01,3.039833477383229940e-02,1.009987993218403601e-01,1.194493445956296002e-01,1.000000000000000000e+00,1.091195004321496853e+00,9.063768301983831099e-01,1.071954508873544931e+00
5.278220526416271818e-01,1.134909636225785584e-01,3.101246697677536093e-02,1.028886794574836172e-01,1.216361620236671992e-01,1.000000000000000000e+00,1.093037400930326086e+00,9.065803670470758968e-01,1.071769576546869773e+00
5.388701138541656110e-01,1.155835162552585060e-01,3.163855022717088766e-02,1.048096592287615925e-01,1.238571867832708312e-01,1.000000000000000000e+00,1.094915650681512531e+00,9.067872532731781066e-01,1.071581751412895800e+00
5.501494265954059992e-01,1.177093510221257772e-01,3.227679850977455134e-02,1.067620902518445214e-01,1.261127400438488144e-01,1.000000000000000000e+00,1.096830395529323487e+00,9.069975267451477752e-01,1.071391006311329219e+00
5.616648312865315518e-01,1.198688012496453154e-01,3.292742888381304522e-02,1.087463220334699415e-01,1.284031379913510851e-01,1.000000000000000000e+00,1.098782286651439177e+00,9.072112251042613318e-01,1.071197314503310016e+00
5.734212696655793806e-01,1.220621962362531537e-01,3.359066149543422225e-02,1.107627016898513617e-01,1.307286914730139693e-01,1.000000000000000000e+00,1.100771984486302646e+00,9.074283857343393711e-01,1.071000649701457696e+00
5.854237869081436729e-01,1.242898609191522008e-01,3.426671958866071843e-02,1.128115736572546379e-01,1.330897056345287932e-01,1.000000000000000000e+00,1.102800158765982363e+00,9.076490457305770310e-01,1.070800986100553631e+00
5.976775337924721265e-01,1.265521155331372216e-01,3.495582951476632061e-02,1.148932793942567948e-01,1.354864795498167129e-01,1.000000000000000000e+00,1.104867488544298837e+00,9.078732418674769766e-01,1.070598298408848237e+00
6.101877689098773594e-01,1.288492752615699732e-01,3.565822073999120462e-02,1.170081570757144085e-01,1.379193058436108954e-01,1.000000000000000000e+00,1.106974662219973427e+00,9.081010105658915421e-01,1.070392561879982107e+00
6.229598609214169747e-01,1.311816498796485597e-01,3.637412585151048039e-02,1.191565412784873351e-01,1.403884703070743256e-01,1.000000000000000000e+00,1.109122377554531358e+00,9.083323878591744727e-01,1.070183752345488237e+00
6.359992908618086194e-01,1.335495433901341955e-01,3.710378056156733717e-02,1.213387626589784857e-01,1.428942515067014030e-01,1.000000000000000000e+00,1.111311341684702025e+00,9.085674093584527045e-01,1.069971846247866454e+00
6.493116544915698007e-01,1.359532536517210066e-01,3.784742370967995873e-02,1.235551476225693057e-01,1.454369203867787175e-01,1.000000000000000000e+00,1.113542271129039696e+00,9.088061102170265082e-01,1.069756820674204301e+00
6.629026646983905424e-01,1.383930720002557457e-01,3.860529726282835306e-02,1.258060179850469251e-01,1.480167398657022404e-01,1.000000000000000000e+00,1.115815891788485503e+00,9.090485250939038808e-01,1.069538653390313732e+00
6.767781539487713882e-01,1.408692828630390137e-01,3.937764631352528438e-02,1.280916906261403698e-01,1.506339644264767519e-01,1.000000000000000000e+00,1.118132938940576082e+00,9.092946881164878370e-01,1.069317322875360521e+00
6.909440767909748038e-01,1.433821633664613959e-01,4.016471907567240734e-02,1.304124771353011858e-01,1.532888397017464210e-01,1.000000000000000000e+00,1.120494157227017062e+00,9.095446328424281468e-01,1.069092808356958191e+00
7.054065124103718887e-01,1.459319829372543176e-01,4.096676687810067025e-02,1.327686834498857660e-01,1.559816020537342640e-01,1.000000000000000000e+00,1.122900300634301685e+00,9.097983922206530627e-01,1.068865089846692040e+00
7.201716672382707518e-01,1.485190028976585142e-01,4.178404415569084152e-02,1.351606094859172380e-01,1.587124781494935466e-01,1.000000000000000000e+00,1.125352132467072552e+00,9.100559985516041284e-01,1.068634148176035970e+00
7.352458776153548703e-01,1.511434760548395206e-01,4.261680843796817469e-02,1.375885487616267389e-01,1.614816845319013705e-01,1.000000000000000000e+00,1.127850425313904337e+00,9.103174834466910559e-01,1.068399965032634347e+00
7.506356125108692989e-01,1.538056462849053951e-01,4.346532033506237541e-02,1.400527880139978143e-01,1.642894271868537981e-01,1.000000000000000000e+00,1.130395961005187022e+00,9.105828777869952040e-01,1.068162522996903174e+00
7.663474762987244615e-01,1.565057481119091487e-01,4.432984352092156355e-02,1.425536068085602182e-01,1.671359011071479883e-01,1.000000000000000000e+00,1.132989530562764413e+00,9.108522116812444169e-01,1.067921805578909034e+00
7.823882115917065727e-01,1.592440062822436386e-01,4.521064471366644660e-02,1.450912771427032011e-01,1.700212898535654049e-01,1.000000000000000000e+00,1.135631934140999499e+00,9.111255144230911984e-01,1.067677797255490724e+00
7.987647021350119392e-01,1.620206353348655204e-01,4.610799365296884555e-02,1.476660630428046628e-01,1.729457651136981078e-01,1.000000000000000000e+00,1.138323980958906523e+00,9.114028144477231974e-01,1.067430483507563199e+00
8.154839757603493666e-01,1.648358391678124146e-01,4.702216307433602915e-02,1.502782201554966057e-01,1.759094862590889208e-01,1.000000000000000000e+00,1.141066489223008240e+00,9.116841392878443084e-01,1.067179850857572943e+00
8.325532074018732187e-01,1.676898106015035361e-01,4.795342868017994642e-02,1.529279953334129749e-01,1.789125999012824986e-01,1.000000000000000000e+00,1.143860286040539798e+00,9.119695155290598043e-01,1.066925886907038823e+00
8.499797221752456444e-01,1.705827309393443680e-01,4.890206910754874708e-02,1.556156262157939729e-01,1.819552394474135693e-01,1.000000000000000000e+00,1.146706207322645943e+00,9.122589687647080225e-01,1.066668580374135145e+00
8.677709985211476962e-01,1.735147695261822220e-01,4.986836589239528050e-02,1.583413408043458093e-01,1.850375246559857467e-01,1.000000000000000000e+00,1.149605097677186105e+00,9.125525235501821264e-01,1.066407921131260483e+00
8.859346714145889257e-01,1.764860833051888067e-01,5.085260343025556351e-02,1.611053570347839303e-01,1.881595611935211743e-01,1.000000000000000000e+00,1.152557810290766760e+00,9.128502033567841289e-01,1.066143900242525255e+00
9.044785356413912458e-01,1.794968163737718780e-01,5.185506893320795258e-02,1.639078823445128119e-01,1.913214401927871566e-01,1.000000000000000000e+00,1.155565206799623601e+00,9.131520305251666914e-01,1.065876510001116051e+00
9.234105491432563761e-01,1.825470995391494378e-01,5.287605238298255517e-02,1.667491132369268991e-01,1.945232378133343321e-01,1.000000000000000000e+00,1.158628157148947624e+00,9.134580262184092136e-01,1.065605743966457686e+00
9.427388364328461723e-01,1.856370498742418440e-01,5.391584648008743152e-02,1.696292348428400376e-01,1.977650148051020851e-01,1.000000000000000000e+00,1.161747539440262100e+00,9.137682103747813978e-01,1.065331597001117014e+00
9.624716920803517706e-01,1.887667702745707554e-01,5.497474658881834619e-02,1.725484204795850185e-01,2.010468160758764056e-01,1.000000000000000000e+00,1.164924239766455205e+00,9.140826016602640047e-01,1.065054065307382780e+00
9.826175842730352494e-01,1.919363490168736197e-01,5.605305067801546332e-02,1.755068312083461479e-01,2.043686702634034957e-01,1.000000000000000000e+00,1.168159152034046633e+00,9.144012174208696608e-01,1.064773146463450448e+00
1.003185158449281245e+00,1.951458593201743641e-01,5.715105925743073356e-02,1.785046153903222244e-01,2.077305893129894332e-01,1.000000000000000000e+00,1.171453177772292076e+00,9.147240736348447587e-01,1.064488839459142078e+00
1.024183241008713274e+00,1.983953589100705961e-01,5.826907530956731279e-02,1.815419082423393171e-01,2.111325680614333788e-01,1.000000000000000000e+00,1.174807225928701904e+00,9.150511848648097413e-01,1.064201144731093951e+00
1.045620843099967390e+00,2.016848895870265446e-01,5.940740421685244271e-02,1.846188313925649083e-01,2.145745838281650775e-01,1.000000000000000000e+00,1.178222212650557488e+00,9.153825642099100435e-01,1.063910064197331362e+00
1.067507164487751847e+00,2.050144767994806771e-01,6.056635368400394015e-02,1.877354924369990519e-01,2.180565960144721926e-01,1.000000000000000000e+00,1.181699061052011723e+00,9.157182232580495240e-01,1.063615601291160173e+00
1.089851597500844704e+00,2.083841292226007724e-01,6.174623365544981701e-02,1.908919844974458768e-01,2.215785457117226132e-01,1.000000000000000000e+00,1.185238700966349645e+00,9.160581720382870996e-01,1.063317760994299199e+00
1.112663731062735195e+00,2.117938383435398753e-01,6.294735622766077510e-02,1.940883857816955438e-01,2.251403553194995244e-01,1.000000000000000000e+00,1.188842068682982367e+00,9.164024189734679693e-01,1.063016549869175265e+00
1.135953354806627624e+00,2.152435780540654375e-01,6.417003555625507005e-02,1.973247591466705808e-01,2.287419281745811939e-01,1.000000000000000000e+00,1.192510106668765335e+00,9.167509708331741392e-01,1.062711976090293220e+00
1.159730463276578361e+00,2.187333042514519876e-01,6.541458775773495438e-02,2.006011516653161408e-01,2.323831481917074115e-01,1.000000000000000000e+00,1.196243763273205030e+00,9.171038326870817325e-01,1.062404049474623191e+00
1.184005260216570043e+00,2.222629544485449637e-01,6.668133080571557458e-02,2.039175941980372608e-01,2.360638795170846294e-01,1.000000000000000000e+00,1.200043992417146876e+00,9.174610078588028017e-01,1.062092781510895811e+00
1.208788162949362199e+00,2.258324473939161137e-01,6.797058442150676061e-02,2.072741009695080183e-01,2.397839661955865898e-01,1.000000000000000000e+00,1.203911753264520046e+00,9.178224978803110057e-01,1.061778185387749263e+00
1.234089806846995652e+00,2.294416827030444639e-01,6.928266995891013691e-02,2.106706691516989638e-01,2.435432318526122575e-01,1.000000000000000000e+00,1.207848009876730577e+00,9.181883024470318677e-01,1.061460276020633531e+00
1.259921049894873413e+00,2.330905405014679355e-01,7.061791028309508111e-02,2.141072784539899965e-01,2.473414793915646448e-01,1.000000000000000000e+00,1.211853730849284938e+00,9.185584193737009739e-01,1.061139070077393276e+00
1.286292977351370270e+00,2.367788810808561795e-01,7.197662964341899894e-02,2.175838907212520601e-01,2.511784907079112061e-01,1.000000000000000000e+00,1.215929888930257219e+00,9.189328445510759336e-01,1.060814586002447601e+00
1.313216906504980130e+00,2.405065445689666959e-01,7.335915354005970168e-02,2.211004495408017689e-01,2.550540264207863395e-01,1.000000000000000000e+00,1.220077460620178744e+00,9.193115719036072386e-01,1.060486844039489229e+00
1.340704391531033268e+00,2.442733506144419697e-01,7.476580858432965715e-02,2.246568798591424276e-01,2.589678256230835141e-01,1.000000000000000000e+00,1.224297425752988833e+00,9.196945933481628366e-01,1.060155866252618928e+00
1.368767228450071372e+00,2.480790980874146567e-01,7.619692235254595103e-02,2.282530876094244765e-01,2.629196056509822133e-01,1.000000000000000000e+00,1.228590767057638145e+00,9.200818987539038929e-01,1.059821676545833924e+00
1.397417460190010452e+00,2.519235647968794400e-01,7.765282323333208558e-02,2.318889593505641944e-01,2.669090618738352849e-01,1.000000000000000000e+00,1.232958469699996229e+00,9.204734759034205460e-01,1.059484300680797242e+00
1.426667381754260555e+00,2.558065072257901806e-01,7.913384026823269690e-02,2.355643619189722315e-01,2.709358675053316623e-01,1.000000000000000000e+00,1.237401520804697785e+00,9.208693104552221342e-01,1.059143766292807598e+00
1.456529545498022937e+00,2.597276602848311855e-01,8.064030298552563036e-02,2.392791420938480407e-01,2.749996734368264639e-01,1.000000000000000000e+00,1.241920908956576808e+00,9.212693859076919178e-01,1.058800102904893681e+00
1.487016766515025568e+00,2.636867370858016479e-01,8.217254122712157327e-02,2.430331262770016043e-01,2.791001080937104972e-01,1.000000000000000000e+00,1.246517623681364872e+00,9.216736835646022197e-01,1.058453341939960657e+00
1.518142128137010216e+00,2.676834287355393527e-01,8.373088496844580120e-02,2.468261201881654654e-01,2.832367773156641566e-01,1.000000000000000000e+00,1.251192654905337598e+00,9.220821825023016727e-01,1.058103516730917626e+00
1.549918987548337235e+00,2.717174041512935290e-01,8.531566413120421355e-02,2.506579085767600690e-01,2.874092642616127846e-01,1.000000000000000000e+00,1.255946992393612849e+00,9.224948595386718297e-01,1.057750662528712970e+00
1.582360981518103893e+00,2.757883098984344472e-01,8.692720838893962243e-02,2.545282549510696768e-01,2.916171293401670361e-01,1.000000000000000000e+00,1.260781625166819353e+00,9.229116892039613829e-01,1.057394816508219426e+00
1.615482032252249844e+00,2.798957700513687863e-01,8.856584696529422318e-02,2.584369013257823977e-01,2.958599101662970909e-01,1.000000000000000000e+00,1.265697540895882600e+00,9.233326437135933595e-01,1.057036017771895597e+00
1.649296353368152390e+00,2.840393860784979907e-01,9.023190842489919872e-02,2.623835679888364414e-01,3.001371215449495922e-01,1.000000000000000000e+00,1.270695725274697541e+00,9.237576929430602046e-01,1.056674307351174180e+00
1.683818455994280150e+00,2.882187367520337440e-01,9.192572045682302628e-02,2.663679532885042112e-01,3.044482554822759979e-01,1.000000000000000000e+00,1.275777161370468926e+00,9.241868044049866837e-01,1.056309728205509391e+00
1.719063154997521492e+00,2.924333780834442731e-01,9.364760965051623087e-02,2.703897334416279774e-01,3.087927812250913506e-01,1.000000000000000000e+00,1.280942828951548540e+00,9.246199432284837316e-01,1.055942325219041855e+00
1.755045575340854702e+00,2.966828432852752773e-01,9.539790126420248650e-02,2.744485623639036365e-01,3.131701453291383386e-01,1.000000000000000000e+00,1.286193703792607668e+00,9.250570721408641894e-01,1.055572145194825673e+00
1.791781158574103028e+00,3.009666427600463101e-01,9.717691898567407116e-02,2.785440715230886877e-01,3.175797717566768430e-01,1.000000000000000000e+00,1.291530756957022241e+00,9.254981514518382246e-01,1.055199236846575683e+00
1.829285669460540387e+00,3.052842641168804771e-01,9.898498468546147733e-02,2.826758698159808070e-01,3.220210620038635452e-01,1.000000000000000000e+00,1.296954954056384723e+00,9.259431390402624862e-01,1.054823650787894085e+00
1.867575202742207230e+00,3.096351722164811804e-01,1.008224181623582072e-01,2.868435434699899700e-01,3.264933952583319310e-01,1.000000000000000000e+00,1.302467254487075010e+00,9.263919903435375858e-01,1.054445439518945538e+00
1.906666190046831799e+00,3.140188092450174051e-01,1.026895368812940357e-01,2.910466559700917721e-01,3.309961285873175840e-01,1.000000000000000000e+00,1.308068610643881913e+00,9.268446583497444990e-01,1.054064657410548111e+00
1.946575406939323294e+00,3.184345948174282515e-01,1.045866557035623617e-01,2.952847480119147883e-01,3.355285971566134284e-01,1.000000000000000000e+00,1.313759967110686766e+00,9.273010935925908305e-01,1.053681360685656321e+00
1.987319980120863416e+00,3.228819261106030680e-01,1.065140866094221317e-01,2.995573374816791756e-01,3.400901144805746346e-01,1.000000000000000000e+00,1.319542259828266451e+00,9.277612441492495421e-01,1.053295607398219369e+00
2.028917394778685157e+00,3.273601780268318162e-01,1.084721384131074468e-01,3.038639194636567620e-01,3.446799727033200145e-01,1.000000000000000000e+00,1.325416415239322188e+00,9.282250556411622000e-01,1.052907457409399949e+00
2.071385502089688746e+00,3.318687033878605086e-01,1.104611164702940795e-01,3.082039662757819487e-01,3.492974429112116752e-01,1.000000000000000000e+00,1.331383349410882433e+00,9.286924712378762381e-01,1.052516972361150716e+00
2.114742526881128182e+00,3.364068331598259465e-01,1.124813223780880417e-01,3.125769275339931874e-01,3.539417754766204238e-01,1.000000000000000000e+00,1.337443967134264389e+00,9.291634316639720836e-01,1.052124215647141092e+00
2.159007075451636837e+00,3.409738767092720946e-01,1.145330536676168187e-01,3.169822302458325525e-01,3.586122004329098667e-01,1.000000000000000000e+00,1.343599161002850151e+00,9.296378752091446485e-01,1.051729252381046420e+00
2.204198143555963441e+00,3.455691220903847616e-01,1.166166034893217629e-01,3.214192789337759759e-01,3.633079278804964840e-01,1.000000000000000000e+00,1.349849810467965483e+00,9.301157377414862593e-01,1.051332149362210977e+00
2.250335124556838817e+00,3.501918363635124209e-01,1.187322602910677871e-01,3.258874557887118106e-01,3.680281484237701850e-01,1.000000000000000000e+00,1.356196780873203167e+00,9.305969527240157690e-01,1.050932975038695538e+00
2.297437817747472799e+00,3.548412659449646234e-01,1.208803074892059876e-01,3.303861208539218830e-01,3.727720336385767497e-01,1.000000000000000000e+00,1.362640922467617921e+00,9.310814512344915972e-01,1.050531799467745886e+00
2.345526436848251794e+00,3.595166369880074542e-01,1.230610231327419479e-01,3.349146122398583003e-01,3.775387365698903985e-01,1.000000000000000000e+00,1.369183069398225872e+00,9.315691619885458907e-01,1.050128694273706698e+00
2.394621618681286979e+00,3.642171557949006599e-01,1.252746795607852515e-01,3.394722463699429427e-01,3.823273922592234086e-01,1.000000000000000000e+00,1.375824038682355921e+00,9.320600113661526853e-01,1.049723732603417226e+00
2.444744432026528802e+00,3.689420092597420209e-01,1.275215430534740457e-01,3.440583182575488452e-01,3.871371183012421446e-01,1.000000000000000000e+00,1.382564629160422109e+00,9.325539234414625955e-01,1.049316989079143836e+00
2.495916386663255881e+00,3.736903653418092164e-01,1.298018734765913618e-01,3.486721018142527329e-01,3.919670154289804920e-01,1.000000000000000000e+00,1.389405620429774446e+00,9.330508200159974841e-01,1.048908539749088709e+00
2.548159442600816504e+00,3.784613735690098846e-01,1.321159239201102897e-01,3.533128501893763596e-01,3.968161681269640195e-01,1.000000000000000000e+00,1.396347771760330980e+00,9.335506206552202091e-01,1.048498462035537537e+00
2.601496019502570256e+00,3.832541655709718609e-01,1.344639403309294545e-01,3.579797961407589768e-01,4.016836452714800942e-01,1.000000000000000000e+00,1.403391820992788253e+00,9.340532427284666817e-01,1.048086834680719059e+00
2.655949006307109617e+00,3.880678556412299196e-01,1.368461611400818012e-01,3.626721524366320337e-01,4.065685007971570619e-01,1.000000000000000000e+00,1.410538483420245459e+00,9.345586014522258012e-01,1.047673737690428819e+00
2.711541771050844929e+00,3.929015413278821311e-01,1.392628168847233339e-01,3.673891122883857774e-01,4.114697743889352832e-01,1.000000000000000000e+00,1.417788450654169807e+00,9.350666099367478390e-01,1.047259252275515307e+00
2.768298170896200450e+00,3.977543040520155060e-01,1.417141298252333759e-01,3.721298498139431477e-01,4.163864921984454237e-01,1.000000000000000000e+00,1.425142389475700044e+00,9.355771792359504069e-01,1.046843460791296199e+00
2.826242562369712719e+00,4.026252097531226037e-01,1.442003135577815676e-01,3.768935205313792003e-01,4.213176675837381202e-01,1.000000000000000000e+00,1.432600940673345091e+00,9.360902184005782667e-01,1.046426446675003730e+00
2.885399811814427284e+00,4.075133095606546796e-01,1.467215726227417416e-01,3.816792618823424132e-01,4.262623018712374812e-01,1.000000000000000000e+00,1.440164717868225308e+00,9.366056345345766809e-01,1.046008294381345127e+00
2.945795306061077312e+00,4.124176404907831106e-01,1.492781021093587124e-01,3.864861937847598461e-01,4.312193851387315369e-01,1.000000000000000000e+00,1.447834306328076304e+00,9.371233328546169083e-01,1.045589089316291131e+00
3.007454963322628405e+00,4.173372261673697903e-01,1.518700872570976079e-01,3.913134192142249668e-01,4.361878970181440884e-01,1.000000000000000000e+00,1.455610261771292713e+00,9.376432167527076755e-01,1.045168917769186301e+00
3.070405244316857019e+00,4.222710775660757365e-01,1.544977030541332397e-01,3.961600248133955726e-01,4.411668075167790026e-01,1.000000000000000000e+00,1.463493109162399497e+00,9.381651878618318952e-01,1.044747866843299455e+00
3.134673163621743086e+00,4.272181937804702678e-01,1.571611138334612356e-01,4.010250815286431347e-01,4.461550778556675478e-01,1.000000000000000000e+00,1.471483341500384068e+00,9.386891461245052692e-01,1.044326024384926166e+00
3.200286301268548517e+00,4.321775628089390420e-01,1.598604728671378927e-01,4.059076452731310569e-01,4.511516613236012940e-01,1.000000000000000000e+00,1.479581418601413567e+00,9.392149898641969363e-01,1.043903478911168081e+00
3.267272814577550477e+00,4.371481623611250811e-01,1.625959219591839033e-01,4.108067576154095790e-01,4.561555041453828618e-01,1.000000000000000000e+00,1.487787765877552015e+00,9.397426158594827106e-01,1.043480319536505219e+00
3.335661450241516945e+00,4.421289606825830609e-01,1.653675910377094271e-01,4.157214464925597097e-01,4.611655463627857832e-01,1.000000000000000000e+00,1.496102773113128448e+00,9.402719194208543074e-01,1.043056635898297779e+00
3.405481556662107501e+00,4.471189173962656360e-01,1.681755977468462337e-01,4.206507269468305332e-01,4.661807227266717701e-01,1.000000000000000000e+00,1.504526793240538840e+00,9.408027944700508849e-01,1.042632518081341608e+00
3.476763096544490672e+00,4.521169843594174953e-01,1.710200470390956240e-01,4.255936018846606661e-01,4.711999635986842683e-01,1.000000000000000000e+00,1.513060141117287261e+00,9.413351336218069854e-01,1.042208056541614969e+00
3.549536659755571755e+00,4.571221065343965551e-01,1.739010307687265111e-01,4.305490628568962586e-01,4.762221958609013095e-01,1.000000000000000000e+00,1.521703092306179395e+00,9.418688282678782109e-01,1.041783342029352522e+00
3.623833476451395974e+00,4.621332228719107205e-01,1.768186272868837172e-01,4.355160908589688074e-01,4.812463438318152487e-01,1.000000000000000000e+00,1.530455881860651068e+00,9.424037686632209532e-01,1.041358465511582843e+00
3.699685430479288772e+00,4.671492672051069661e-01,1.797729010390854976e-01,4.404936571497204967e-01,4.862713301869738269e-01,1.000000000000000000e+00,1.539318703117256604e+00,9.429398440141767423e-01,1.040933518094273591e+00
3.777125073060543237e+00,4.721691691529282808e-01,1.827639021658181429e-01,4.454807240875243157e-01,4.912960768826172275e-01,1.000000000000000000e+00,1.548291706497454401e+00,9.434769425685225475e-01,1.040508590944221767e+00
3.856185636759497992e+00,4.771918550311162743e-01,1.857916661069531350e-01,4.504762459822820864e-01,4.963195060806244174e-01,1.000000000000000000e+00,1.557374998320859572e+00,9.440149517072284890e-01,1.040083775210833839e+00
3.936901049745011427e+00,4.822162487692189803e-01,1.888562132107351466e-01,4.554791699618421230e-01,5.013405410730851219e-01,1.000000000000000000e+00,1.566568639632205828e+00,9.445537580377705300e-01,1.039659161947939170e+00
4.019305950350445578e+00,4.872412728319425734e-01,1.919575483481097689e-01,4.604884368513320059e-01,5.063581072048127796e-01,1.000000000000000000e+00,1.575872645044329445e+00,9.450932474888307233e-01,1.039234842035772877e+00
4.103435701938413338e+00,4.922658491431707306e-01,1.950956605331766736e-01,4.655029820638600380e-01,5.113711327921184324e-01,1.000000000000000000e+00,1.585286981599530076e+00,9.456333054062279198e-01,1.038810906103281750e+00
4.189326408076666119e+00,4.972889000109712021e-01,1.982705225505745905e-01,4.705217365010093133e-01,5.163785500361810499e-01,1.000000000000000000e+00,1.594811567651723827e+00,9.461738166498966374e-01,1.038387444450878938e+00
4.277014928031628749e+00,5.023093490519011661e-01,2.014820905906170301e-01,4.755436274615107983e-01,5.213792959293633844e-01,1.000000000000000000e+00,1.604446271771851062e+00,9.467146656917493353e-01,1.037964546973804580e+00
4.366538892586245169e+00,5.073261221129279352e-01,2.047303038930156360e-01,4.805675795564636199e-01,5.263723131528444954e-01,1.000000000000000000e+00,1.614190911679046936e+00,9.472557367142472318e-01,1.037542303086212980e+00
4.457936720188905966e+00,5.123381481892909095e-01,2.080150844000389909e-01,4.855925156294454981e-01,5.313565509639712747e-01,1.000000000000000000e+00,1.624045253200116612e+00,9.477969137094903740e-01,1.037120801646129964e+00
4.551247633440403284e+00,5.173443603366368881e-01,2.113363364199659089e-01,4.906173576798423253e-01,5.363309660717565652e-01,1.000000000000000000e+00,1.634009009259898004e+00,9.483380805786626455e-01,1.036700130881420989e+00
4.646511675925967921e+00,5.223436965757859429e-01,2.146939463017023819e-01,4.956410277877160153e-01,5.412945234989922083e-01,1.000000000000000000e+00,1.644081838905107285e+00,9.488791212316358692e-01,1.036280378316878581e+00
4.743769729399647694e+00,5.273351007885040964e-01,2.180877821214386725e-01,5.006624490385260806e-01,5.462461974294873235e-01,1.000000000000000000e+00,1.654263346364316156e+00,9.494199196865609203e-01,1.035861630702576308e+00
4.843063531328341220e+00,5.323175236026863599e-01,2.215176933822257943e-01,5.056805464460176758e-01,5.511849720389835339e-01,1.000000000000000000e+00,1.664553080146677022e+00,9.499603601692622190e-01,1.035443973943603435e+00
4.944435692803104132e+00,5.372899232653908230e-01,2.249835107273580881e-01,5.106942478716002265e-01,5.561098423083524755e-01,1.000000000000000000e+00,1.674950532182074125e+00,9.505003272122528601e-01,1.035027493031291490e+00
5.047929716825320767e+00,5.422512665021952394e-01,2.284850456684424658e-01,5.157024849385432042e-01,5.610198148177313326e-01,1.000000000000000000e+00,1.685455137005327675e+00,9.510397057531914111e-01,1.034612271976058651e+00
5.153590016975651444e+00,5.472005293613950716e-01,2.320220903290397818e-01,5.207041939393407537e-01,5.659139085203115371e-01,1.000000000000000000e+00,1.696066270987119928e+00,9.515783812326048530e-01,1.034198393741972088e+00
5.261461936473740941e+00,5.521366980416064774e-01,2.355944172047535479e-01,5.256983167346116481e-01,5.707911554945547250e-01,1.000000000000000000e+00,1.706783251614260699e+00,9.521162396906961423e-01,1.033785940183136631e+00
5.371591767636877179e+00,5.570587697013865691e-01,2.392017789406376826e-01,5.306838016419318516e-01,5.756506016736749887e-01,1.000000000000000000e+00,1.717605336821913298e+00,9.526531678630727473e-01,1.033374991982003221e+00
5.484026771745948103e+00,5.619657532495411223e-01,2.428439081267825539e-01,5.356596043130239515e-01,5.804913075512938558e-01,1.000000000000000000e+00,1.728531724380347301e+00,9.531890532752163026e-01,1.032965628589695317e+00
5.598815199327214387e+00,5.668566701148409770e-01,2.465205171129271899e-01,5.406246885977672445e-01,5.853123488622380410e-01,1.000000000000000000e+00,1.739561551338781653e+00,9.537237843355372835e-01,1.032557928168434946e+00
5.716006310858613659e+00,5.717305549939400988e-01,2.502312978429287460e-01,5.455780273935300073e-01,5.901128172375309511e-01,1.000000000000000000e+00,1.750693893528786793e+00,9.542572504268426181e-01,1.032151967536151460e+00
5.835650397909480702e+00,5.765864565763411109e-01,2.539759217099023525e-01,5.505186034783733362e-01,5.948918208326935408e-01,1.000000000000000000e+00,1.761927765129706724e+00,9.547893419960751249e-01,1.031747822113349811e+00
5.957798804722737707e+00,5.814234382453287164e-01,2.577540394328223794e-01,5.554454103267209009e-01,5.996484849285481644e-01,1.000000000000000000e+00,1.773262118298466916e+00,9.553199506421574672e-01,1.031345565872302306e+00
6.082503950248848490e+00,5.862405787538608193e-01,2.615652809553510871e-01,5.603574529061464693e-01,6.043819525037996687e-01,1.000000000000000000e+00,1.784695842866052429e+00,9.558489692018032891e-01,1.030945271288624898e+00
6.209819350640962021e+00,5.910369728744720996e-01,2.654092553676332678e-01,5.652537484539834622e-01,6.090913847787357005e-01,1.000000000000000000e+00,1.796227766102899137e+00,9.563762918331597529e-01,1.030547009295301963e+00
6.339799642220913078e+00,5.958117320223291768e-01,2.692855508517651986e-01,5.701333272325252999e-01,6.137759617294771264e-01,1.000000000000000000e+00,1.807856652555295707e+00,9.569018140971390363e-01,1.030150849239193311e+00
6.472500604925943257e+00,6.005639848506412193e-01,2.731937346516100096e-01,5.749952332616441453e-01,6.184348825722790766e-01,1.000000000000000000e+00,1.819581203954830029e+00,9.574254330363218823e-01,1.029756858840082501e+00
6.607979186246161873e+00,6.052928778177133484e-01,2.771333530675970103e-01,5.798385250277240388e-01,6.230673662174667227e-01,1.000000000000000000e+00,1.831400059202791031e+00,9.579470472513060830e-01,1.029365104152284882e+00
6.746293525663116242e+00,6.099975757250066799e-01,2.811039314771022202e-01,5.846622761678769153e-01,6.276726516926691701e-01,1.000000000000000000e+00,1.843311794431306216e+00,9.584665569743979763e-01,1.028975649528860670e+00
6.887502979599825714e+00,6.146772622256425622e-01,2.851049743809617731e-01,5.894655761284709472e-01,6.322499985350841234e-01,1.000000000000000000e+00,1.855314923142884487e+00,9.589838641405338260e-01,1.028588557588438590e+00
7.031668146893100158e+00,6.193311403028733952e-01,2.891359654766271214e-01,5.942475307970866982e-01,6.367986871525960213e-01,1.000000000000000000e+00,1.867407896429881031e+00,9.594988724553397130e-01,1.028203889184678310e+00
7.178850894799007953e+00,6.239584327181161294e-01,2.931963677584203398e-01,5.990072631070799680e-01,6.413180191536358432e-01,1.000000000000000000e+00,1.879589103275261852e+00,9.600114874602420079e-01,1.027821703378375862e+00
7.329114385542688126e+00,6.285583824282257037e-01,2.972856236452970369e-01,6.037439136140143603e-01,6.458073176457493902e-01,1.000000000000000000e+00,1.891856870935890278e+00,9.605216165945493767e-01,1.027442057412213838e+00
7.482523103423880606e+00,6.331302529717599548e-01,3.014031551364698136e-01,6.084566410432988848e-01,6.502659275029146757e-01,1.000000000000000000e+00,1.904209465409409496e+00,9.610291692544320474e-01,1.027065006688156146e+00
7.639142882489815101e+00,6.376733288240710174e-01,3.055483639951881991e-01,6.131446228084471706e-01,6.546932156017204463e-01,1.000000000000000000e+00,1.916645091985564875e+00,9.615340568487364958e-01,1.026690604747474200e+00
7.799040934787333512e+00,6.421869157211241852e-01,3.097206319609133729e-01,6.178070554994498087e-01,6.590885710265830255e-01,1.000000000000000000e+00,1.929161895882740119e+00,9.620361928515814842e-01,1.026318903253392589e+00
7.962285879206368655e+00,6.466703409520297985e-01,3.139193209900624781e-01,6.224431553408357187e-01,6.634514052442530563e-01,1.000000000000000000e+00,1.941757962970187101e+00,9.625354928516951514e-01,1.025949951976331764e+00
8.128947770927155148e+00,6.511229536203387847e-01,3.181437735254364352e-01,6.270521586190669350e-01,6.677811522479221162e-01,1.000000000000000000e+00,1.954431320576309528e+00,9.630318745984387530e-01,1.025583798781722233e+00
8.299098131483816587e+00,6.555441248742284177e-01,3.223933127943771626e-01,6.316333220790021352e-01,6.720772686713032407e-01,1.000000000000000000e+00,1.967179938383131654e+00,9.635252580445080595e-01,1.025220489620354503e+00
8.472809979457228025e+00,6.599332481057712529e-01,3.266672431356364981e-01,6.361859232892294047e-01,6.763392338731233355e-01,1.000000000000000000e+00,1.980001729406909439e+00,9.640155653852802153e-01,1.024860068521237233e+00
8.650157861810310322e+00,6.642897391195460299e-01,3.309648503548673348e-01,6.407092609761508850e-01,6.805665499925112050e-01,1.000000000000000000e+00,1.992894551064602338e+00,9.645027210947910712e-01,1.024502577586910546e+00
8.831217885879240725e+00,6.686130362709190589e-01,3.352854021085800995e-01,6.452026553267796727e-01,6.847587419758338623e-01,1.000000000000000000e+00,2.005856206325739688e+00,9.649866519583476521e-01,1.024148056991178057e+00
9.016067752034233607e+00,6.729026005743766747e-01,3.396281483163363091e-01,6.496654482602717273e-01,6.889153575755668779e-01,1.000000000000000000e+00,2.018884444949009538e+00,9.654672871017735414e-01,1.023796544979202139e+00
9.204786787024040962e+00,6.771579157823608419e-01,3.439923216008816120e-01,6.540970036683030342e-01,6.930359673218503547e-01,1.000000000000000000e+00,2.031976964802644670e+00,9.659445580172919543e-01,1.023448077869908213e+00
9.397455978018328437e+00,6.813784884351017368e-01,3.483771377558431137e-01,6.584967076244556683e-01,6.971201644674084319e-01,1.000000000000000000e+00,2.045131413267529119e+00,9.664183985860810289e-01,1.023102690060644582e+00
9.594158007362626250e+00,6.855638478820077486e-01,3.527817962405507268e-01,6.628639685628557876e-01,7.011675649065650662e-01,1.000000000000000000e+00,2.058345388721651847e+00,9.668887450975116593e-01,1.022760414034030063e+00
9.794977288060767506e+00,6.897135462752134183e-01,3.572054807014664046e-01,6.671982174263667575e-01,7.051778070691182565e-01,1.000000000000000000e+00,2.071616442104399436e+00,9.673555362651055090e-01,1.022421280366928142e+00
1.000000000000000000e+01,6.938271585359374605e-01,3.616473595196331714e-01,6.714989077847022259e-01,7.091505517898727406e-01,1.000000000000000000e+00,2.084942078558899681e+00,9.678187132392588321e-01,1.022085317741481258e+00
