G_mM,total_log_ratio_sensitivity,via_PII,direct_glutamine
2.000000000000000042e-03,9.998330105176477245e-01,2.072856132262916368e-04,9.996257248928069883e-01
2.027663298433358616e-03,9.998390807730571650e-01,2.096158585726031680e-04,9.996294649125060383e-01
2.055709225906821643e-03,9.998451361070691545e-01,2.119894952223715123e-04,9.996331466335954818e-01
2.084143074811055894e-03,9.998511781184048486e-01,2.144074393395372529e-04,9.996367707155500160e-01
2.112970210739213445e-03,9.998572084946032446e-01,2.168706620516970226e-04,9.996403378058907885e-01
2.142196073499449006e-03,9.998632286567498140e-01,2.193801147730797970e-04,9.996438485402662222e-01
2.171826178141440800e-03,9.998692403812013962e-01,2.219367929513030053e-04,9.996473035425323950e-01
2.201866115997094548e-03,9.998752451778613048e-01,2.245417040849620222e-04,9.996507034248276469e-01
2.232321555735655629e-03,9.998812446454506953e-01,2.271958990546952975e-04,9.996540487876443004e-01
2.263198244433422841e-03,9.998872406491442488e-01,2.299004507629539315e-04,9.996573402198976055e-01
2.294502008658230296e-03,9.998932346988452791e-01,2.326564643344290100e-04,9.996605782989883560e-01
2.326238755568954628e-03,9.998992286597284673e-01,2.354650258898154883e-04,9.996637635908648400e-01
2.358414474030228782e-03,9.999052239528792851e-01,2.383272947968224887e-04,9.996668966500771303e-01
2.391035235742553638e-03,9.999112225322902558e-01,2.412444720575714139e-04,9.996699780198313734e-01
2.424107196388064663e-03,9.999172259966825349e-01,2.442177597722020987e-04,9.996730082320361976e-01
2.457636596792129625e-03,9.999232362112308037e-01,2.472483715712239186e-04,9.996759878073484540e-01
2.491629764101031558e-03,9.999292548634740596e-01,2.503375827029164619e-04,9.996789172552118519e-01
2.526093112975914302e-03,9.999352838185869841e-01,2.534866895646730269e-04,9.996817970738929304e-01
2.561033146803263875e-03,9.999413248529264164e-01,2.566970492081763373e-04,9.996846277505128109e-01
2.596456458922134693e-03,9.999473797428491961e-01,2.599699903079302006e-04,9.996874097610720655e-01
2.632369733868326640e-03,9.999534505311656885e-01,2.633069609708701964e-04,9.996901435704760308e-01
2.668779748635793578e-03,9.999595389942327328e-01,2.667093321008997967e-04,9.996928296325492402e-01
2.705693373955501448e-03,9.999656469972250106e-01,2.701786323570799894e-04,9.996954683900497463e-01
2.743117575591947147e-03,9.999717766717707290e-01,2.737163427661506608e-04,9.996980602746771138e-01
2.781059415657639606e-03,9.999779297942267275e-01,2.773240329560603692e-04,9.997006057070739748e-01
2.819526053945759034e-03,9.999841083185855295e-01,2.810032547893055862e-04,9.997031050968255839e-01
2.858524749281224613e-03,9.999903145541110261e-01,2.847556673244416706e-04,9.997055588424509365e-01
2.898062860890475087e-03,9.999965502771600567e-01,2.885829214657063737e-04,9.997079673313912229e-01
2.938147849790198173e-03,1.000002817708178782e+00,2.924867649511248544e-04,9.997103309399890669e-01
2.978787280195236472e-03,1.000009118978795186e+00,2.964689282119921127e-04,9.997126500334686527e-01
3.019988820945999908e-03,1.000015456220637589e+00,3.005312099003193882e-04,9.997149249659017523e-01
3.061760246955617590e-03,1.000021831565334196e+00,3.046754765448336701e-04,9.997171560801734191e-01
3.104109440677080625e-03,1.000028247322148900e+00,3.089036247471692201e-04,9.997193437079414657e-01
3.147044393590705050e-03,1.000034705711527749e+00,3.132176094001950942e-04,9.997214881695857258e-01
3.190573207712169013e-03,1.000041209220370320e+00,3.176194158383935547e-04,9.997235897741554300e-01
3.234704097121378352e-03,1.000047759980304818e+00,3.221111061941492651e-04,9.997256488193057011e-01
3.279445389512513145e-03,1.000054360389412977e+00,3.266948007203051511e-04,9.997276655912299415e-01
3.324805527765506332e-03,1.000061013023412215e+00,3.313726411371031768e-04,9.997296403645848928e-01
3.370793071539234572e-03,1.000067720280384265e+00,3.361468641384935123e-04,9.997315734024059264e-01
3.417416698886777821e-03,1.000074484736046543e+00,3.410197465302600497e-04,9.997334649560174480e-01
3.464685207892998289e-03,1.000081308877298625e+00,3.459936144907286518e-04,9.997353152649344210e-01
3.512607518334791377e-03,1.000088195457493612e+00,3.510708980337205048e-04,9.997371245567543419e-01
3.561192673364264871e-03,1.000095147141166763e+00,3.562540586124027676e-04,9.997388930470434421e-01
3.610449841215247150e-03,1.000102166504035495e+00,3.615456167580898667e-04,9.997406209392120102e-01
3.660388316933351621e-03,1.000109256565906435e+00,3.669481878699248825e-04,9.997423084243807212e-01
3.711017524130004637e-03,1.000116420168950526e+00,3.724644644068453672e-04,9.997439556812399708e-01
3.762347016760716600e-03,1.000123659977703028e+00,3.780971804410246254e-04,9.997455628758956658e-01
3.814386480927970096e-03,1.000130979278424093e+00,3.838491390191836605e-04,9.997471301617086858e-01
3.867145736709009553e-03,1.000138381002102506e+00,3.897232828598665199e-04,9.997486576791212443e-01
3.920634740008940508e-03,1.000145868079727052e+00,3.957225621426874239e-04,9.997501455554731464e-01
3.974863584439471131e-03,1.000153443975193568e+00,4.018500584181822211e-04,9.997515939048082778e-01
4.029842503223590028e-03,1.000161111708308681e+00,4.081089145177346691e-04,9.997530028276662151e-01
4.085581871126639161e-03,1.000168874742968228e+00,4.145023526208513245e-04,9.997543724108655105e-01
4.142092206414086340e-03,1.000176736454250204e+00,4.210337182947575686e-04,9.997557027272705454e-01
4.199384172836347247e-03,1.000184700217232603e+00,4.277064112642881694e-04,9.997569938355481689e-01
4.257468581641089822e-03,1.000192769762264788e+00,4.345239727868475217e-04,9.997582457799089051e-01
4.316356393613381831e-03,1.000200948642060439e+00,4.414899823610083361e-04,9.997594585898360586e-01
4.376058721144012939e-03,1.000209240498151075e+00,4.486081792684397992e-04,9.997606322797956135e-01
4.436586830326462276e-03,1.000217649238521744e+00,4.558823855316762553e-04,9.997617668489365839e-01
4.497952143082876650e-03,1.000226178771157493e+00,4.633165068756411441e-04,9.997628622807703813e-01
4.560166239319408954e-03,1.000234833181679051e+00,4.709146276063406068e-04,9.997639185428364161e-01
4.623240859111413768e-03,1.000243616466889307e+00,4.786808746266136378e-04,9.997649355863488241e-01
4.687187904918860976e-03,1.000252532890044677e+00,4.866195124519936380e-04,9.997659133458247638e-01
4.752019443832360308e-03,1.000261586714401574e+00,4.947349693758685673e-04,9.997668517386960607e-01
4.817747709850288620e-03,1.000270782380852097e+00,5.030317621872450965e-04,9.997677506648970924e-01
4.884385106187392848e-03,1.000280124507924029e+00,5.115145480804692696e-04,9.997686100064364645e-01
4.951944207615349182e-03,1.000289617714145152e+00,5.201881007165439245e-04,9.997694296269431513e-01
5.020437762835646203e-03,1.000299266706861090e+00,5.290574037361145138e-04,9.997702093711935412e-01
5.089878696885358385e-03,1.000309076548688836e+00,5.381274927019638697e-04,9.997709490646116137e-01
5.160280113576124796e-03,1.000319052124609698e+00,5.474036075579860345e-04,9.997716485127476904e-01
5.231655297966915884e-03,1.000329198586058510e+00,5.568911353876831657e-04,9.997723075007296512e-01
5.304017718870969976e-03,1.000339521350923633e+00,5.665956204634797809e-04,9.997729257926877278e-01
5.377381031397444194e-03,1.000350025925911268e+00,5.765227743985766162e-04,9.997735031311512088e-01
5.451759079528157963e-03,1.000360717640091934e+00,5.866784613159228357e-04,9.997740392364162787e-01
5.527165898730031918e-03,1.000371602533078885e+00,5.970687414296857367e-04,9.997745338058825482e-01
5.603615718603657640e-03,1.000382686378031849e+00,6.076998400308098423e-04,9.997749865133581659e-01
5.681122965568452705e-03,1.000393975214564080e+00,6.185781991517232689e-04,9.997753970083300690e-01
5.759702265585010805e-03,1.000405475348742357e+00,6.297104470081691004e-04,9.997757649152012593e-01
5.839368446915094504e-03,1.000417193175451303e+00,6.411033841717690132e-04,9.997760898324890011e-01
5.920136542919769360e-03,1.000429135356029064e+00,6.527640356808184479e-04,9.997763713319861578e-01
6.002021794896273549e-03,1.000441308551813790e+00,6.646996700838533542e-04,9.997766089578808968e-01
6.085039654954141689e-03,1.000453719957050680e+00,6.769177370527443283e-04,9.997768022258354259e-01
6.169205788931050351e-03,1.000466376588349249e+00,6.894259606217037310e-04,9.997769506220186564e-01
6.254536079349045340e-03,1.000479285817590380e+00,7.022322526992533492e-04,9.997770536020947896e-01
6.341046628411665075e-03,1.000492455460744168e+00,7.153448228153342324e-04,9.997771105901611666e-01
6.428753761042461413e-03,1.000505893067327179e+00,7.287721086188257745e-04,9.997771209776356027e-01
6.517674027965601399e-03,1.000519606897398717e+00,7.425228125398349120e-04,9.997770841220914306e-01
6.607824208829082488e-03,1.000533605299835926e+00,7.566059386206725433e-04,9.997769993460340343e-01
6.699221315371086879e-03,1.000547896712333795e+00,7.710307483384819163e-04,9.997768659356214282e-01
6.791882594630200068e-03,1.000562489927858678e+00,7.858068061653209185e-04,9.997766831393201103e-01
6.885825532199987137e-03,1.000577394183466140e+00,8.009439927047609827e-04,9.997764501664985204e-01
6.981067855528631100e-03,1.000592618716211746e+00,8.164524939935771186e-04,9.997761661859505544e-01
7.077627537264130284e-03,1.000608173207240270e+00,8.323428316484803545e-04,9.997758303243485800e-01
7.175522798645877012e-03,1.000624067515332172e+00,8.486258607689801687e-04,9.997754416646216225e-01
7.274772112943031326e-03,1.000640312032174961e+00,8.653128248810450056e-04,9.997749992442533928e-01
7.375394208940539743e-03,1.000656917327091833e+00,8.824152903682449655e-04,9.997745020534992699e-01
7.477408074473324701e-03,1.000673894235859507e+00,8.999452341431227274e-04,9.997739490335149082e-01
7.580832960009404459e-03,1.000691254127161756e+00,9.179150113167173618e-04,9.997733390743943627e-01
7.685688382282486464e-03,1.000709008458500193e+00,9.363373873771900892e-04,9.997726710131102923e-01
7.791994127974924932e-03,1.000727169220283486e+00,9.552255869601200241e-04,9.997719436313565744e-01
7.899770257451498023e-03,1.000745748847009509e+00,9.745932389062405459e-04,9.997711556532803412e-01
8.009037108544923150e-03,1.000764760128447506e+00,9.944544660640693666e-04,9.997703057431071016e-01
8.119815300393674190e-03,1.000784216298455931e+00,1.014823847554368903e-03,9.997693925026429618e-01
8.232125737332944559e-03,1.000804130946164605e+00,1.035716453730103296e-03,9.997684144686587171e-01
8.345989612839331204e-03,1.000824518015974718e+00,1.057147897531457827e-03,9.997673701101396082e-01
8.461428413530164977e-03,1.000845392162830194e+00,1.079134314824018240e-03,9.997662578254010723e-01
8.578463923218156151e-03,1.000866768308128485e+00,1.101692385295787498e-03,9.997650759390590558e-01
8.697118227022047204e-03,1.000888662083809777e+00,1.124839394042355693e-03,9.997638226988487808e-01
8.817413715534202709e-03,1.000911089477085625e+00,1.148593245948237307e-03,9.997624962722848618e-01
8.939373089045798970e-03,1.000934067185710319e+00,1.172972425283964502e-03,9.997610947431523343e-01
9.063019361830503343e-03,1.000957612262709517e+00,1.197996123537145791e-03,9.997596161078214916e-01
9.188375866487305879e-03,1.000981742382833772e+00,1.223684152981530061e-03,9.997580582713759823e-01
9.315466258343558029e-03,1.001006476197829898e+00,1.250057100315954493e-03,9.997564190435445086e-01
9.444314519918776962e-03,1.001031832448262548e+00,1.277136258341776036e-03,9.997546961344250249e-01
9.574944965450284118e-03,1.001057830851692643e+00,1.304943694049771246e-03,9.997528871499936631e-01
9.707382245481390934e-03,1.001084491836223833e+00,1.333502270314653338e-03,9.997509895873788466e-01
9.841651351513110157e-03,1.001111836540502509e+00,1.362835724585732735e-03,9.997490008298988151e-01
9.977777620720086615e-03,1.001139886813717794e+00,1.392968605210544945e-03,9.997469181418402462e-01
1.011578674073191839e-02,1.001168665037965866e+00,1.423926416872603982e-03,9.997447386629672028e-01
1.025570475448045644e-02,1.001198195016428372e+00,1.455735599869276316e-03,9.997424594027503053e-01
1.039755806511425372e-02,1.001228500818740486e+00,1.488423582626419769e-03,9.997400772342900366e-01
1.054137344098096327e-02,1.001259607669169327e+00,1.522018820324873116e-03,9.997375888879314054e-01
1.068717802067863099e-02,1.001291541768978277e+00,1.556550842928008504e-03,9.997349909445386595e-01
1.083499931817685606e-02,1.001324330118791295e+00,1.592050361636180005e-03,9.997322798284227208e-01
1.098486522800883047e-02,1.001358000962682127e+00,1.628549168547319733e-03,9.997294517998958074e-01
1.113680403053514574e-02,1.001392583255267255e+00,1.666080351517957442e-03,9.997265029474342590e-01
1.129084439728040776e-02,1.001428107461066475e+00,1.704678254425991395e-03,9.997234291794281358e-01
1.144701539634368666e-02,1.001464604843960160e+00,1.744378592548420908e-03,9.997202262154946117e-01
1.160534649788383908e-02,1.001502108000096314e+00,1.785218457826894759e-03,9.997168895773296260e-01
1.176586757968058408e-02,1.001540651035526253e+00,1.827236383248717795e-03,9.997134145790731452e-01
1.192860893277261289e-02,1.001580268766844029e+00,1.870472490553768590e-03,9.997097963171603929e-01
1.209360126717366930e-02,1.001620998142271901e+00,1.914968464000137973e-03,9.997060296596297357e-01
1.226087571766760337e-02,1.001662876909392708e+00,1.960767672127590108e-03,9.997021092348572502e-01
1.243046384968367508e-02,1.001705944769781809e+00,2.007915285741192733e-03,9.996980294196836647e-01
1.260239766525310390e-02,1.001750242490828668e+00,2.056458236557526763e-03,9.996937843269030344e-01
1.277670960904798286e-02,1.001795813238004484e+00,2.106445464767485974e-03,9.996893677920719590e-01
1.295343257450370239e-02,1.001842701153776716e+00,2.157927836364094756e-03,9.996847733596047059e-01
1.313259991002613605e-02,1.001890952689876713e+00,2.210958424261118271e-03,9.996799942681119377e-01
1.331424542528461194e-02,1.001940615896756981e+00,2.265592475499566237e-03,9.996750234349377484e-01
1.349840339759191682e-02,1.001991740956498234e+00,2.321887521939756081e-03,9.996698534398537062e-01
1.368510857837263242e-02,1.002044380093991549e+00,2.379903619658401033e-03,9.996644765078571693e-01
1.387439619972084988e-02,1.002098587843391897e+00,2.439703315043074625e-03,9.996588844910224703e-01
1.406630198104860847e-02,1.002154420692846770e+00,2.501351846292925677e-03,9.996530688493555639e-01
1.426086213582634585e-02,1.002211937883856763e+00,2.564917277843650756e-03,9.996470206305864137e-01
1.445811337841651847e-02,1.002271201056004202e+00,2.630470641299199712e-03,9.996407304488436063e-01
1.465809293100174548e-02,1.002332274513406674e+00,2.698086025397898342e-03,9.996341884621453566e-01
1.486083853060883933e-02,1.002395225135899182e+00,2.767840823056649455e-03,9.996273843486338517e-01
1.506638843622993065e-02,1.002460123089576882e+00,2.839815845328937799e-03,9.996203072814868751e-01
1.527478143604208728e-02,1.002527041382705875e+00,2.914095451571722950e-03,9.996129459024232222e-01
1.548605685472685851e-02,1.002596056043358885e+00,2.990767822922827182e-03,9.996052882937199735e-01
1.570025456089099020e-02,1.002667247007593687e+00,3.069925120301781381e-03,9.995973219486622430e-01
1.591741497458980248e-02,1.002740697408910364e+00,3.151663677008069691e-03,9.995890337403194881e-01
1.613757907495462843e-02,1.002816494111158363e+00,3.236084194086122790e-03,9.995804098885656686e-01
1.636078840792582270e-02,1.002894727886172177e+00,3.323292040768419282e-03,9.995714359252266812e-01
1.658708509409256501e-02,1.002975494035496240e+00,3.413397439623050943e-03,9.995620966572511534e-01
1.681651183664124513e-02,1.003058891768660033e+00,3.506515724720316290e-03,9.995523761277883557e-01
1.704911192941380160e-02,1.003145025268992185e+00,3.602767630293575787e-03,9.995422575750451122e-01
1.728492926507735339e-02,1.003234002983077744e+00,3.702279604148599364e-03,9.995317233887943686e-01
1.752400834340700833e-02,1.003325939130661482e+00,3.805184032158117832e-03,9.995207550643925298e-01
1.776639427968316337e-02,1.003420952727651638e+00,3.911619635889930849e-03,9.995093331541612391e-01
1.801213281320495838e-02,1.003519169007205392e+00,4.021731819485921573e-03,9.994974372159707299e-01
1.826127031592143790e-02,1.003620718709186121e+00,4.135672947307595174e-03,9.994850457588665416e-01
1.851385380118220764e-02,1.003725738879523988e+00,4.253602746124751817e-03,9.994721361855548603e-01
1.876993093260904272e-02,1.003834373669576507e+00,4.375688863957354416e-03,9.994586847315646283e-01
1.902955003309017915e-02,1.003946773447950136e+00,4.502107051631717982e-03,9.994446664008829195e-01
1.929276009389912019e-02,1.004063096665674948e+00,4.633041759109447245e-03,9.994300548978568566e-01
1.955961078393947741e-02,1.004183509234479743e+00,4.768686662147544539e-03,9.994148225551360287e-01
1.983015245911769545e-02,1.004308185326152625e+00,4.909245035559112527e-03,9.993989402574180447e-01
2.010443617184547171e-02,1.004437307816630209e+00,5.054930390156954501e-03,9.993823773607440897e-01
2.038251368067355365e-02,1.004571068641268994e+00,5.205967052101342918e-03,9.993651016070793647e-01
2.066443746005878351e-02,1.004709669771841618e+00,5.362590682636786052e-03,9.993470790338945253e-01
2.095026071026631284e-02,1.004853322861265497e+00,5.525048998878210466e-03,9.993282738784439179e-01
2.124003736740869355e-02,1.005002250931141816e+00,5.693602469087680890e-03,9.993086484764266419e-01
2.153382211362383711e-02,1.005156688105302010e+00,5.868524963375237186e-03,9.992881631546856047e-01
2.183167038739385404e-02,1.005316880675621860e+00,6.050104616498502147e-03,9.992667761175916263e-01
2.213363839400643573e-02,1.005483087901382078e+00,6.238644547224871974e-03,9.992444433267271275e-01
2.243978311616114454e-02,1.005655582098086143e+00,6.434463768134656217e-03,9.992211183734653890e-01
2.275016232472224648e-02,1.005834650502634986e+00,6.637898167834440505e-03,9.991967523440202781e-01
2.306483458962030331e-02,1.006020595006873464e+00,6.849301394312015678e-03,9.991712936765070330e-01
2.338385929090465096e-02,1.006213733933947196e+00,7.069045891520190500e-03,9.991446880095351535e-01
2.370729662994862721e-02,1.006414402215938253e+00,7.297524138052898651e-03,9.991168780218216972e-01
2.403520764080982475e-02,1.006622952903768464e+00,7.535149617064111280e-03,9.990878032622815264e-01
2.436765420174754476e-02,1.006839758144195685e+00,7.782358201994132862e-03,9.990573999700211871e-01
2.470469904689945317e-02,1.007065210334445737e+00,8.039609430905130666e-03,9.990256008836270185e-01
2.504640577811978464e-02,1.007299722921572993e+00,8.307387909686620581e-03,9.989923350391018975e-01
2.539283887698133221e-02,1.007543732356452892e+00,8.586204760328567526e-03,9.989575275557671663e-01
2.574406371694339113e-02,1.007797698715506840e+00,8.876599293447457947e-03,9.989210994094016582e-01
2.610014657568797761e-02,1.008062107832330412e+00,9.179140624150467984e-03,9.988829671918552089e-01
2.646115464762680697e-02,1.008337472274689617e+00,9.494429430816939824e-03,9.988430428563213059e-01
2.682715605658106753e-02,1.008624333387331262e+00,9.823099939990254104e-03,9.988012334474031251e-01
2.719821986863679361e-02,1.008923262713068425e+00,1.016582184850891094e-02,9.987574408150693417e-01
2.757441610517789160e-02,1.009234863857955133e+00,1.052330256250083584e-02,9.987115613115282731e-01
2.795581575609944885e-02,1.009559774889368100e+00,1.089628939713655799e-02,9.986634854700028319e-01
2.834249079320391718e-02,1.009898669668274351e+00,1.128557201279374242e-02,9.986130976643224910e-01
2.873451418378247108e-02,1.010252260780220013e+00,1.169198504874840831e-02,9.985602757481955027e-01
2.913195990438422964e-02,1.010621301400504990e+00,1.211641074721846525e-02,9.985048906729457885e-01
2.953490295477602043e-02,1.011006588047536070e+00,1.255978198509856078e-02,9.984468060824454039e-01
2.994341937209514526e-02,1.011408963158544339e+00,1.302308529368246398e-02,9.983858778838907710e-01
3.035758624519786786e-02,1.011829317931756123e+00,1.350736414998758399e-02,9.983219537929964860e-01
3.077748172920653086e-02,1.012268595346199618e+00,1.401372249702068778e-02,9.982548728521093429e-01
3.120318506025765090e-02,1.012727793359147199e+00,1.454332839809467995e-02,9.981844649196514041e-01
3.163477657045424274e-02,1.013207968281193416e+00,1.509741807840131456e-02,9.981105501292211191e-01
3.207233770302479053e-02,1.013710238417786513e+00,1.567730010802107984e-02,9.980329383165938983e-01
3.251595102769188478e-02,1.014235788154849160e+00,1.628435971715105207e-02,9.979514284127600776e-01
3.296570025625362305e-02,1.014785871600309974e+00,1.692006376527491196e-02,9.978658078010513854e-01
3.342167025838031769e-02,1.015361817202631300e+00,1.758596561734966993e-02,9.977758516362968955e-01
3.388394707762974051e-02,1.015965032724608363e+00,1.828371061445993595e-02,9.976813221238525209e-01
3.435261794768401655e-02,1.016597009328989998e+00,1.901504161489051686e-02,9.975819677562324239e-01
3.482777130881098415e-02,1.017259327706909744e+00,1.978180523364446441e-02,9.974775225049633542e-01
3.530949682455316457e-02,1.017953663051684998e+00,2.058595813953701878e-02,9.973677049651694659e-01
3.579788539864781072e-02,1.018681791542519477e+00,2.142957400686901562e-02,9.972522174502719272e-01
3.629302919218078960e-02,1.019445595673573735e+00,2.231485061505969827e-02,9.971307450340740619e-01
3.679502164097771255e-02,1.020247072158753099e+00,2.324411767084977321e-02,9.970029545373809698e-01
3.730395747323583810e-02,1.021088338504227977e+00,2.421984504462230958e-02,9.968684934561709010e-01
3.781993272739953699e-02,1.021971640202679055e+00,2.524465133145679593e-02,9.967269888282259682e-01
3.834304477028331604e-02,1.022899359170992284e+00,2.632131319303053149e-02,9.965780460349966674e-01
3.887339231544530149e-02,1.023874022720860921e+00,2.745277513507307990e-02,9.964212475353561027e-01
3.941107544181487315e-02,1.024898311374755622e+00,2.864215986069498440e-02,9.962561515277813529e-01
3.995619561257811314e-02,1.025975069968154685e+00,2.989277939652655591e-02,9.960822905373856173e-01
4.050885569432430972e-02,1.027107316708963936e+00,3.120814671333909524e-02,9.958991699241092066e-01
4.106915997645726318e-02,1.028298254546200496e+00,3.259198820615524100e-02,9.957062663082865139e-01
4.163721419087527964e-02,1.029551282627494402e+00,3.404825677307139059e-02,9.955030259097037426e-01
4.221312553192320405e-02,1.030870008644768632e+00,3.558114587222432901e-02,9.952888627961863355e-01
4.279700267662039231e-02,1.032258261268736987e+00,3.719510425741702486e-02,9.950631570376942125e-01
4.338895580516866080e-02,1.033720104270940965e+00,3.889485150153099841e-02,9.948252527618557384e-01
4.398909662174375207e-02,1.035259850823422312e+00,4.068539471081408093e-02,9.945744561068392553e-01
4.459753837557429990e-02,1.036882079130663215e+00,4.257204602635260987e-02,9.943100330674892184e-01
4.521439588231263018e-02,1.038591648150344326e+00,4.456044096887152445e-02,9.940312072306577429e-01
4.583978554570081881e-02,1.040393715712184530e+00,4.665655828322314708e-02,9.937371573957652915e-01
4.647382537953673176e-02,1.042293755393330912e+00,4.886674032652487537e-02,9.934270150767335883e-01
4.711663502994369035e-02,1.044297577035280256e+00,5.119771510167288320e-02,9.930998618815851664e-01
4.776833579794814710e-02,1.046411346017350752e+00,5.365661920833142418e-02,9.927547267662728547e-01
4.842905066236988243e-02,1.048641605017053280e+00,5.625102185788446313e-02,9.923905831595575266e-01
4.909890430302856629e-02,1.050995296836276793e+00,5.898895083546382839e-02,9.920063459561652142e-01
4.977802312427133391e-02,1.053479787449518312e+00,6.187891904203853682e-02,9.916008683758947839e-01
5.046653527882597606e-02,1.056102891361376805e+00,6.492995265749861022e-02,9.911729386869436720e-01
5.116457069198386554e-02,1.058872897896634413e+00,6.815162107392708224e-02,9.907212767923818664e-01
5.187226108611734526e-02,1.061798598511742853e+00,7.155406783311030194e-02,9.902445306795460978e-01
5.258974000553651856e-02,1.064889315749439902e+00,7.514804301019896438e-02,9.897412727330877624e-01
5.331714284168943135e-02,1.068154933347997826e+00,7.894493746925926314e-02,9.892099959135454146e-01
5.405460685871123216e-02,1.071605928038010802e+00,8.295681821835423908e-02,9.886491098046454873e-01
5.480227121932643164e-02,1.075253402182951845e+00,8.719646564459758442e-02,9.880569365340829968e-01
5.556027701110943795e-02,1.079109118462540096e+00,9.167741187461157792e-02,9.874317065742962418e-01
5.632876727310860004e-02,1.083185535355468687e+00,9.641398092792065333e-02,9.867715544317996468e-01
5.710788702283819962e-02,1.087495844354080532e+00,1.014213301379624926e-01,9.860745142359784721e-01
5.789778328364381804e-02,1.092054008333676052e+00,1.067154930824852077e-01,9.853385152408820069e-01
5.869860511244646278e-02,1.096874800898817170e+00,1.123134236047267781e-01,9.845613772565734445e-01
5.951050362787019266e-02,1.101973847461579226e+00,1.182330414378999772e-01,9.837408060299863699e-01
6.033363203875877906e-02,1.107367667296799141e+00,1.244932786811037140e-01,9.828743885990417484e-01
6.116814567308705847e-02,1.113073715686141441e+00,1.311141269923509489e-01,9.819595886480635416e-01
6.201420200727193049e-02,1.119110427882930026e+00,1.381166859904195687e-01,9.809937418972834999e-01
6.287196069588876779e-02,1.125497263387842395e+00,1.455232118438752054e-01,9.799740515645324335e-01
6.374158360179914273e-02,1.132254750313421710e+00,1.533571663696396414e-01,9.788975839430532622e-01
6.462323482669482533e-02,1.139404529704179936e+00,1.616432655373548077e-01,9.777612641458460763e-01
6.551708074206472054e-02,1.146969400034336672e+00,1.704075279357565031e-01,9.765618720740171232e-01
6.642329002058981746e-02,1.154973360728561715e+00,1.796773220488579736e-01,9.752960386743276811e-01
6.734203366797232582e-02,1.163441655105401651e+00,1.894814125600401411e-01,9.739602425595459412e-01
6.827348505520548783e-02,1.172400810700580109e+00,1.998500036074695729e-01,9.725508070742339140e-01
6.921781995128928333e-02,1.181878678391257154e+00,2.108147804863919339e-01,9.710638978983617831e-01
7.017521655639873124e-02,1.191904468100801751e+00,2.224089467673773524e-01,9.694955212914876386e-01
7.114585553551130981e-02,1.202508781306121932e+00,2.346672581412072023e-01,9.678415230911947553e-01
7.212992005249903305e-02,1.213723638660013648e+00,2.476260500531625441e-01,9.660975885910310090e-01
7.312759580469227472e-02,1.225582502639710469e+00,2.613232591640187730e-01,9.642592434351148212e-01
7.413907105792189034e-02,1.238120293090005930e+00,2.757984373678957768e-01,9.623218556788328826e-01
7.516453668204547967e-02,1.251373396593535858e+00,2.910927573724244599e-01,9.602806391775275952e-01
7.620418618696571389e-02,1.265379665049692903e+00,3.072490065285171656e-01,9.581306584773847668e-01
7.725821575914633421e-02,1.280178405904663919e+00,3.243115704660909371e-01,9.558668353948194252e-01
7.832682429863331575e-02,1.295810359147608892e+00,3.423264016489079298e-01,9.534839574820496155e-01
7.941021345658844099e-02,1.312317662316431210e+00,3.613409736913757997e-01,9.509766885869438413e-01
8.050858767334159727e-02,1.329743799338700683e+00,3.814042175586392358e-01,9.483395817241216941e-01
8.162215421696947248e-02,1.348133533385365013e+00,4.025664388437157903e-01,9.455670944812043510e-01
8.275112322240825435e-02,1.367532820850669628e+00,4.248792135590517272e-01,9.426536071883796497e-01
8.389570773110680002e-02,1.387988703616116259e+00,4.483952594610415843e-01,9.395934440804688537e-01
8.505612373122846404e-02,1.409549180708679961e+00,4.731682829581886907e-01,9.363808976775627180e-01
8.623259019840923134e-02,1.432263053668947128e+00,4.992527969799628318e-01,9.330102566023323885e-01
8.742532913707928843e-02,1.456179744518948160e+00,5.267039074068414761e-01,9.294758370383640056e-01
8.863456562235604019e-02,1.481349087839589407e+00,5.555770697694814020e-01,9.257720180132978927e-01
8.986052784251720438e-02,1.507821089186123009e+00,5.859278084364671901e-01,9.218932806622920362e-01
9.110344714206049244e-02,1.535645653705230762e+00,6.178114020244356297e-01,9.178342515904129861e-01
9.236355806535970214e-02,1.564872279669060395e+00,6.512825291626423985e-01,9.135897504059248275e-01
9.364109840092414705e-02,1.595549717681165935e+00,6.863948761833504886e-01,9.091548414393934019e-01
9.493630922627022128e-02,1.627725596087259197e+00,7.232007063882116560e-01,9.045248895953370560e-01
9.624943495341412025e-02,1.661446007483746490e+00,7.617503871962634232e-01,8.996956202032017069e-01
9.758072337499333615e-02,1.696755063296251143e+00,8.020918805441170640e-01,8.946631826427675627e-01
9.893042571102600435e-02,1.733694411942820812e+00,8.442701944102726230e-01,8.894242174156369307e-01
1.002987966563176070e-01,1.772302726399388240e+00,8.883268000574481293e-01,8.839759262199866630e-01
1.016860944285228191e-01,1.812615160634578393e+00,9.342990160426245527e-01,8.783161444613569735e-01
1.030925808168722119e-01,1.854662781353155543e+00,9.822193657627462660e-01,8.724434154997696700e-01
1.045185212315733470e-01,1.898471978112325820e+00,1.032114912214211033e+00,8.663570657952885945e-01
1.059641847538944498e-01,1.944063857850508503e+00,1.084006577797308246e+00,8.600572799735495266e-01
1.074298441869416532e-01,1.991453632621542402e+00,1.137908457815219654e+00,8.535451746937250395e-01
1.089157761071379432e-01,2.040650004930810724e+00,1.193827134774412713e+00,8.468228700685916932e-01
1.104222609164141888e-01,2.091654564884137812e+00,1.251761007536193571e+00,8.398935572653049020e-01
1.119495828951225930e-01,2.144461204878211902e+00,1.311699643952467742e+00,8.327615608120113588e-01
1.134980302556814757e-01,2.199055565288432490e+00,1.373623171130862630e+00,8.254323940561906214e-01
1.150678951969620473e-01,2.255414524299226287e+00,1.437501718084996050e+00,8.179128061719436182e-01
1.166594739594279811e-01,2.313505741158294882e+00,1.503294921953415741e+00,8.102108191019814498e-01
1.182730668810371144e-01,2.373287268175872100e+00,1.570951515283006028e+00,8.023357528517933712e-01
1.199089784539163900e-01,2.434707243104128338e+00,1.640409005441275880e+00,7.942982376333237449e-01
1.215675173818212551e-01,2.497703674952944652e+00,1.711593463431219764e+00,7.861102114876445945e-01
1.232489966383891467e-01,2.562204332434703247e+00,1.784419430219120528e+00,7.777849022023961556e-01
1.249537335261989707e-01,2.628126748582815253e+00,1.858789955978332520e+00,7.693367925804428520e-01
1.266820497366477616e-01,2.695378346473376041e+00,1.934596778093992775e+00,7.607815684088761188e-01
1.284342714106549155e-01,2.763856694398824754e+00,2.011720645612445679e+00,7.521360488172361691e-01
1.302107292002067929e-01,2.833449894579231465e+00,2.090031795535343129e+00,7.434180990929426525e-01
1.320117583307520714e-01,2.904037103945710907e+00,2.169390577538451659e+00,7.346465264302586284e-01
1.338376986644599920e-01,2.975489188639101723e+00,2.249648229194671334e+00,7.258409595139370118e-01
1.356888947643543342e-01,3.047669505029659387e+00,2.330647791863659446e+00,7.170217132655221093e-01
1.375656959593337947e-01,3.120434797354576073e+00,2.412225156944625137e+00,7.082096404932697320e-01
1.394684564100915625e-01,3.193636204246174781e+00,2.494210231826925028e+00,6.994259725693932062e-01
1.413975351759476085e-01,3.267120357497432348e+00,2.576428206038306357e+00,6.906921515947965773e-01
1.433532962826043755e-01,3.340730554945991582e+00,2.658700898289337644e+00,6.820296567867941695e-01
1.453361087908399685e-01,3.414307991711495571e+00,2.740848163854396446e+00,6.734598280267565240e-01
1.473463468661519171e-01,3.487693025183701945e+00,2.822689335756067397e+00,6.650036896224416072e-01
1.493843898493636690e-01,3.560726454088225079e+00,2.904044676873522413e+00,6.566817773676678627e-01
1.514506223282076347e-01,3.633250789958352822e+00,2.984736818228312050e+00,6.485139719177589468e-01
1.535454342098991898e-01,3.705111496010715211e+00,3.064592154862689988e+00,6.405193413446975681e-01
1.556692207947131257e-01,3.776158175217147583e+00,3.143442179970230121e+00,6.327159954973309297e-01
1.578223828505793125e-01,3.846245688166049614e+00,3.221124733964574549e+00,6.251209544789430028e-01
1.600053266887089543e-01,3.915235179574593882e+00,3.297485146654658195e+00,6.177500331801407674e-01
1.622184642402672572e-01,3.982995001505784227e+00,3.372377258396757504e+00,6.106177433845954017e-01
1.644622131341069715e-01,4.049401522765450068e+00,3.445664308553631372e+00,6.037372145156658654e-01
1.667369967755766846e-01,4.114339811600586927e+00,3.517219678279206896e+00,5.971201336307880858e-01
1.690432444264189371e-01,4.177704186192343627e+00,3.586927481651083660e+00,5.907767048147347655e-01
1.713813912857744537e-01,4.239398635652591452e+00,3.654683008263323707e+00,5.847156276883032078e-01
1.737518785723057291e-01,4.299337103796929682e+00,3.720393009752699154e+00,5.789440943494785774e-01
1.761551536074567881e-01,4.357443645597314230e+00,3.783975842239895471e+00,5.734678037109315341e-01
1.785916698998653851e-01,4.413652460888428664e+00,3.845361469330617066e+00,5.682909918993496179e-01
1.810618872309411875e-01,4.467907809280191600e+00,3.904491332485447330e+00,5.634164771438503472e-01
1.835662717416294276e-01,4.520163819821121365e+00,3.961318102787022788e+00,5.588457174051071341e-01
1.861052960203732343e-01,4.570384209046096657e+00,4.015805330518945837e+00,5.545788788834552507e-01
1.886794391922932135e-01,4.618541910517137694e+00,4.067926997395655775e+00,5.506149134902713627e-01
1.912891870096006530e-01,4.664618639349527029e+00,4.117666996367413290e+00,5.469516433676486766e-01
1.939350319432611991e-01,4.708604395364801576e+00,4.165018545134532069e+00,5.435858505904392901e-01
1.966174732759257693e-01,4.750496923922042924e+00,4.209983553995588323e+00,5.405133702747542124e-01
1.993370171961480752e-01,4.790301141843755772e+00,4.252571956756884042e+00,5.377291854401475835e-01
2.020941768939042427e-01,4.828028543135687300e+00,4.292801021334658351e+00,5.352275221209189526e-01
2.048894726574342351e-01,4.863696593293553860e+00,4.330694650234859999e+00,5.330019433874866319e-01
2.077234319714222621e-01,4.897328122099864345e+00,4.366282681315824199e+00,5.310454411143942233e-01
2.105965896165354900e-01,4.928950722682401420e+00,4.399600198516298022e+00,5.293505245107263946e-01
2.135094877703403449e-01,4.958596166071416178e+00,4.430686861822630718e+00,5.279093046059740724e-01
2.164626761096125618e-01,4.986299834675023135e+00,4.459586260923352086e+00,5.267135740550669132e-01
2.194567119140641565e-01,5.012100181067680182e+00,4.486345299599508785e+00,5.257548817867747637e-01
2.224921601715053043e-01,5.036038216177374238e+00,4.511013614343454492e+00,5.250246021672826391e-01
2.255695936844587801e-01,5.058157030113363817e+00,4.533643031929012857e+00,5.245139984836408864e-01
2.286895931782508273e-01,5.078501344302210896e+00,4.554287063951223402e+00,5.242142806689660262e-01
2.318527474105974706e-01,5.097117103192161380e+00,4.573000446189325885e+00,5.241166572923577904e-01
2.350596532827042007e-01,5.114051097176997018e+00,4.589838715588216544e+00,5.242123819216731873e-01
2.383109159519047893e-01,5.129350623889195049e+00,4.604857830160749899e+00,5.244927940371950648e-01
2.416071489458568033e-01,5.143063184287477441e+00,4.618113829837064088e+00,5.249493547298137441e-01
2.449489742783178825e-01,5.155236210940827846e+00,4.629662533770454225e+00,5.255736774597628003e-01
2.483370225665209319e-01,5.165916830685013394e+00,4.639559276786926034e+00,5.263575541825551429e-01
2.517719331501753754e-01,5.175151656588994342e+00,4.647858679711193375e+00,5.272929771689603973e-01
2.552543542121137876e-01,5.182986611917961284e+00,4.654614455318951016e+00,5.283721568570154403e-01
2.587849429006057189e-01,5.189466776367446244e+00,4.659879240512456278e+00,5.295875360775933460e-01
2.623643654533650005e-01,5.194636263206042770e+00,4.663704462436028209e+00,5.309318009922200376e-01
2.659932973232725928e-01,5.198538114292716728e+00,4.666140225460687851e+00,5.323978890738655378e-01
2.696724233058359621e-01,5.201214219785477155e+00,4.667235225564008161e+00,5.339789944494158780e-01
2.734024376684138224e-01,5.202705254769846022e+00,4.667036684067875640e+00,5.356685709074562318e-01
2.771840442812283367e-01,5.203050634450256950e+00,4.665590301815708330e+00,5.374603328576895711e-01
2.810179567501867592e-01,5.202288483752148807e+00,4.662940229448837570e+00,5.393482545095332759e-01
2.849048985515429400e-01,5.200455620357757880e+00,4.659129053072276427e+00,5.413265675178101644e-01
2.888456031684215053e-01,5.197587550731519457e+00,4.654197793588922494e+00,5.433897573234616196e-01
2.928408142292271976e-01,5.193718474827413445e+00,4.648185916639040904e+00,5.455325583973213988e-01
2.968912856479722917e-01,5.188881301099179666e+00,4.641131352686853617e+00,5.477499485755079611e-01
3.009977817665439592e-01,5.183107668860209571e+00,4.633070526375305143e+00,5.500371426561802002e-01
3.051610774989373942e-01,5.176427976660846753e+00,4.624038391406704918e+00,5.523895854094650337e-01
3.093819584774862297e-01,5.168871415617282139e+00,4.614068471630973889e+00,5.548029441354259683e-01
3.136612212011160028e-01,5.160466009357378425e+00,4.603192908640781233e+00,5.572731008890927651e-01
3.179996731856450931e-01,5.151238653899881115e+00,4.591442509561508345e+00,5.597961444768657646e-01
3.223981331161672181e-01,5.141215162818291162e+00,4.578846800640638648e+00,5.623683623150725897e-01
3.268574310015422979e-01,5.130420314425343520e+00,4.565434082330732224e+00,5.649862322290568617e-01
3.313784083310205575e-01,5.118877898335760790e+00,4.551231484210083167e+00,5.676464142599129126e-01
3.359619182330367271e-01,5.106610764760155519e+00,4.536265022318419327e+00,5.703457425358140487e-01
3.406088256361984312e-01,5.093640872688709464e+00,4.520559655553820555e+00,5.730812172557285811e-01
3.453200074325033508e-01,5.079989340051049851e+00,4.504139343314326638e+00,5.758499968251520329e-01
3.500963526428108041e-01,5.065676490667581078e+00,4.487027100613916630e+00,5.786493901762232994e-01
3.549387625846046057e-01,5.050721902533084062e+00,4.469245053349502506e+00,5.814768492981808867e-01
3.598481510420770690e-01,5.035144454124118596e+00,4.450814492232845865e+00,5.843299619984682058e-01
3.648254444385616857e-01,5.018962369929269585e+00,4.431755925149465369e+00,5.872064449098761685e-01
3.698715820113545605e-01,5.002193264236343140e+00,4.412089127552129675e+00,5.901041367548232053e-01
3.749875159889538012e-01,4.984854183276432593e+00,4.391833191487662269e+00,5.930209918741751185e-01
3.801742117707468949e-01,4.966961646002410191e+00,4.371006572076924002e+00,5.959550740248332756e-01
3.854326481091870371e-01,4.948531683024448569e+00,4.349627132630166315e+00,5.989045504476195880e-01
3.907638172944890576e-01,4.929579873025335957e+00,4.327712186877700873e+00,6.018676862047039888e-01
3.961687253418769150e-01,4.910121378010057214e+00,4.305278539262195281e+00,6.048428387839042131e-01
4.016483921814242852e-01,4.890170976734609098e+00,4.282342523841176529e+00,6.078284529656173829e-01
4.072038518505209925e-01,4.869743095192724525e+00,4.258920039295023052e+00,6.108230559468450505e-01
4.128361526889979816e-01,4.848851835936862642e+00,4.235026583247542220e+00,6.138252527157309624e-01
4.185463575369551825e-01,4.827511005123241716e+00,4.210677283503420298e+00,6.168337216692293401e-01
4.243355439353251324e-01,4.805734137736106248e+00,4.185886927294976800e+00,6.198472104658779847e-01
4.302048043292073243e-01,4.783534520685917002e+00,4.160669988622498039e+00,6.228645321052045380e-01
4.361552462740186376e-01,4.760925214397637717e+00,4.135040653212049833e+00,6.258845612249674950e-01
4.421879926444951536e-01,4.737919071878815558e+00,4.109012841290120122e+00,6.289062306072465969e-01
4.483041818465813844e-01,4.714528756871727566e+00,4.082600228989596403e+00,6.319285278842889930e-01
4.545049680322531538e-01,4.690766759252174012e+00,4.055816266827847016e+00,6.349504924350247714e-01
4.607915213173133240e-01,4.666645409823200197e+00,4.028674197380752275e+00,6.379712124632201942e-01
4.671650280021943380e-01,4.642176892771798791e+00,4.001187070517336686e+00,6.409898222483616514e-01
4.736266907958208150e-01,4.617373256388113134e+00,3.973367756829431219e+00,6.440054995605426491e-01
4.801777290425647271e-01,4.592246423271162392e+00,3.945228960040154220e+00,6.470174632308256513e-01
4.868193789523431181e-01,4.566808197994931540e+00,3.916783227140603785e+00,6.500249708688043970e-01
4.935528938338935578e-01,4.541070274233227622e+00,3.888042957538708766e+00,6.530273167193479944e-01
5.003795443312804014e-01,4.515044240208099247e+00,3.859020410551646130e+00,6.560238296507979738e-01
5.073006186636723758e-01,4.488741582839295141e+00,3.829727711558668535e+00,6.590138712671832488e-01
5.143174228684327387e-01,4.462173691577309143e+00,3.800176857428281707e+00,6.619968341373163589e-01
5.214312810475747462e-01,4.435351860278962555e+00,3.770379720080143660e+00,6.649721401339478977e-01
5.286435356176285572e-01,4.408287288032875395e+00,3.740348049144421871e+00,6.679392388764645583e-01
5.359555475629566024e-01,4.380991080396579029e+00,3.710093474078303810e+00,6.708976062709114396e-01
5.433686966925801443e-01,4.353474248346144826e+00,3.679627505146206623e+00,6.738467431414411069e-01
5.508843819005559972e-01,4.325747707527304975e+00,3.648961533542946167e+00,6.767861739475716787e-01
5.585040214299517025e-01,4.297822275874107589e+00,3.618106830266732299e+00,6.797154455819348629e-01
5.662290531404748917e-01,4.269708671933436506e+00,3.587074545677922721e+00,6.826341262434789670e-01
5.740609347798063533e-01,4.241417511430256582e+00,3.555875707033472999e+00,6.855418043813592544e-01
5.820011442586795480e-01,4.212959304120134085e+00,3.524521216400439361e+00,6.884380877050163550e-01
5.900511799297709636e-01,4.184344450222643452e+00,3.493021847928038159e+00,6.913226022561953510e-01
5.982125608704471631e-01,4.155583236209459130e+00,3.461388244663816227e+00,6.941949915389045156e-01
6.064868271694185964e-01,4.126685830890819418e+00,3.429630915156834714e+00,6.970549157035429433e-01
6.148755402173621265e-01,4.097662280660996359e+00,3.397760229845935065e+00,6.999020507816485770e-01
6.233802830015647833e-01,4.068522505323857175e+00,3.365786417308910039e+00,7.027360879679382943e-01
6.320026604046367069e-01,4.039276293371640847e+00,3.333719560372651713e+00,7.055567329464993431e-01
6.407442995073610037e-01,4.009933297560719367e+00,3.301569592272777687e+00,7.083637052582010263e-01
6.496068498957335846e-01,3.980503030576176382e+00,3.269346292825115352e+00,7.111567377065642903e-01
6.585919839722433888e-01,3.950994860268952191e+00,3.237059284399685044e+00,7.139355757995035079e-01
6.677013972714642698e-01,3.921418006014309565e+00,3.204718028723204881e+00,7.166999772245215006e-01
6.769368087800090583e-01,3.891781534082205507e+00,3.172331822684142821e+00,7.194497113550900602e-01
6.862999612609124167e-01,3.862094354400990692e+00,3.139909795539337800e+00,7.221845587860928894e-01
6.957926215824938865e-01,3.832365216849264566e+00,3.107460905897307502e+00,7.249043108963468818e-01
7.054165810517758484e-01,3.802602707836388429e+00,3.074993938307588603e+00,7.276087694363497782e-01
7.151736557525131266e-01,3.772815247782279169e+00,3.042517501573185346e+00,7.302977461395189218e-01
7.250656868878920802e-01,3.743011088352953930e+00,3.010040025954471954e+00,7.329710623553027382e-01
7.350945411279751207e-01,3.713198310340004138e+00,2.977569761562069317e+00,7.356285487026577030e-01
7.452621109619530504e-01,3.683384821684398513e+00,2.945114776882396423e+00,7.382700447424801471e-01
7.555703150552607328e-01,3.653578356588304654e+00,2.912682957851538301e+00,7.408953986676762860e-01
7.660210986116400278e-01,3.623786473838652267e+00,2.880282006769002479e+00,7.435044670096518926e-01
7.766164337402114981e-01,3.594016556884848779e+00,2.847919442472434781e+00,7.460971143600766409e-01
7.873583198276145056e-01,3.564275813205952215e+00,2.815602599999065259e+00,7.486732131068591922e-01
7.982487839153031839e-01,3.534571274443897959e+00,2.783338631190963142e+00,7.512326431833471485e-01
8.092898810820604583e-01,3.504909797547028472e+00,2.751134505653578533e+00,7.537752918298312732e-01
8.204836948317955070e-01,3.475298065436227102e+00,2.718997011989502610e+00,7.563010533664940027e-01
8.318323374867129250e-01,3.445742588337185719e+00,2.686932759299857310e+00,7.588098289770093263e-01
8.433379505859194269e-01,3.416249705845419538e+00,2.654948179228639571e+00,7.613015265020552924e-01
8.550027052895370350e-01,3.386825588513886043e+00,2.623049528201783165e+00,7.637760602420469169e-01
8.668288027884127889e-01,3.357476241006018380e+00,2.591242890171237878e+00,7.662333507684561118e-01
8.788184747194961455e-01,3.328207504249558024e+00,2.559534179465293047e+00,7.686733247431251081e-01
8.909739835869532332e-01,3.299025058756121620e+00,2.527929143928722588e+00,7.710959147450202611e-01
9.032976231891143293e-01,3.269934427962972290e+00,2.496433368797535746e+00,7.735010591039218619e-01
9.157917190513262806e-01,3.240940981608097626e+00,2.465052279767712129e+00,7.758887017405731168e-01
9.284586288647839192e-01,3.212049939538274668e+00,2.433791147466362492e+00,7.782587920128516412e-01
9.413007429314396157e-01,3.183266375694770556e+00,2.402655091077400940e+00,7.806112845675596823e-01
9.543204846150667997e-01,3.154595222398803411e+00,2.371649083146868620e+00,7.829461391974549267e-01
9.675203107985537176e-01,3.126041274104096157e+00,2.340777953350104301e+00,7.852633207031762819e-01
9.809027123475316801e-01,3.097609192059813221e+00,2.310046393217615179e+00,7.875627987597418889e-01
9.944702145804109605e-01,3.069303508618225873e+00,2.279458960772665410e+00,7.898445477873251575e-01
1.008225377744922824e+00,3.041128631653399861e+00,2.249020084775074313e+00,7.921085468260300466e-01
1.022170797501244621e+00,3.013088848935474129e+00,2.218734069447748869e+00,7.943547794144173446e-01
1.036309105411814091e+00,2.985188332615961837e+00,2.188605099079051985e+00,7.965832334715418073e-01
1.050642969437920904e+00,2.957431143668642459e+00,2.158637242405157863e+00,7.987939011822938751e-01
1.065175094443156389e+00,2.929821235952978054e+00,2.128834456985705170e+00,8.009867788858330284e-01
1.079908222703836129e+00,2.902362460521778598e+00,2.099200593490270883e+00,8.031618669669463584e-01
1.094845134426483124e+00,2.875058569817845022e+00,2.069739400034203758e+00,8.053191697501483892e-01
1.109988648272458134e+00,2.847913221359909652e+00,2.040454525881948644e+00,8.074586953963763802e-01
1.125341621889857757e+00,2.820929981939279241e+00,2.011349526070416616e+00,8.095804558021348907e-01
1.140906952452767076e+00,2.794112330595232674e+00,1.982427864005502638e+00,8.116844665009591564e-01
1.156687577207964113e+00,2.767463662300961413e+00,1.953692915680719899e+00,8.137707465670741547e-01
1.172686474029194015e+00,2.740987291449669794e+00,1.925147972913251238e+00,8.158393185211424425e-01
1.188906661979110213e+00,2.714686454341474597e+00,1.896796246057351976e+00,8.178902082379982952e-01
1.205351201878978484e+00,2.688564311892349679e+00,1.868640866974751624e+00,8.199234448562701116e-01
1.222023196886269814e+00,2.662623952276454986e+00,1.840684891550286917e+00,8.219390606898140383e-01
1.238925793080245752e+00,2.636868393124380816e+00,1.812931301939695761e+00,8.239370911408749887e-01
1.256062180055627753e+00,2.611300583321707336e+00,1.785383008648929071e+00,8.259175746149023389e-01
1.273435591524493260e+00,2.585923404696544026e+00,1.758042852194311223e+00,8.278805524369611257e-01
1.291049305926494473e+00,2.560739673374001768e+00,1.730913604547910545e+00,8.298260687696732418e-01
1.308906647047506810e+00,2.535752140997438175e+00,1.703997970390549455e+00,8.317541705326362278e-01
1.327010984646846303e+00,2.510963495394591405e+00,1.677298588050771810e+00,8.336649073232704765e-01
1.345365735093161597e+00,2.486376361532371959e+00,1.650818030135630332e+00,8.355583313390470002e-01
1.363974362009110042e+00,2.461993301361431463e+00,1.624558804024825776e+00,8.374344973010577897e-01
1.382840376924963754e+00,2.437816814349069716e+00,1.598523351876169452e+00,8.392934623788875781e-01
1.401967339941248891e+00,2.413849336835305337e+00,1.572714050695040111e+00,8.411352861167538109e-01
1.421358860400557145e+00,2.390093242521373895e+00,1.547133212113921630e+00,8.429600303608860701e-01
1.441018597568636705e+00,2.366550840826597835e+00,1.521783081550785566e+00,8.447677591881086467e-01
1.460950261324915456e+00,2.343224376710750789e+00,1.496665837889447737e+00,8.465585388356117180e-01
1.481157612862577633e+00,2.320116029919105927e+00,1.471783592213767644e+00,8.483324376318761573e-01
1.501644465398306760e+00,2.297227913028443425e+00,1.447138387034316409e+00,8.500895259287363226e-01
1.522414684891862269e+00,2.274562070936347880e+00,1.422732194877069700e+00,8.518298760345613951e-01
1.543472190775607711e+00,2.252120479062647007e+00,1.398566916891454071e+00,8.535535621485336177e-01
1.564820956694115361e+00,2.229905042061552933e+00,1.374644381685398820e+00,8.552606602960095561e-01
1.586465011254015067e+00,2.207917591423580461e+00,1.350966343145618698e+00,8.569512482649483953e-01
1.608408438784215688e+00,2.186159884920435559e+00,1.327534479343825735e+00,8.586254055433947263e-01
1.630655380106625696e+00,2.164633603807253337e+00,1.304350390493427492e+00,8.602832132579986135e-01
1.653210033317549454e+00,2.143340351401512578e+00,1.281415597261815087e+00,8.619247541135672819e-01
1.676076654579892411e+00,2.122281651129043212e+00,1.258731538763733004e+00,8.635501123336335461e-01
1.699259558926306646e+00,2.101458944836487319e+00,1.236299571186243451e+00,8.651593736020299907e-01
1.722763121073462633e+00,2.080873590437626319e+00,1.214120965402333718e+00,8.667526250054629067e-01
1.746591776247582217e+00,2.060526860669931182e+00,1.192196905635972026e+00,8.683299549770753245e-01
1.770750021021375353e+00,2.040419940785298536e+00,1.170528487542399132e+00,8.698914532409869338e-01
1.795242414162568689e+00,2.020553927173374120e+00,1.149116716403639327e+00,8.714372107578113313e-01
1.820073577494169648e+00,2.000929825429764719e+00,1.127962505781197722e+00,8.729673196711346117e-01
1.845248196766615445e+00,1.981548548890543548e+00,1.107066675619673202e+00,8.744818732549519691e-01
1.870771022541999118e+00,1.962410917077938910e+00,1.086429951211333789e+00,8.759809658620554274e-01
1.896646871090528430e+00,1.943517654501291991e+00,1.066052961587762304e+00,8.774646928733638163e-01
1.922880625299364654e+00,1.924869389124949981e+00,1.045936238435445809e+00,8.789331506481899980e-01
1.949477235594054392e+00,1.906466651524496347e+00,1.026080215078648772e+00,8.803864364754384608e-01
1.976441720872690766e+00,1.888309873976367959e+00,1.006485225413189522e+00,8.818246485257245082e-01
2.003779169453011821e+00,1.870399389103382992e+00,9.871515033207427514e-01,8.832478858044129355e-01
2.031494740032574686e+00,1.852735430052376620e+00,9.680791819403735676e-01,8.846562481055646465e-01
2.059593662662231761e+00,1.835318129295160139e+00,9.492682933479645868e-01,8.860498359667886570e-01
2.088081239733071470e+00,1.818147518717338817e+00,9.307187680501418647e-01,8.874287506249911583e-01
2.116962846976988111e+00,1.801223529129813761e+00,9.124304351573691019e-01,8.887930939730145363e-01
2.146243934481113946e+00,1.784545990801688964e+00,8.944030222696515153e-01,8.901429685171613482e-01
2.175930027716282300e+00,1.768114633282635628e+00,8.766361559375583923e-01,8.914784773355962644e-01
2.206026728579693064e+00,1.751929085713754608e+00,8.591293616857861304e-01,8.927997240376158716e-01
2.236539716452023541e+00,1.735988877937799435e+00,8.418820651979734837e-01,8.941068127237845609e-01
2.267474749269159151e+00,1.720293440499176318e+00,8.248935925613685161e-01,8.953998479469267302e-01
2.298837664608727405e+00,1.704842106242665301e+00,8.081631715383915671e-01,8.966789346739668654e-01
2.330634380791683391e+00,1.689634110890736229e+00,7.916899326087034616e-01,8.979441782486117241e-01
2.362870897999126196e+00,1.674668594464634230e+00,7.754729100534580866e-01,8.991956843548694067e-01
2.395553299404549641e+00,1.659944602883100861e+00,7.595110438613501547e-01,9.004335589813921015e-01
2.428687752321769810e+00,1.645461089250232822e+00,7.438031808384919508e-01,9.016579083866397282e-01
2.462280509368729220e+00,1.631216915676247714e+00,7.283480766072096824e-01,9.028688390648554885e-01
2.496337909647384112e+00,1.617210855142658721e+00,7.131443974329239044e-01,9.040664577128433299e-01
2.530866379939922250e+00,1.603441593456267134e+00,6.981907222772392174e-01,9.052508711975413291e-01
2.565872435921538131e+00,1.589907731469608398e+00,6.834855449392525095e-01,9.064221865243824450e-01
2.601362683389950803e+00,1.576607787034944641e+00,6.690272762251701089e-01,9.075805108064328719e-01
2.637343819511957399e+00,1.563540197668799925e+00,6.548142464239695704e-01,9.087259512343008883e-01
2.673822634087223538e+00,1.550703322772406301e+00,6.408447077637575706e-01,9.098586150468075395e-01
2.710806010829535317e+00,1.538095446429465829e+00,6.271168369022619427e-01,9.109786095024090535e-01
2.748300928665794896e+00,1.525714779626596629e+00,6.136287377816669331e-01,9.120860418513625500e-01
2.786314463052971035e+00,1.513559463317548426e+00,6.003784440048134385e-01,9.131810193086287164e-01
2.824853787313279962e+00,1.501627570954511048e+00,5.873639219373942844e-01,9.142636490274974603e-01
2.863926173987804802e+00,1.489917111507921055e+00,5.745830734323730260e-01,9.153340380739312110e-01
2.903538996208867129e+00,1.478426032130996992e+00,5.620337387111487004e-01,9.163922934016149879e-01
2.943699729091377115e+00,1.467152221090728181e+00,5.497136992834290581e-01,9.174385218277044673e-01
2.984415951143402967e+00,1.456093511009725949e+00,5.376206809908073980e-01,9.184728300092628306e-01
3.025695345696277183e+00,1.445247681308714283e+00,5.257523568918174295e-01,9.194953244203739606e-01
3.067545702354486981e+00,1.434612461714834586e+00,5.141063503848781746e-01,9.205061113299278786e-01
3.109974918465586491e+00,1.424185534837363099e+00,5.026802380671113735e-01,9.215052967800637651e-01
3.152991000610469552e+00,1.413964539365153206e+00,4.914715527605023615e-01,9.224929865652632399e-01
3.196602066114260232e+00,1.403947072997624224e+00,4.804777868032589772e-01,9.234692862120829071e-01
3.240816344578064445e+00,1.394130695420159105e+00,4.696963944545603509e-01,9.244343009595188398e-01
3.285642179431945475e+00,1.384512931190684304e+00,4.591247954546774923e-01,9.253881357399896812e-01
3.331088029509373438e+00,1.375091272670658560e+00,4.487603774991121841e-01,9.263308951609311448e-01
3.377162470643426229e+00,1.365863183000470604e+00,4.386004995367969173e-01,9.272626834869909240e-01
3.423874197285096344e+00,1.356826098852792484e+00,4.286424942190861787e-01,9.281836046228139070e-01
3.471232024143982908e+00,1.347977433097113931e+00,4.188836709863434926e-01,9.290937620964097032e-01
3.519244887851646020e+00,1.339314577863959244e+00,4.093213188240500400e-01,9.299932590430894930e-01
3.567921848647997773e+00,1.330834906987377053e+00,3.999527088229593574e-01,9.308821981899639830e-01
3.617272092091022628e+00,1.322535778713884724e+00,3.907750969430817678e-01,9.317606818409949199e-01
3.667304930790109108e+00,1.314414538455821457e+00,3.817857266097747226e-01,9.326288118625840617e-01
3.718029806163392070e+00,1.306468520834158653e+00,3.729818311835941813e-01,9.334866896696971672e-01
3.769456290219401762e+00,1.298695052787124382e+00,3.643606365400013924e-01,9.343344162125079011e-01
3.821594087363321623e+00,1.291091455168924540e+00,3.559193631935955171e-01,9.351720919635532203e-01
3.874453036228266534e+00,1.283655045991594079e+00,3.476552290728720518e-01,9.359998169053926897e-01
3.928043111531869247e+00,1.276383141712855718e+00,3.395654511727297931e-01,9.368176905187582948e-01
3.982374425958571607e+00,1.269273060033881961e+00,3.316472482711420033e-01,9.376258117711884221e-01
4.037457232067904300e+00,1.262322121808878705e+00,3.238978427257465653e-01,9.384242791061342404e-01
4.093301924229208133e+00,1.255527652954668838e+00,3.163144625591051140e-01,9.392131904325301539e-01
4.149919040583104568e+00,1.248886986493502604e+00,3.088943433386547310e-01,9.399926431148186712e-01
4.207319265030068145e+00,1.242397464151778763e+00,3.016347302061153646e-01,9.407627339634181407e-01
4.265513429246536425e+00,1.236056438624899556e+00,2.945328794238660786e-01,9.415235592256302466e-01
4.324512514728908741e+00,1.229861274731902654e+00,2.875860601974843389e-01,9.422752145769679455e-01
4.384327654865778356e+00,1.223809351458271522e+00,2.807915563697639394e-01,9.430177951129047331e-01
4.444970137038863456e+00,1.217898063154976285e+00,2.741466677950986086e-01,9.437513953410302525e-01
4.506451404752999323e+00,1.212124821137194886e+00,2.676487119565501560e-01,9.444761091736036951e-01
4.568783059795554102e+00,1.206487055105398554e+00,2.612950251774263655e-01,9.451920299204998877e-01
4.631976864425747742e+00,1.200982214388801594e+00,2.550829640935081688e-01,9.458992502825326332e-01
4.696044743594258719e+00,1.195607769233220097e+00,2.490099068781843061e-01,9.465978623451534180e-01
4.760998787193484461e+00,1.190361211866886038e+00,2.430732542741422253e-01,9.472879575725118295e-01
4.826851252338975051e+00,1.185240057566261385e+00,2.372704307805595381e-01,9.479696268018719119e-01
4.893614565682415929e+00,1.180241845943896806e+00,2.315988856811901919e-01,9.486429602383746884e-01
4.961301325756567238e+00,1.175364141392520878e+00,2.260560939658561863e-01,9.493080474501389698e-01
5.029924305352672320e+00,1.170604534550534481e+00,2.206395571973525649e-01,9.499649773636910099e-01
5.099496453930759898e+00,1.165960642568464323e+00,2.153468043059316439e-01,9.506138382597179026e-01
5.170030900063229851e+00,1.161430110174777042e+00,2.101753924322510847e-01,9.512547177691327294e-01
5.241540953912291023e+00,1.157010610430830866e+00,2.051229075751098696e-01,9.518877028694457954e-01
5.314040109741664075e+00,1.152699844952920216e+00,2.001869650786969601e-01,9.525128798814348485e-01
5.387542048462973909e+00,1.148495544933680890e+00,1.953652104434112635e-01,9.531303344661028465e-01
5.462060640217423213e+00,1.144395471319725743e+00,1.906553196970984243e-01,9.537401516219214948e-01
5.537609946993135246e+00,1.140397415566596351e+00,1.860549998459849752e-01,9.543424156823465676e-01
5.614204225278737859e+00,1.136499199638763002e+00,1.815619893347375224e-01,9.549372103136025691e-01
5.691857928753591978e+00,1.132698676764576362e+00,1.771740583075189224e-01,9.555246185127277414e-01
5.770585711015280062e+00,1.128993731747129914e+00,1.728890091696554665e-01,9.561047226058700943e-01
5.850402428344825267e+00,1.125382280520170752e+00,1.687046763450322784e-01,9.566776042468320140e-01
5.931323142510098734e+00,1.121862271569185054e+00,1.646189271767904416e-01,9.572433444158524596e-01
6.013363123608063354e+00,1.118431684732357212e+00,1.606296613674604301e-01,9.578020234186207515e-01
6.096537852946324776e+00,1.115088532621655304e+00,1.567348117145309361e-01,9.583537208855175127e-01
6.180863025964485225e+00,1.111830859557016993e+00,1.529323437979297484e-01,9.588985157710729901e-01
6.266354555195961851e+00,1.108656742720981470e+00,1.492202563571065066e-01,9.594364863536384291e-01
6.353028573270772306e+00,1.105564291270511035e+00,1.455965809806800126e-01,9.599677102352630609e-01
6.440901435959793808e+00,1.102551646647853545e+00,1.420593823281955936e-01,9.604922643417712624e-01
6.529989725261188482e+00,1.099616982935813780e+00,1.386067579549582762e-01,9.610102249230322302e-01
6.620310252529520767e+00,1.096758505880757184e+00,1.352368383229949067e-01,9.615216675534183910e-01
6.711880061648093587e+00,1.093974453780788281e+00,1.319477866880655603e-01,9.620266671324450014e-01
6.804716432245226265e+00,1.091263096730799020e+00,1.287377988963480657e-01,9.625252978855846075e-01
6.898836882955015071e+00,1.088622736578059857e+00,1.256051031756142411e-01,9.630176333652524789e-01
6.994259174723137740e+00,1.086051706744584067e+00,1.225479602619784086e-01,9.635037464519566885e-01
7.091001314158440927e+00,1.083548372138309901e+00,1.195646628001309358e-01,9.639837093556057335e-01
7.189081556930892347e+00,1.081111128886647066e+00,1.166535353001057207e-01,9.644575936169722530e-01
7.288518411216458048e+00,1.078738404070023194e+00,1.138129339645840843e-01,9.649254701093018527e-01
7.389330641189705062e+00,1.076428655366612475e+00,1.110412463349996631e-01,9.653874090400677010e-01
7.491537270564699647e+00,1.074180370963517817e+00,1.083368909779601069e-01,9.658434799528626824e-01
7.595157586184829057e+00,1.071992069023863792e+00,1.056983172621630968e-01,9.662937517294228895e-01
7.700211141662330228e+00,1.069862297686796637e+00,1.031240050882610421e-01,9.667382925917830105e-01
7.806717761068168393e+00,1.067789634490168282e+00,1.006124643834453991e-01,9.671771701045512870e-01
7.914697542672882946e+00,1.065772686148491744e+00,9.816223497409212739e-02,9.676104511773063743e-01
8.024170862739246957e+00,1.063810088242078677e+00,9.577188617028357942e-02,9.680382020671078891e-01
8.135158379367346981e+00,1.061900504639723408e+00,9.344001628359020761e-02,9.684604883811159803e-01
8.247681036392883414e+00,1.060042627587520769e+00,9.116525246909837343e-02,9.688773750793178152e-01
8.361760067339327307e+00,1.058235176820687684e+00,8.894625032856956492e-02,9.692889264773543179e-01
8.477416999424791655e+00,1.056476899563563165e+00,8.678169330864894671e-02,9.696952062494467173e-01
8.594673657624349872e+00,1.054766569907883422e+00,8.467029247219623467e-02,9.700962774314119130e-01
8.713552168788442742e+00,1.053102988635146176e+00,8.261078616517393558e-02,9.704922024237723210e-01
8.834074965818349057e+00,1.051484982639294685e+00,8.060193964671449884e-02,9.708830429949469876e-01
8.956264791899396727e+00,1.049911404704673146e+00,7.864254439297292676e-02,9.712688602845273023e-01
9.080144704792642685e+00,1.048381132884301792e+00,7.673141804318196757e-02,9.716497148066288725e-01
9.205738081186012778e+00,1.046893070277832294e+00,7.486740381419722257e-02,9.720256664533188928e-01
9.333068621105603313e+00,1.045446144587458548e+00,7.304937009717910046e-02,9.723967744981142358e-01
9.462160352387932960e+00,1.044039307762645308e+00,7.127621015066613885e-02,9.727630975995471552e-01
9.593037635214122005e+00,1.042671535289585449e+00,6.954684149906162349e-02,9.731246938047952710e-01
9.725725166706805425e+00,1.041341826324426734e+00,6.786020578309355511e-02,9.734816205533725064e-01
9.860247985590524067e+00,1.040049202716275545e+00,6.621526804328822791e-02,9.738339346808774222e-01
9.996631476916668646e+00,1.038792709096014732e+00,6.461101667491672695e-02,9.741816924227980623e-01
1.013490137685379366e+01,1.037571411988125192e+00,6.304646261179180922e-02,9.745249494183662042e-01
1.027508377754407576e+01,1.036384399899503705e+00,6.152063921442782468e-02,9.748637607144631234e-01
1.041720513202704446e+01,1.035230782564511287e+00,6.003260177648211959e-02,9.751981807695689897e-01
1.056129225923143444e+01,1.034109690589701813e+00,5.858142710716832818e-02,9.755282634577572276e-01
1.070737234903595159e+01,1.033020275187368497e+00,5.716621313834763241e-02,9.758540620727289561e-01
1.085547296740017664e+01,1.031961707820272522e+00,5.578607847124410213e-02,9.761756293318858413e-01
1.100562206156640066e+01,1.030933179491100304e+00,5.444016211652466519e-02,9.764930173804381441e-01
1.115784796533333179e+01,1.029933900698054572e+00,5.312762290237096202e-02,9.768062777955452969e-01
1.131217940440286185e+01,1.028963100946356235e+00,5.184763936312502403e-02,9.771154615904883434e-01
1.146864550180069209e+01,1.028020028215337334e+00,5.059940900762519012e-02,9.774206192188700237e-01
1.162727578337204548e+01,1.027103948825214275e+00,4.938214825363732019e-02,9.777218005788409494e-01
1.178810018335323662e+01,1.026214146815362938e+00,4.819509180929015812e-02,9.780190550173496478e-01
1.195114905002043848e+01,1.025349923811091912e+00,4.703749248293562918e-02,9.783124313344140344e-01
1.211645315141656987e+01,1.024510598490735447e+00,4.590862074424791744e-02,9.786019777874136460e-01
1.228404368115729284e+01,1.023695506319199922e+00,4.480776423952754356e-02,9.788877420953987496e-01
1.245395226431741165e+01,1.022903999103874639e+00,4.373422766675492956e-02,9.791697714434149935e-01
1.262621096339871762e+01,1.022135444772587221e+00,4.268733226607904219e-02,9.794481124868422706e-01
1.280085228438023925e+01,1.021389226796287630e+00,4.166641544986252055e-02,9.797228113557461260e-01
1.297790918285229900e+01,1.020664744144639258e+00,4.067083050434543157e-02,9.799939136592377142e-01
1.315741507023543200e+01,1.019961410797520784e+00,3.969994634577554693e-02,9.802614644898450802e-01
1.333940382008517744e+01,1.019278655389754817e+00,3.875314700982732119e-02,9.805255084278881039e-01
1.352390977448421339e+01,1.018615920989063284e+00,3.782983141488700796e-02,9.807860895458616612e-01
1.371096775052289729e+01,1.017972664429933616e+00,3.692941299346935019e-02,9.810432514128201165e-01
1.390061304686933141e+01,1.017348356580072277e+00,3.605131947879488402e-02,9.812970370987661450e-01
1.409288145043040785e+01,1.016742481629862027e+00,3.519499250857555106e-02,9.815474891790381129e-01
1.428780924310500744e+01,1.016154536959135157e+00,3.435988723173112602e-02,9.817946497386993432e-01
1.448543320863046269e+01,1.015584032559857519e+00,3.354547217108168333e-02,9.820385603769229421e-01
1.468579063952386043e+01,1.015030491080537445e+00,3.275122885223812758e-02,9.822792622113754035e-01
1.488891934411934415e+01,1.014493447293318695e+00,3.197665143502302632e-02,9.825167958825935521e-01
1.509485765370263266e+01,1.013972448138389382e+00,3.122124660039708038e-02,9.827512015583584892e-01
1.530364442974433814e+01,1.013467052013439229e+00,3.048453305147377432e-02,9.829825189380589912e-01
1.551531907123334797e+01,1.012976828684841735e+00,2.976604143855075130e-02,9.832107872570508000e-01
1.572992152211150163e+01,1.012501359287654168e+00,2.906531394869226598e-02,9.834360452910027028e-01
1.594749227881123943e+01,1.012040235437439151e+00,2.838190406599688798e-02,9.836583313602367262e-01
1.616807239789743988e+01,1.011593059718762788e+00,2.771537643487557295e-02,9.838776833340524552e-01
1.639170350381503027e+01,1.011159444930243012e+00,2.706530628658885759e-02,9.840941386350429143e-01
1.661842779674361381e+01,1.010739013862504976e+00,2.643127964323697260e-02,9.843077342433947940e-01
1.684828806056086492e+01,1.010331399342589975e+00,2.581289266325863252e-02,9.845185067011769098e-01
1.708132767091610660e+01,1.009936243656639476e+00,2.520975156183575400e-02,9.847264921166114515e-01
1.731759060341537548e+01,1.009553198638712956e+00,2.462147246522145005e-02,9.849317261683301350e-01
1.755712144191985757e+01,1.009181925093471932e+00,2.404768104728149947e-02,9.851342441096153646e-01
1.779996538695912989e+01,1.008822093018224564e+00,2.348801225167661960e-02,9.853340807726225226e-01
1.804616826426058296e+01,1.008473380803565078e+00,2.294211021753086305e-02,9.855312705725830513e-01
1.829577653339698529e+01,1.008135475588645136e+00,2.240962807140279081e-02,9.857258475119925478e-01
1.854883729655368185e+01,1.007808072728266779e+00,2.189022751818988505e-02,9.859178451847757652e-01
1.880539830741686913e+01,1.007490875659655671e+00,2.138357885438704753e-02,9.861072967804332956e-01
1.906550798018497161e+01,1.007183595680416488e+00,2.088936057794429924e-02,9.862942350881674924e-01
1.932921539870469019e+01,1.006885951770897236e+00,2.040725931923472597e-02,9.864786925009862983e-01
1.959657032573320734e+01,1.006597670594189253e+00,1.993696958760064405e-02,9.866607010197863126e-01
1.986762321232871287e+01,1.006318485874402313e+00,1.947819360301450420e-02,9.868402922574135427e-01
2.014242520737081676e+01,1.006048138529891389e+00,1.903064112856256429e-02,9.870174974426998427e-01
2.042102816721232728e+01,1.005786376540029892e+00,1.859402911846920470e-02,9.871923474244779229e-01
2.070348466546513322e+01,1.005532954545529378e+00,1.816808187211936543e-02,9.873648726755709371e-01
2.098984800292074482e+01,1.005287633804030634e+00,1.775253053197764497e-02,9.875351032967594200e-01
2.128017221760855904e+01,1.005050182056876906e+00,1.734711300324441943e-02,9.877030690207223573e-01
2.157451209499304312e+01,1.004820373218251461e+00,1.695157399197554787e-02,9.878687992159537190e-01
2.187292317831198929e+01,1.004597987375177581e+00,1.656566450502328439e-02,9.880323228906541244e-01
2.217546177905772709e+01,1.004382810698700723e+00,1.618914200721242869e-02,9.881936686965956396e-01
2.248218498760353157e+01,1.004174634910981467e+00,1.582176995613868847e-02,9.883528649329620386e-01
2.279315068397655608e+01,1.003973257462931201e+00,1.546331792672754959e-02,9.885099395501609765e-01
2.310841754878023124e+01,1.003778481534212119e+00,1.511356136591731486e-02,9.886649201536114040e-01
2.342804507426751215e+01,1.003590115367103408e+00,1.477228133102492444e-02,9.888178340075031159e-01
2.375209357556732925e+01,1.003407972532954773e+00,1.443926449787429414e-02,9.889687080385289875e-01
2.408062420206626797e+01,1.003231871798959673e+00,1.411430295053993367e-02,9.891175688395902332e-01
2.441369894894792480e+01,1.003061636728475037e+00,1.379719405566363563e-02,9.892644426734745755e-01
2.475138066889138244e+01,1.002897095903065861e+00,1.348774043812077904e-02,9.894093554765055476e-01
2.509373308393198343e+01,1.002738082389598162e+00,1.318574957003070328e-02,9.895523328621645964e-01
2.544082079748590886e+01,1.002584434095510346e+00,1.289103396590961584e-02,9.896934001246857626e-01
2.579270930654113059e+01,1.002435993147088311e+00,1.260341090698549951e-02,9.898325822426203846e-01
2.614946501401693268e+01,1.002292606155918975e+00,1.232270221634803459e-02,9.899699038823746022e-01
2.651115524129463807e+01,1.002154123863618906e+00,1.204873443818071412e-02,9.901053894017191048e-01
2.687784824092115343e+01,1.002020401230652169e+00,1.178133837796147346e-02,9.902390628532680150e-01
2.724961320948871446e+01,1.001891297214285714e+00,1.152034924860203743e-02,9.903709479879316824e-01
2.762652030069255105e+01,1.001766674724180461e+00,1.126560646354690318e-02,9.905010682583383907e-01
2.800864063856919728e+01,1.001646400311528851e+00,1.101695349742695673e-02,9.906294468222295313e-01
2.839604633091791186e+01,1.001530344391099447e+00,1.077423784787453695e-02,9.907561065458235783e-01
2.878881048290767808e+01,1.001418380841556655e+00,1.053731086299786006e-02,9.908810700071528643e-01
2.918700721087271432e+01,1.001310387183096395e+00,1.030602772044976467e-02,9.910043594993708238e-01
2.959071165629819333e+01,1.001206244399810430e+00,1.008024738986496895e-02,9.911259970340299263e-01
3.000000000000000000e+01,1.001105836540006067e+00,9.859832242323188223e-03,9.912460043443308555e-01
