PII_uM,Kp_uM,Kq_uM,gain_R_over_H,max_absolute_GS_fraction_difference
5.000000000000000000e-01,1.499999999999999944e-02,2.800000000000000266e-01,9.170608752893987248e-01,2.669410269061842089e-02
5.000000000000000000e-01,1.499999999999999944e-02,3.071471141608240196e-01,9.170608752893987248e-01,2.659938712121540094e-02
5.000000000000000000e-01,1.499999999999999944e-02,3.369262490618652461e-01,9.170608752893987248e-01,2.650409868986938755e-02
5.000000000000000000e-01,1.499999999999999944e-02,3.695925895870819655e-01,9.170608752893988358e-01,2.640864538535067640e-02
5.000000000000000000e-01,1.499999999999999944e-02,4.054260618103502356e-01,9.170608752893988358e-01,2.631343798288968139e-02
5.000000000000000000e-01,1.499999999999999944e-02,4.447337317522747635e-01,9.170608752893988358e-01,2.621888297495150733e-02
5.000000000000000000e-01,1.499999999999999944e-02,4.878524367060187439e-01,9.170608752893988358e-01,2.612679064193984546e-02
5.000000000000000000e-01,1.499999999999999944e-02,5.351516716806418161e-01,9.170608752893987248e-01,2.603979187049718091e-02
5.000000000000000000e-01,1.499999999999999944e-02,5.870367556966068490e-01,9.170608752893988358e-01,2.595445361563128439e-02
5.000000000000000000e-01,1.499999999999999944e-02,6.439523050662339099e-01,9.170608752893987248e-01,2.587108487913453159e-02
5.000000000000000000e-01,1.499999999999999944e-02,7.063860434225154306e-01,9.170608752893988358e-01,2.578996393017077282e-02
5.000000000000000000e-01,1.499999999999999944e-02,7.748729811453863858e-01,9.170608752893987248e-01,2.571133534478992066e-02
5.000000000000000000e-01,1.499999999999999944e-02,8.499999999999999778e-01,9.170608752893988358e-01,2.563540805510269860e-02
5.000000000000000000e-01,2.065174747290344712e-02,2.800000000000000266e-01,8.976352963037954602e-01,2.429263538846429538e-02
5.000000000000000000e-01,2.065174747290344712e-02,3.071471141608240196e-01,8.976352963037955712e-01,2.421274771395764969e-02
5.000000000000000000e-01,2.065174747290344712e-02,3.369262490618652461e-01,8.976352963037955712e-01,2.413240437414274076e-02
5.000000000000000000e-01,2.065174747290344712e-02,3.695925895870819655e-01,8.976352963037954602e-01,2.405194947414462936e-02
5.000000000000000000e-01,2.065174747290344712e-02,4.054260618103502356e-01,8.976352963037955712e-01,2.397172899969038373e-02
5.000000000000000000e-01,2.065174747290344712e-02,4.447337317522747635e-01,8.976352963037955712e-01,2.389208486908539486e-02
5.000000000000000000e-01,2.065174747290344712e-02,4.878524367060187439e-01,8.976352963037955712e-01,2.381334913519436713e-02
5.000000000000000000e-01,2.065174747290344712e-02,5.351516716806418161e-01,8.976352963037955712e-01,2.373583854472502419e-02
5.000000000000000000e-01,2.065174747290344712e-02,5.870367556966068490e-01,8.976352963037955712e-01,2.365984964005263258e-02
5.000000000000000000e-01,2.065174747290344712e-02,6.439523050662339099e-01,8.976352963037953492e-01,2.358565455623332086e-02
5.000000000000000000e-01,2.065174747290344712e-02,7.063860434225154306e-01,8.976352963037955712e-01,2.351492749029740481e-02
5.000000000000000000e-01,2.065174747290344712e-02,7.748729811453863858e-01,8.976352963037955712e-01,2.344915976497702337e-02
5.000000000000000000e-01,2.065174747290344712e-02,8.499999999999999778e-01,8.976352963037956822e-01,2.338567031971658383e-02
5.000000000000000000e-01,2.843297824563826778e-02,2.800000000000000266e-01,8.766515705581551243e-01,2.159774333070366148e-02
5.000000000000000000e-01,2.843297824563826778e-02,3.071471141608240196e-01,8.766515705581552353e-01,2.152910519641537679e-02
5.000000000000000000e-01,2.843297824563826778e-02,3.369262490618652461e-01,8.766515705581552353e-01,2.146010875328474565e-02
5.000000000000000000e-01,2.843297824563826778e-02,3.695925895870819655e-01,8.766515705581550133e-01,2.139503811540560685e-02
5.000000000000000000e-01,2.843297824563826778e-02,4.054260618103502356e-01,8.766515705581551243e-01,2.133045111640469171e-02
5.000000000000000000e-01,2.843297824563826778e-02,4.447337317522747635e-01,8.766515705581551243e-01,2.126634465634455462e-02
5.000000000000000000e-01,2.843297824563826778e-02,4.878524367060187439e-01,8.766515705581552353e-01,2.120298544700677246e-02
5.000000000000000000e-01,2.843297824563826778e-02,5.351516716806418161e-01,8.766515705581551243e-01,2.114062763188878646e-02
5.000000000000000000e-01,2.843297824563826778e-02,5.870367556966068490e-01,8.766515705581552353e-01,2.107950887454848599e-02
5.000000000000000000e-01,2.843297824563826778e-02,6.439523050662339099e-01,8.766515705581551243e-01,2.101984701241499387e-02
5.000000000000000000e-01,2.843297824563826778e-02,7.063860434225154306e-01,8.766515705581552353e-01,2.096183736453083313e-02
5.000000000000000000e-01,2.843297824563826778e-02,7.748729811453863858e-01,8.766515705581552353e-01,2.090565074597530715e-02
5.000000000000000000e-01,2.843297824563826778e-02,8.499999999999999778e-01,8.766515705581552353e-01,2.085143220571586409e-02
5.000000000000000000e-01,3.914604577543194519e-02,2.800000000000000266e-01,8.550733823046311466e-01,2.180165791896471195e-02
5.000000000000000000e-01,3.914604577543194519e-02,3.071471141608240196e-01,8.550733823046311466e-01,2.162659953962176029e-02
5.000000000000000000e-01,3.914604577543194519e-02,3.369262490618652461e-01,8.550733823046311466e-01,2.145764980431452695e-02
5.000000000000000000e-01,3.914604577543194519e-02,3.695925895870819655e-01,8.550733823046311466e-01,2.129508734685803262e-02
5.000000000000000000e-01,3.914604577543194519e-02,4.054260618103502356e-01,8.550733823046310356e-01,2.113908347982274005e-02
5.000000000000000000e-01,3.914604577543194519e-02,4.447337317522747635e-01,8.550733823046310356e-01,2.098970025915991577e-02
5.000000000000000000e-01,3.914604577543194519e-02,4.878524367060187439e-01,8.550733823046312576e-01,2.084689072544421151e-02
5.000000000000000000e-01,3.914604577543194519e-02,5.351516716806418161e-01,8.550733823046311466e-01,2.071059828310173323e-02
5.000000000000000000e-01,3.914604577543194519e-02,5.870367556966068490e-01,8.550733823046311466e-01,2.058208733515887179e-02
5.000000000000000000e-01,3.914604577543194519e-02,6.439523050662339099e-01,8.550733823046310356e-01,2.045976453097198000e-02
5.000000000000000000e-01,3.914604577543194519e-02,7.063860434225154306e-01,8.550733823046311466e-01,2.034425422900076885e-02
5.000000000000000000e-01,3.914604577543194519e-02,7.748729811453863858e-01,8.550733823046311466e-01,2.023555959923517555e-02
5.000000000000000000e-01,3.914604577543194519e-02,8.499999999999999778e-01,8.550733823046311466e-01,2.013304017537620449e-02
5.000000000000000000e-01,5.389561679446264186e-02,2.800000000000000266e-01,8.339783312106774371e-01,2.264269777414018581e-02
5.000000000000000000e-01,5.389561679446264186e-02,3.071471141608240196e-01,8.339783312106774371e-01,2.244726577326294770e-02
5.000000000000000000e-01,5.389561679446264186e-02,3.369262490618652461e-01,8.339783312106775481e-01,2.225891003001911894e-02
5.000000000000000000e-01,5.389561679446264186e-02,3.695925895870819655e-01,8.339783312106774371e-01,2.207787979169195669e-02
5.000000000000000000e-01,5.389561679446264186e-02,4.054260618103502356e-01,8.339783312106775481e-01,2.190430578194957345e-02
5.000000000000000000e-01,5.389561679446264186e-02,4.447337317522747635e-01,8.339783312106775481e-01,2.173819909576590881e-02
5.000000000000000000e-01,5.389561679446264186e-02,4.878524367060187439e-01,8.339783312106776592e-01,2.157945233332936308e-02
5.000000000000000000e-01,5.389561679446264186e-02,5.351516716806418161e-01,8.339783312106775481e-01,2.142926087215057951e-02
5.000000000000000000e-01,5.389561679446264186e-02,5.870367556966068490e-01,8.339783312106776592e-01,2.128655735196749443e-02
5.000000000000000000e-01,5.389561679446264186e-02,6.439523050662339099e-01,8.339783312106774371e-01,2.115090112831041758e-02
5.000000000000000000e-01,5.389561679446264186e-02,7.063860434225154306e-01,8.339783312106776592e-01,2.102393045873551802e-02
5.000000000000000000e-01,5.389561679446264186e-02,7.748729811453863858e-01,8.339783312106775481e-01,2.090308469373092226e-02
5.000000000000000000e-01,5.389561679446264186e-02,8.499999999999999778e-01,8.339783312106776592e-01,2.079090845833975187e-02
5.000000000000000000e-01,7.420257786237444142e-02,2.800000000000000266e-01,8.143510888922605995e-01,2.236102502487291588e-02
5.000000000000000000e-01,7.420257786237444142e-02,3.071471141608240196e-01,8.143510888922607105e-01,2.215435548898658791e-02
5.000000000000000000e-01,7.420257786237444142e-02,3.369262490618652461e-01,8.143510888922607105e-01,2.195538775875105486e-02
5.000000000000000000e-01,7.420257786237444142e-02,3.695925895870819655e-01,8.143510888922605995e-01,2.176432280147733156e-02
5.000000000000000000e-01,7.420257786237444142e-02,4.054260618103502356e-01,8.143510888922607105e-01,2.158123780690890392e-02
5.000000000000000000e-01,7.420257786237444142e-02,4.447337317522747635e-01,8.143510888922605995e-01,2.140608600646976001e-02
5.000000000000000000e-01,7.420257786237444142e-02,4.878524367060187439e-01,8.143510888922608215e-01,2.124009566193296727e-02
5.000000000000000000e-01,7.420257786237444142e-02,5.351516716806418161e-01,8.143510888922608215e-01,2.108218334586131615e-02
5.000000000000000000e-01,7.420257786237444142e-02,5.870367556966068490e-01,8.143510888922607105e-01,2.093178269899220734e-02
5.000000000000000000e-01,7.420257786237444142e-02,6.439523050662339099e-01,8.143510888922605995e-01,2.079082670441123604e-02
5.000000000000000000e-01,7.420257786237444142e-02,7.063860434225154306e-01,8.143510888922608215e-01,2.065692690219533834e-02
5.000000000000000000e-01,7.420257786237444142e-02,7.748729811453863858e-01,8.143510888922608215e-01,2.053164856065314847e-02
5.000000000000000000e-01,7.420257786237444142e-02,8.499999999999999778e-01,8.143510888922607105e-01,2.041316930427583554e-02
5.000000000000000000e-01,1.021608599901475400e-01,2.800000000000000266e-01,7.969124641325808778e-01,2.101023259508139063e-02
5.000000000000000000e-01,1.021608599901475400e-01,3.071471141608240196e-01,7.969124641325808778e-01,2.080358696421868991e-02
5.000000000000000000e-01,1.021608599901475400e-01,3.369262490618652461e-01,7.969124641325810998e-01,2.060479184091568161e-02
5.000000000000000000e-01,1.021608599901475400e-01,3.695925895870819655e-01,7.969124641325809888e-01,2.041398956361584194e-02
5.000000000000000000e-01,1.021608599901475400e-01,4.054260618103502356e-01,7.969124641325810998e-01,2.023172476073309412e-02
5.000000000000000000e-01,1.021608599901475400e-01,4.447337317522747635e-01,7.969124641325810998e-01,2.005824573031389502e-02
5.000000000000000000e-01,1.021608599901475400e-01,4.878524367060187439e-01,7.969124641325810998e-01,1.989285435100274224e-02
5.000000000000000000e-01,1.021608599901475400e-01,5.351516716806418161e-01,7.969124641325809888e-01,1.973530191077532692e-02
5.000000000000000000e-01,1.021608599901475400e-01,5.870367556966068490e-01,7.969124641325810998e-01,1.958738532044701497e-02
5.000000000000000000e-01,1.021608599901475400e-01,6.439523050662339099e-01,7.969124641325808778e-01,1.944674223735587404e-02
5.000000000000000000e-01,1.021608599901475400e-01,7.063860434225154306e-01,7.969124641325810998e-01,1.931479093449806061e-02
5.000000000000000000e-01,1.021608599901475400e-01,7.748729811453863858e-01,7.969124641325810998e-01,1.919020853718833575e-02
5.000000000000000000e-01,1.021608599901475400e-01,8.499999999999999778e-01,7.969124641325812108e-01,1.907389508649748322e-02
5.000000000000000000e-01,1.406533521420781918e-01,2.800000000000000266e-01,7.820419055614347137e-01,1.883668714502095831e-02
5.000000000000000000e-01,1.406533521420781918e-01,3.071471141608240196e-01,7.820419055614348247e-01,1.864123402084805203e-02
5.000000000000000000e-01,1.406533521420781918e-01,3.369262490618652461e-01,7.820419055614347137e-01,1.845357897080990295e-02
5.000000000000000000e-01,1.406533521420781918e-01,3.695925895870819655e-01,7.820419055614347137e-01,1.827382741896832474e-02
5.000000000000000000e-01,1.406533521420781918e-01,4.054260618103502356e-01,7.820419055614347137e-01,1.810197051133988211e-02
5.000000000000000000e-01,1.406533521420781918e-01,4.447337317522747635e-01,7.820419055614348247e-01,1.793788642721416693e-02
5.000000000000000000e-01,1.406533521420781918e-01,4.878524367060187439e-01,7.820419055614348247e-01,1.778223345075979900e-02
5.000000000000000000e-01,1.406533521420781918e-01,5.351516716806418161e-01,7.820419055614348247e-01,1.763492531200339108e-02
5.000000000000000000e-01,1.406533521420781918e-01,5.870367556966068490e-01,7.820419055614348247e-01,1.749479038704315759e-02
5.000000000000000000e-01,1.406533521420781918e-01,6.439523050662339099e-01,7.820419055614347137e-01,1.736354611307622253e-02
5.000000000000000000e-01,1.406533521420781918e-01,7.063860434225154306e-01,7.820419055614348247e-01,1.723913290531764453e-02
5.000000000000000000e-01,1.406533521420781918e-01,7.748729811453863858e-01,7.820419055614348247e-01,1.712296353289177731e-02
5.000000000000000000e-01,1.406533521420781918e-01,8.499999999999999778e-01,7.820419055614348247e-01,1.701307305687760341e-02
5.000000000000000000e-01,1.936491673103708511e-01,2.800000000000000266e-01,7.697989651266125000e-01,1.619165185230697634e-02
5.000000000000000000e-01,1.936491673103708511e-01,3.071471141608240196e-01,7.697989651266126110e-01,1.601580528458934616e-02
5.000000000000000000e-01,1.936491673103708511e-01,3.369262490618652461e-01,7.697989651266127220e-01,1.584698045008214873e-02
5.000000000000000000e-01,1.936491673103708511e-01,3.695925895870819655e-01,7.697989651266126110e-01,1.568523063505566917e-02
5.000000000000000000e-01,1.936491673103708511e-01,4.054260618103502356e-01,7.697989651266127220e-01,1.553126862754805604e-02
5.000000000000000000e-01,1.936491673103708511e-01,4.447337317522747635e-01,7.697989651266126110e-01,1.538476002374511431e-02
5.000000000000000000e-01,1.936491673103708511e-01,4.878524367060187439e-01,7.697989651266127220e-01,1.524522317010879036e-02
5.000000000000000000e-01,1.936491673103708511e-01,5.351516716806418161e-01,7.697989651266128330e-01,1.511305726881428946e-02
5.000000000000000000e-01,1.936491673103708511e-01,5.870367556966068490e-01,7.697989651266127220e-01,1.498856006862392398e-02
5.000000000000000000e-01,1.936491673103708511e-01,6.439523050662339099e-01,7.697989651266127220e-01,1.487029480865553754e-02
5.000000000000000000e-01,1.936491673103708511e-01,7.063860434225154306e-01,7.697989651266128330e-01,1.476014872940178968e-02
5.000000000000000000e-01,1.936491673103708511e-01,7.748729811453863858e-01,7.697989651266128330e-01,1.465561980516238982e-02
5.000000000000000000e-01,1.936491673103708511e-01,8.499999999999999778e-01,7.697989651266128330e-01,1.455869131785103576e-02
5.000000000000000000e-01,2.666129134421205693e-01,2.800000000000000266e-01,7.600075663835773598e-01,1.342074863962283704e-02
5.000000000000000000e-01,2.666129134421205693e-01,3.071471141608240196e-01,7.600075663835773598e-01,1.326963122677515816e-02
5.000000000000000000e-01,2.666129134421205693e-01,3.369262490618652461e-01,7.600075663835773598e-01,1.312474260619733712e-02
5.000000000000000000e-01,2.666129134421205693e-01,3.695925895870819655e-01,7.600075663835772488e-01,1.298611249150394276e-02
5.000000000000000000e-01,2.666129134421205693e-01,4.054260618103502356e-01,7.600075663835773598e-01,1.285368423969224239e-02
5.000000000000000000e-01,2.666129134421205693e-01,4.447337317522747635e-01,7.600075663835773598e-01,1.272784026309425887e-02
5.000000000000000000e-01,2.666129134421205693e-01,4.878524367060187439e-01,7.600075663835774709e-01,1.260872146319858000e-02
5.000000000000000000e-01,2.666129134421205693e-01,5.351516716806418161e-01,7.600075663835773598e-01,1.249544013218761851e-02
5.000000000000000000e-01,2.666129134421205693e-01,5.870367556966068490e-01,7.600075663835774709e-01,1.238879438769713293e-02
5.000000000000000000e-01,2.666129134421205693e-01,6.439523050662339099e-01,7.600075663835773598e-01,1.228816743930816191e-02
5.000000000000000000e-01,2.666129134421205693e-01,7.063860434225154306e-01,7.600075663835774709e-01,1.219347384060609496e-02
5.000000000000000000e-01,2.666129134421205693e-01,7.748729811453863858e-01,7.600075663835772488e-01,1.210465594991982918e-02
5.000000000000000000e-01,2.666129134421205693e-01,8.499999999999999778e-01,7.600075663835773598e-01,1.202155203389154714e-02
5.000000000000000000e-01,3.670681707614493750e-01,2.800000000000000266e-01,7.523569202509724496e-01,1.079261961241495538e-02
5.000000000000000000e-01,3.670681707614493750e-01,3.071471141608240196e-01,7.523569202509724496e-01,1.066741750044786219e-02
5.000000000000000000e-01,3.670681707614493750e-01,3.369262490618652461e-01,7.523569202509725606e-01,1.054765079013442186e-02
5.000000000000000000e-01,3.670681707614493750e-01,3.695925895870819655e-01,7.523569202509724496e-01,1.043317883346073227e-02
5.000000000000000000e-01,3.670681707614493750e-01,4.054260618103502356e-01,7.523569202509725606e-01,1.032394442916217958e-02
5.000000000000000000e-01,3.670681707614493750e-01,4.447337317522747635e-01,7.523569202509725606e-01,1.021982116183262068e-02
5.000000000000000000e-01,3.670681707614493750e-01,4.878524367060187439e-01,7.523569202509724496e-01,1.012139458912331147e-02
5.000000000000000000e-01,3.670681707614493750e-01,5.351516716806418161e-01,7.523569202509724496e-01,1.002824835138482751e-02
5.000000000000000000e-01,3.670681707614493750e-01,5.870367556966068490e-01,7.523569202509724496e-01,9.939845012805981206e-03
5.000000000000000000e-01,3.670681707614493750e-01,6.439523050662339099e-01,7.523569202509724496e-01,9.857281770582870806e-03
5.000000000000000000e-01,3.670681707614493750e-01,7.063860434225154306e-01,7.523569202509724496e-01,9.778866501270355727e-03
5.000000000000000000e-01,3.670681707614493750e-01,7.748729811453863858e-01,7.523569202509725606e-01,9.706157314529728630e-03
5.000000000000000000e-01,3.670681707614493750e-01,8.499999999999999778e-01,7.523569202509725606e-01,9.637398561585852619e-03
5.000000000000000000e-01,5.053732778604036469e-01,2.800000000000000266e-01,7.464869577707320403e-01,8.470258179666734222e-03
5.000000000000000000e-01,5.053732778604036469e-01,3.071471141608240196e-01,7.464869577707319293e-01,8.369750085292726460e-03
5.000000000000000000e-01,5.053732778604036469e-01,3.369262490618652461e-01,7.464869577707320403e-01,8.273403253442168648e-03
5.000000000000000000e-01,5.053732778604036469e-01,3.695925895870819655e-01,7.464869577707320403e-01,8.181607706114646383e-03
5.000000000000000000e-01,5.053732778604036469e-01,4.054260618103502356e-01,7.464869577707319293e-01,8.094177454207707179e-03
5.000000000000000000e-01,5.053732778604036469e-01,4.447337317522747635e-01,7.464869577707319293e-01,8.010907250712850924e-03
5.000000000000000000e-01,5.053732778604036469e-01,4.878524367060187439e-01,7.464869577707321513e-01,7.931764808361996266e-03
5.000000000000000000e-01,5.053732778604036469e-01,5.351516716806418161e-01,7.464869577707320403e-01,7.857393230185971689e-03
5.000000000000000000e-01,5.053732778604036469e-01,5.870367556966068490e-01,7.464869577707320403e-01,7.786758466405863111e-03
5.000000000000000000e-01,5.053732778604036469e-01,6.439523050662339099e-01,7.464869577707319293e-01,7.720564317834077706e-03
5.000000000000000000e-01,5.053732778604036469e-01,7.063860434225154306e-01,7.464869577707320403e-01,7.658082586573966566e-03
5.000000000000000000e-01,5.053732778604036469e-01,7.748729811453863858e-01,7.464869577707320403e-01,7.599765408771497199e-03
5.000000000000000000e-01,5.053732778604036469e-01,8.499999999999999778e-01,7.464869577707321513e-01,7.544720832240781050e-03
5.000000000000000000e-01,6.957894209284354314e-01,2.800000000000000266e-01,7.420459042190074017e-01,6.521115380573205833e-03
5.000000000000000000e-01,6.957894209284354314e-01,3.071471141608240196e-01,7.420459042190074017e-01,6.442422240964140734e-03
5.000000000000000000e-01,6.957894209284354314e-01,3.369262490618652461e-01,7.420459042190075127e-01,6.367034681541094976e-03
5.000000000000000000e-01,6.957894209284354314e-01,3.695925895870819655e-01,7.420459042190075127e-01,6.294965234370342166e-03
5.000000000000000000e-01,6.957894209284354314e-01,4.054260618103502356e-01,7.420459042190075127e-01,6.226637505101662029e-03
5.000000000000000000e-01,6.957894209284354314e-01,4.447337317522747635e-01,7.420459042190075127e-01,6.161601973778796371e-03
5.000000000000000000e-01,6.957894209284354314e-01,4.878524367060187439e-01,7.420459042190075127e-01,6.099729826771094210e-03
5.000000000000000000e-01,6.957894209284354314e-01,5.351516716806418161e-01,7.420459042190075127e-01,6.041525861753438420e-03
5.000000000000000000e-01,6.957894209284354314e-01,5.870367556966068490e-01,7.420459042190074017e-01,5.986462583238094659e-03
5.000000000000000000e-01,6.957894209284354314e-01,6.439523050662339099e-01,7.420459042190075127e-01,5.934603295209783802e-03
5.000000000000000000e-01,6.957894209284354314e-01,7.063860434225154306e-01,7.420459042190075127e-01,5.885958583272676847e-03
5.000000000000000000e-01,6.957894209284354314e-01,7.748729811453863858e-01,7.420459042190075127e-01,5.840296047898929643e-03
5.000000000000000000e-01,6.957894209284354314e-01,8.499999999999999778e-01,7.420459042190076238e-01,5.797499895286217786e-03
5.000000000000000000e-01,9.579511610221181916e-01,2.800000000000000266e-01,7.387214224220530756e-01,4.946623167369157414e-03
5.000000000000000000e-01,9.579511610221181916e-01,3.071471141608240196e-01,7.387214224220531866e-01,4.886168120829759154e-03
5.000000000000000000e-01,9.579511610221181916e-01,3.369262490618652461e-01,7.387214224220532977e-01,4.828280019001485179e-03
5.000000000000000000e-01,9.579511610221181916e-01,3.695925895870819655e-01,7.387214224220530756e-01,4.772949765940448508e-03
5.000000000000000000e-01,9.579511610221181916e-01,4.054260618103502356e-01,7.387214224220531866e-01,4.720382536716360988e-03
5.000000000000000000e-01,9.579511610221181916e-01,4.447337317522747635e-01,7.387214224220531866e-01,4.670512838167439895e-03
5.000000000000000000e-01,9.579511610221181916e-01,4.878524367060187439e-01,7.387214224220532977e-01,4.623091602810158740e-03
5.000000000000000000e-01,9.579511610221181916e-01,5.351516716806418161e-01,7.387214224220531866e-01,4.578336308775243779e-03
5.000000000000000000e-01,9.579511610221181916e-01,5.870367556966068490e-01,7.387214224220531866e-01,4.536173147437705389e-03
5.000000000000000000e-01,9.579511610221181916e-01,6.439523050662339099e-01,7.387214224220530756e-01,4.496316426476187900e-03
5.000000000000000000e-01,9.579511610221181916e-01,7.063860434225154306e-01,7.387214224220532977e-01,4.459104267490077156e-03
5.000000000000000000e-01,9.579511610221181916e-01,7.748729811453863858e-01,7.387214224220532977e-01,4.424024965763329043e-03
5.000000000000000000e-01,9.579511610221181916e-01,8.499999999999999778e-01,7.387214224220531866e-01,4.391320383354546664e-03
5.000000000000000000e-01,1.318891031253563773e+00,2.800000000000000266e-01,7.362525178331215114e-01,3.710251668761710420e-03
5.000000000000000000e-01,1.318891031253563773e+00,3.071471141608240196e-01,7.362525178331215114e-01,3.664475560547386657e-03
5.000000000000000000e-01,1.318891031253563773e+00,3.369262490618652461e-01,7.362525178331215114e-01,3.620658641173113423e-03
5.000000000000000000e-01,1.318891031253563773e+00,3.695925895870819655e-01,7.362525178331216225e-01,3.578792642305206329e-03
5.000000000000000000e-01,1.318891031253563773e+00,4.054260618103502356e-01,7.362525178331216225e-01,3.538938447314343705e-03
5.000000000000000000e-01,1.318891031253563773e+00,4.447337317522747635e-01,7.362525178331216225e-01,3.501229988675857996e-03
5.000000000000000000e-01,1.318891031253563773e+00,4.878524367060187439e-01,7.362525178331217335e-01,3.465385726140746137e-03
5.000000000000000000e-01,1.318891031253563773e+00,5.351516716806418161e-01,7.362525178331216225e-01,3.431475324855770559e-03
5.000000000000000000e-01,1.318891031253563773e+00,5.870367556966068490e-01,7.362525178331216225e-01,3.399627721711984130e-03
5.000000000000000000e-01,1.318891031253563773e+00,6.439523050662339099e-01,7.362525178331215114e-01,3.369440175916005309e-03
5.000000000000000000e-01,1.318891031253563773e+00,7.063860434225154306e-01,7.362525178331217335e-01,3.341352614894210760e-03
5.000000000000000000e-01,1.318891031253563773e+00,7.748729811453863858e-01,7.362525178331217335e-01,3.314791923880622271e-03
5.000000000000000000e-01,1.318891031253563773e+00,8.499999999999999778e-01,7.362525178331217335e-01,3.290125515053476946e-03
5.000000000000000000e-01,1.815826968115054285e+00,2.800000000000000266e-01,7.344298217425605513e-01,2.759454522384019448e-03
5.000000000000000000e-01,1.815826968115054285e+00,3.071471141608240196e-01,7.344298217425605513e-01,2.725169382777004046e-03
5.000000000000000000e-01,1.815826968115054285e+00,3.369262490618652461e-01,7.344298217425606623e-01,2.692360235658997070e-03
5.000000000000000000e-01,1.815826968115054285e+00,3.695925895870819655e-01,7.344298217425606623e-01,2.661020114289702754e-03
5.000000000000000000e-01,1.815826968115054285e+00,4.054260618103502356e-01,7.344298217425606623e-01,2.631142650420970064e-03
5.000000000000000000e-01,1.815826968115054285e+00,4.447337317522747635e-01,7.344298217425607733e-01,2.602929082441529651e-03
5.000000000000000000e-01,1.815826968115054285e+00,4.878524367060187439e-01,7.344298217425608843e-01,2.576117405759026369e-03
5.000000000000000000e-01,1.815826968115054285e+00,5.351516716806418161e-01,7.344298217425607733e-01,2.550707577772093337e-03
5.000000000000000000e-01,1.815826968115054285e+00,5.870367556966068490e-01,7.344298217425606623e-01,2.526897735483091267e-03
5.000000000000000000e-01,1.815826968115054285e+00,6.439523050662339099e-01,7.344298217425606623e-01,2.504290655591656645e-03
5.000000000000000000e-01,1.815826968115054285e+00,7.063860434225154306e-01,7.344298217425607733e-01,2.483296287678959935e-03
5.000000000000000000e-01,1.815826968115054285e+00,7.748729811453863858e-01,7.344298217425606623e-01,2.463403974171440858e-03
5.000000000000000000e-01,1.815826968115054285e+00,8.499999999999999778e-01,7.344298217425607733e-01,2.444983224312302639e-03
5.000000000000000000e-01,2.500000000000000000e+00,2.800000000000000266e-01,7.330900675393462462e-01,2.039422479661490151e-03
5.000000000000000000e-01,2.500000000000000000e+00,3.071471141608240196e-01,7.330900675393462462e-01,2.013952060016532819e-03
5.000000000000000000e-01,2.500000000000000000e+00,3.369262490618652461e-01,7.330900675393462462e-01,1.989582868677675087e-03
5.000000000000000000e-01,2.500000000000000000e+00,3.695925895870819655e-01,7.330900675393463573e-01,1.966309303156221766e-03
5.000000000000000000e-01,2.500000000000000000e+00,4.054260618103502356e-01,7.330900675393463573e-01,1.944111711913443230e-03
5.000000000000000000e-01,2.500000000000000000e+00,4.447337317522747635e-01,7.330900675393463573e-01,1.923154437903029645e-03
5.000000000000000000e-01,2.500000000000000000e+00,4.878524367060187439e-01,7.330900675393464683e-01,1.903255064645281713e-03
5.000000000000000000e-01,2.500000000000000000e+00,5.351516716806418161e-01,7.330900675393463573e-01,1.884371820978114620e-03
5.000000000000000000e-01,2.500000000000000000e+00,5.870367556966068490e-01,7.330900675393463573e-01,1.866707112153975778e-03
5.000000000000000000e-01,2.500000000000000000e+00,6.439523050662339099e-01,7.330900675393461352e-01,1.849938144631302350e-03
5.000000000000000000e-01,2.500000000000000000e+00,7.063860434225154306e-01,7.330900675393463573e-01,1.834340416819180142e-03
5.000000000000000000e-01,2.500000000000000000e+00,7.748729811453863858e-01,7.330900675393462462e-01,1.819563099194732025e-03
5.000000000000000000e-01,2.500000000000000000e+00,8.499999999999999778e-01,7.330900675393463573e-01,1.805907683396945629e-03
5.000000000000000000e+00,1.499999999999999944e-02,2.800000000000000266e-01,9.885455863805542309e-01,3.735358260851595613e-02
5.000000000000000000e+00,1.499999999999999944e-02,3.071471141608240196e-01,9.885455863805543419e-01,3.730311368374003567e-02
5.000000000000000000e+00,1.499999999999999944e-02,3.369262490618652461e-01,9.885455863805543419e-01,3.724852691210728262e-02
5.000000000000000000e+00,1.499999999999999944e-02,3.695925895870819655e-01,9.885455863805543419e-01,3.718956066533007920e-02
5.000000000000000000e+00,1.499999999999999944e-02,4.054260618103502356e-01,9.885455863805543419e-01,3.712595029013759929e-02
5.000000000000000000e+00,1.499999999999999944e-02,4.447337317522747635e-01,9.885455863805542309e-01,3.705743085650806123e-02
5.000000000000000000e+00,1.499999999999999944e-02,4.878524367060187439e-01,9.885455863805543419e-01,3.698374042528707051e-02
5.000000000000000000e+00,1.499999999999999944e-02,5.351516716806418161e-01,9.885455863805543419e-01,3.690462386087209334e-02
5.000000000000000000e+00,1.499999999999999944e-02,5.870367556966068490e-01,9.885455863805544530e-01,3.681983720101561497e-02
5.000000000000000000e+00,1.499999999999999944e-02,6.439523050662339099e-01,9.885455863805541199e-01,3.672915257770170694e-02
5.000000000000000000e+00,1.499999999999999944e-02,7.063860434225154306e-01,9.885455863805542309e-01,3.663466884592048167e-02
5.000000000000000000e+00,1.499999999999999944e-02,7.748729811453863858e-01,9.885455863805543419e-01,3.653598305854033335e-02
5.000000000000000000e+00,1.499999999999999944e-02,8.499999999999999778e-01,9.885455863805542309e-01,3.643111001475463073e-02
5.000000000000000000e+00,2.065174747290344712e-02,2.800000000000000266e-01,9.844773901394054949e-01,3.686527533602226847e-02
5.000000000000000000e+00,2.065174747290344712e-02,3.071471141608240196e-01,9.844773901394057170e-01,3.681702906988193469e-02
5.000000000000000000e+00,2.065174747290344712e-02,3.369262490618652461e-01,9.844773901394056059e-01,3.676484965864798560e-02
5.000000000000000000e+00,2.065174747290344712e-02,3.695925895870819655e-01,9.844773901394056059e-01,3.670848781323007848e-02
5.000000000000000000e+00,2.065174747290344712e-02,4.054260618103502356e-01,9.844773901394057170e-01,3.664769148365862317e-02
5.000000000000000000e+00,2.065174747290344712e-02,4.447337317522747635e-01,9.844773901394054949e-01,3.658220849845117417e-02
5.000000000000000000e+00,2.065174747290344712e-02,4.878524367060187439e-01,9.844773901394056059e-01,3.651178969955470865e-02
5.000000000000000000e+00,2.065174747290344712e-02,5.351516716806418161e-01,9.844773901394058280e-01,3.643619259671063149e-02
5.000000000000000000e+00,2.065174747290344712e-02,5.870367556966068490e-01,9.844773901394057170e-01,3.635518555192465695e-02
5.000000000000000000e+00,2.065174747290344712e-02,6.439523050662339099e-01,9.844773901394057170e-01,3.626855248729934922e-02
5.000000000000000000e+00,2.065174747290344712e-02,7.063860434225154306e-01,9.844773901394058280e-01,3.617609808753427525e-02
5.000000000000000000e+00,2.065174747290344712e-02,7.748729811453863858e-01,9.844773901394058280e-01,3.607765344193242241e-02
5.000000000000000000e+00,2.065174747290344712e-02,8.499999999999999778e-01,9.844773901394057170e-01,3.597308204012403254e-02
5.000000000000000000e+00,2.843297824563826778e-02,2.800000000000000266e-01,9.790809821532485691e-01,3.620800339912949584e-02
5.000000000000000000e+00,2.843297824563826778e-02,3.071471141608240196e-01,9.790809821532483470e-01,3.616236382014256789e-02
5.000000000000000000e+00,2.843297824563826778e-02,3.369262490618652461e-01,9.790809821532483470e-01,3.611300701759229126e-02
5.000000000000000000e+00,2.843297824563826778e-02,3.695925895870819655e-01,9.790809821532482360e-01,3.605969800421923721e-02
5.000000000000000000e+00,2.843297824563826778e-02,4.054260618103502356e-01,9.790809821532486801e-01,3.600219931436185461e-02
5.000000000000000000e+00,2.843297824563826778e-02,4.447337317522747635e-01,9.790809821532484580e-01,3.594027351307113594e-02
5.000000000000000000e+00,2.843297824563826778e-02,4.878524367060187439e-01,9.790809821532482360e-01,3.587368617306105345e-02
5.000000000000000000e+00,2.843297824563826778e-02,5.351516716806418161e-01,9.790809821532484580e-01,3.580220934133079846e-02
5.000000000000000000e+00,2.843297824563826778e-02,5.870367556966068490e-01,9.790809821532484580e-01,3.572562550471464204e-02
5.000000000000000000e+00,2.843297824563826778e-02,6.439523050662339099e-01,9.790809821532484580e-01,3.564373204699045061e-02
5.000000000000000000e+00,2.843297824563826778e-02,7.063860434225154306e-01,9.790809821532483470e-01,3.555634616931407921e-02
5.000000000000000000e+00,2.843297824563826778e-02,7.748729811453863858e-01,9.790809821532484580e-01,3.546331022063203831e-02
5.000000000000000000e+00,2.843297824563826778e-02,8.499999999999999778e-01,9.790809821532483470e-01,3.536449735574412334e-02
5.000000000000000000e+00,3.914604577543194519e-02,2.800000000000000266e-01,9.720144065862481586e-01,3.533299812799928219e-02
5.000000000000000000e+00,3.914604577543194519e-02,3.071471141608240196e-01,9.720144065862482696e-01,3.529041745509045591e-02
5.000000000000000000e+00,3.914604577543194519e-02,3.369262490618652461e-01,9.720144065862482696e-01,3.524437203472036151e-02
5.000000000000000000e+00,3.914604577543194519e-02,3.695925895870819655e-01,9.720144065862481586e-01,3.519464344190359473e-02
5.000000000000000000e+00,3.914604577543194519e-02,4.054260618103502356e-01,9.720144065862483806e-01,3.514101106931388774e-02
5.000000000000000000e+00,3.914604577543194519e-02,4.447337317522747635e-01,9.720144065862482696e-01,3.508325448023888460e-02
5.000000000000000000e+00,3.914604577543194519e-02,4.878524367060187439e-01,9.720144065862481586e-01,3.502115619705978289e-02
5.000000000000000000e+00,3.914604577543194519e-02,5.351516716806418161e-01,9.720144065862484917e-01,3.495450494493343441e-02
5.000000000000000000e+00,3.914604577543194519e-02,5.870367556966068490e-01,9.720144065862484917e-01,3.488309935847047627e-02
5.000000000000000000e+00,3.914604577543194519e-02,6.439523050662339099e-01,9.720144065862483806e-01,3.480675214357989433e-02
5.000000000000000000e+00,3.914604577543194519e-02,7.063860434225154306e-01,9.720144065862483806e-01,3.472529466706977819e-02
5.000000000000000000e+00,3.914604577543194519e-02,7.748729811453863858e-01,9.720144065862484917e-01,3.463858192310143025e-02
5.000000000000000000e+00,3.914604577543194519e-02,8.499999999999999778e-01,9.720144065862481586e-01,3.454649779854265801e-02
5.000000000000000000e+00,5.389561679446264186e-02,2.800000000000000266e-01,9.629153503090264188e-01,3.418960902721224215e-02
5.000000000000000000e+00,5.389561679446264186e-02,3.071471141608240196e-01,9.629153503090264188e-01,3.414863553557709319e-02
5.000000000000000000e+00,5.389561679446264186e-02,3.369262490618652461e-01,9.629153503090264188e-01,3.410433692604927791e-02
5.000000000000000000e+00,5.389561679446264186e-02,3.695925895870819655e-01,9.629153503090263078e-01,3.405650516486252721e-02
5.000000000000000000e+00,5.389561679446264186e-02,4.054260618103502356e-01,9.629153503090265298e-01,3.400733725575996735e-02
5.000000000000000000e+00,5.389561679446264186e-02,4.447337317522747635e-01,9.629153503090264188e-01,3.395444176751544196e-02
5.000000000000000000e+00,5.389561679446264186e-02,4.878524367060187439e-01,9.629153503090264188e-01,3.389757556484798706e-02
5.000000000000000000e+00,5.389561679446264186e-02,5.351516716806418161e-01,9.629153503090266408e-01,3.383654638746003140e-02
5.000000000000000000e+00,5.389561679446264186e-02,5.870367556966068490e-01,9.629153503090264188e-01,3.377117121009010070e-02
5.000000000000000000e+00,5.389561679446264186e-02,6.439523050662339099e-01,9.629153503090265298e-01,3.370128005849237773e-02
5.000000000000000000e+00,5.389561679446264186e-02,7.063860434225154306e-01,9.629153503090265298e-01,3.362672021311108317e-02
5.000000000000000000e+00,5.389561679446264186e-02,7.748729811453863858e-01,9.629153503090265298e-01,3.354736075277026108e-02
5.000000000000000000e+00,5.389561679446264186e-02,8.499999999999999778e-01,9.629153503090265298e-01,3.346309736590352690e-02
5.000000000000000000e+00,7.420257786237444142e-02,2.800000000000000266e-01,9.514500625668688150e-01,3.274591864342488168e-02
5.000000000000000000e+00,7.420257786237444142e-02,3.071471141608240196e-01,9.514500625668688150e-01,3.270912460319214121e-02
5.000000000000000000e+00,7.420257786237444142e-02,3.369262490618652461e-01,9.514500625668687039e-01,3.266934709694935268e-02
5.000000000000000000e+00,7.420257786237444142e-02,3.695925895870819655e-01,9.514500625668688150e-01,3.262639991408411433e-02
5.000000000000000000e+00,7.420257786237444142e-02,4.054260618103502356e-01,9.514500625668689260e-01,3.258009535977252069e-02
5.000000000000000000e+00,7.420257786237444142e-02,4.447337317522747635e-01,9.514500625668687039e-01,3.253024632434042829e-02
5.000000000000000000e+00,7.420257786237444142e-02,4.878524367060187439e-01,9.514500625668687039e-01,3.247666872572563257e-02
5.000000000000000000e+00,7.420257786237444142e-02,5.351516716806418161e-01,9.514500625668690370e-01,3.241918433984725123e-02
5.000000000000000000e+00,7.420257786237444142e-02,5.870367556966068490e-01,9.514500625668689260e-01,3.235762402301120555e-02
5.000000000000000000e+00,7.420257786237444142e-02,6.439523050662339099e-01,9.514500625668688150e-01,3.229183131660931516e-02
5.000000000000000000e+00,7.420257786237444142e-02,7.063860434225154306e-01,9.514500625668688150e-01,3.222166640714618779e-02
5.000000000000000000e+00,7.420257786237444142e-02,7.748729811453863858e-01,9.514500625668688150e-01,3.214701039415507333e-02
5.000000000000000000e+00,7.420257786237444142e-02,8.499999999999999778e-01,9.514500625668689260e-01,3.206776979518982662e-02
5.000000000000000000e+00,1.021608599901475400e-01,2.800000000000000266e-01,9.373907647819262889e-01,3.092708279093314694e-02
5.000000000000000000e+00,1.021608599901475400e-01,3.071471141608240196e-01,9.373907647819262889e-01,3.089326302280945291e-02
5.000000000000000000e+00,1.021608599901475400e-01,3.369262490618652461e-01,9.373907647819261779e-01,3.085670696387943224e-02
5.000000000000000000e+00,1.021608599901475400e-01,3.695925895870819655e-01,9.373907647819261779e-01,3.081724490954129703e-02
5.000000000000000000e+00,1.021608599901475400e-01,4.054260618103502356e-01,9.373907647819262889e-01,3.077470602039431014e-02
5.000000000000000000e+00,1.021608599901475400e-01,4.447337317522747635e-01,9.373907647819261779e-01,3.072892024462736682e-02
5.000000000000000000e+00,1.021608599901475400e-01,4.878524367060187439e-01,9.373907647819261779e-01,3.067974172332368910e-02
5.000000000000000000e+00,1.021608599901475400e-01,5.351516716806418161e-01,9.373907647819262889e-01,3.062966787540821745e-02
5.000000000000000000e+00,1.021608599901475400e-01,5.870367556966068490e-01,9.373907647819262889e-01,3.057604822002613076e-02
5.000000000000000000e+00,1.021608599901475400e-01,6.439523050662339099e-01,9.373907647819261779e-01,3.051874744335036915e-02
5.000000000000000000e+00,1.021608599901475400e-01,7.063860434225154306e-01,9.373907647819261779e-01,3.045764483850460502e-02
5.000000000000000000e+00,1.021608599901475400e-01,7.748729811453863858e-01,9.373907647819262889e-01,3.039263802082731170e-02
5.000000000000000000e+00,1.021608599901475400e-01,8.499999999999999778e-01,9.373907647819261779e-01,3.032364684570720836e-02
5.000000000000000000e+00,1.406533521420781918e-01,2.800000000000000266e-01,9.207142862645975034e-01,2.873012358874474370e-02
5.000000000000000000e+00,1.406533521420781918e-01,3.071471141608240196e-01,9.207142862645975034e-01,2.870158387668300670e-02
5.000000000000000000e+00,1.406533521420781918e-01,3.369262490618652461e-01,9.207142862645975034e-01,2.867073630963681841e-02
5.000000000000000000e+00,1.406533521420781918e-01,3.695925895870819655e-01,9.207142862645973924e-01,2.863743797981466166e-02
5.000000000000000000e+00,1.406533521420781918e-01,4.054260618103502356e-01,9.207142862645976145e-01,2.860154507028381254e-02
5.000000000000000000e+00,1.406533521420781918e-01,4.447337317522747635e-01,9.207142862645973924e-01,2.856291448176531689e-02
5.000000000000000000e+00,1.406533521420781918e-01,4.878524367060187439e-01,9.207142862645973924e-01,2.852140574683786900e-02
5.000000000000000000e+00,1.406533521420781918e-01,5.351516716806418161e-01,9.207142862645976145e-01,2.847688324169969643e-02
5.000000000000000000e+00,1.406533521420781918e-01,5.870367556966068490e-01,9.207142862645976145e-01,2.842921869711698135e-02
5.000000000000000000e+00,1.406533521420781918e-01,6.439523050662339099e-01,9.207142862645973924e-01,2.837829399920532847e-02
5.000000000000000000e+00,1.406533521420781918e-01,7.063860434225154306e-01,9.207142862645975034e-01,2.832400425714959313e-02
5.000000000000000000e+00,1.406533521420781918e-01,7.748729811453863858e-01,9.207142862645975034e-01,2.826626109898755512e-02
5.000000000000000000e+00,1.406533521420781918e-01,8.499999999999999778e-01,9.207142862645975034e-01,2.820499613846177978e-02
5.000000000000000000e+00,1.936491673103708511e-01,2.800000000000000266e-01,9.016959884791526658e-01,2.617819619562342104e-02
5.000000000000000000e+00,1.936491673103708511e-01,3.071471141608240196e-01,9.016959884791527768e-01,2.615226223519695470e-02
5.000000000000000000e+00,1.936491673103708511e-01,3.369262490618652461e-01,9.016959884791526658e-01,2.612423695586271744e-02
5.000000000000000000e+00,1.936491673103708511e-01,3.695925895870819655e-01,9.016959884791525548e-01,2.609399190318742456e-02
5.000000000000000000e+00,1.936491673103708511e-01,4.054260618103502356e-01,9.016959884791528879e-01,2.606139801713597270e-02
5.000000000000000000e+00,1.936491673103708511e-01,4.447337317522747635e-01,9.016959884791526658e-01,2.602632712945496252e-02
5.000000000000000000e+00,1.936491673103708511e-01,4.878524367060187439e-01,9.016959884791526658e-01,2.598957752183797543e-02
5.000000000000000000e+00,1.936491673103708511e-01,5.351516716806418161e-01,9.016959884791529989e-01,2.595144990396866524e-02
5.000000000000000000e+00,1.936491673103708511e-01,5.870367556966068490e-01,9.016959884791527768e-01,2.591063893027678589e-02
5.000000000000000000e+00,1.936491673103708511e-01,6.439523050662339099e-01,9.016959884791527768e-01,2.586704497240754907e-02
5.000000000000000000e+00,1.936491673103708511e-01,7.063860434225154306e-01,9.016959884791527768e-01,2.582057988830210871e-02
5.000000000000000000e+00,1.936491673103708511e-01,7.748729811453863858e-01,9.016959884791527768e-01,2.577116983923571913e-02
5.000000000000000000e+00,1.936491673103708511e-01,8.499999999999999778e-01,9.016959884791527768e-01,2.571875824708805269e-02
5.000000000000000000e+00,2.666129134421205693e-01,2.800000000000000266e-01,8.809554126206463609e-01,2.347696992780523573e-02
5.000000000000000000e+00,2.666129134421205693e-01,3.071471141608240196e-01,8.809554126206463609e-01,2.334293074160720405e-02
5.000000000000000000e+00,2.666129134421205693e-01,3.369262490618652461e-01,8.809554126206462499e-01,2.328196122619832775e-02
5.000000000000000000e+00,2.666129134421205693e-01,3.695925895870819655e-01,8.809554126206462499e-01,2.325703144851631876e-02
5.000000000000000000e+00,2.666129134421205693e-01,4.054260618103502356e-01,8.809554126206465829e-01,2.323016818118189830e-02
5.000000000000000000e+00,2.666129134421205693e-01,4.447337317522747635e-01,8.809554126206462499e-01,2.320126637250391477e-02
5.000000000000000000e+00,2.666129134421205693e-01,4.878524367060187439e-01,8.809554126206463609e-01,2.317022323849796117e-02
5.000000000000000000e+00,2.666129134421205693e-01,5.351516716806418161e-01,8.809554126206464719e-01,2.313693993590634768e-02
5.000000000000000000e+00,2.666129134421205693e-01,5.870367556966068490e-01,8.809554126206464719e-01,2.310132345397125642e-02
5.000000000000000000e+00,2.666129134421205693e-01,6.439523050662339099e-01,8.809554126206463609e-01,2.306328871605772823e-02
5.000000000000000000e+00,2.666129134421205693e-01,7.063860434225154306e-01,8.809554126206463609e-01,2.302276087191576504e-02
5.000000000000000000e+00,2.666129134421205693e-01,7.748729811453863858e-01,8.809554126206463609e-01,2.297967774930603779e-02
5.000000000000000000e+00,2.666129134421205693e-01,8.499999999999999778e-01,8.809554126206463609e-01,2.293399242017549189e-02
5.000000000000000000e+00,3.670681707614493750e-01,2.800000000000000266e-01,8.594109586029140546e-01,2.627210396328516495e-02
5.000000000000000000e+00,3.670681707614493750e-01,3.071471141608240196e-01,8.594109586029140546e-01,2.610551833334318061e-02
5.000000000000000000e+00,3.670681707614493750e-01,3.369262490618652461e-01,8.594109586029139436e-01,2.593446240455743457e-02
5.000000000000000000e+00,3.670681707614493750e-01,3.695925895870819655e-01,8.594109586029139436e-01,2.575906007459072278e-02
5.000000000000000000e+00,3.670681707614493750e-01,4.054260618103502356e-01,8.594109586029141656e-01,2.557947624109491169e-02
5.000000000000000000e+00,3.670681707614493750e-01,4.447337317522747635e-01,8.594109586029139436e-01,2.539593750503998937e-02
5.000000000000000000e+00,3.670681707614493750e-01,4.878524367060187439e-01,8.594109586029140546e-01,2.520866695961587745e-02
5.000000000000000000e+00,3.670681707614493750e-01,5.351516716806418161e-01,8.594109586029141656e-01,2.501789124202435932e-02
5.000000000000000000e+00,3.670681707614493750e-01,5.870367556966068490e-01,8.594109586029140546e-01,2.482400769543580132e-02
5.000000000000000000e+00,3.670681707614493750e-01,6.439523050662339099e-01,8.594109586029140546e-01,2.462730242193111874e-02
5.000000000000000000e+00,3.670681707614493750e-01,7.063860434225154306e-01,8.594109586029140546e-01,2.442818423057813160e-02
5.000000000000000000e+00,3.670681707614493750e-01,7.748729811453863858e-01,8.594109586029140546e-01,2.422707121466805003e-02
5.000000000000000000e+00,3.670681707614493750e-01,8.499999999999999778e-01,8.594109586029140546e-01,2.402431107345326389e-02
5.000000000000000000e+00,5.053732778604036469e-01,2.800000000000000266e-01,8.381336402489399928e-01,2.806528184805900938e-02
5.000000000000000000e+00,5.053732778604036469e-01,3.071471141608240196e-01,8.381336402489398818e-01,2.786825961262939799e-02
5.000000000000000000e+00,5.053732778604036469e-01,3.369262490618652461e-01,8.381336402489397708e-01,2.766631217244952534e-02
5.000000000000000000e+00,5.053732778604036469e-01,3.695925895870819655e-01,8.381336402489396598e-01,2.745965847477604971e-02
5.000000000000000000e+00,5.053732778604036469e-01,4.054260618103502356e-01,8.381336402489398818e-01,2.724846154437332579e-02
5.000000000000000000e+00,5.053732778604036469e-01,4.447337317522747635e-01,8.381336402489397708e-01,2.703307801859478054e-02
5.000000000000000000e+00,5.053732778604036469e-01,4.878524367060187439e-01,8.381336402489398818e-01,2.681368253420435277e-02
5.000000000000000000e+00,5.053732778604036469e-01,5.351516716806418161e-01,8.381336402489399928e-01,2.659073708717862861e-02
5.000000000000000000e+00,5.053732778604036469e-01,5.870367556966068490e-01,8.381336402489399928e-01,2.636447344266990012e-02
5.000000000000000000e+00,5.053732778604036469e-01,6.439523050662339099e-01,8.381336402489399928e-01,2.613555418550794762e-02
5.000000000000000000e+00,5.053732778604036469e-01,7.063860434225154306e-01,8.381336402489398818e-01,2.590420935303472394e-02
5.000000000000000000e+00,5.053732778604036469e-01,7.748729811453863858e-01,8.381336402489398818e-01,2.567099377878434563e-02
5.000000000000000000e+00,5.053732778604036469e-01,8.499999999999999778e-01,8.381336402489398818e-01,2.543633421421331864e-02
5.000000000000000000e+00,6.957894209284354314e-01,2.800000000000000266e-01,8.181428348303112497e-01,2.853084298170704969e-02
5.000000000000000000e+00,6.957894209284354314e-01,3.071471141608240196e-01,8.181428348303112497e-01,2.831039746805474877e-02
5.000000000000000000e+00,6.957894209284354314e-01,3.369262490618652461e-01,8.181428348303113607e-01,2.808485396938487089e-02
5.000000000000000000e+00,6.957894209284354314e-01,3.695925895870819655e-01,8.181428348303112497e-01,2.785444664308389662e-02
5.000000000000000000e+00,6.957894209284354314e-01,4.054260618103502356e-01,8.181428348303112497e-01,2.761943244657538710e-02
5.000000000000000000e+00,6.957894209284354314e-01,4.447337317522747635e-01,8.181428348303112497e-01,2.738016993205583116e-02
5.000000000000000000e+00,6.957894209284354314e-01,4.878524367060187439e-01,8.181428348303112497e-01,2.713692496262820608e-02
5.000000000000000000e+00,6.957894209284354314e-01,5.351516716806418161e-01,8.181428348303114717e-01,2.689020081086190839e-02
5.000000000000000000e+00,6.957894209284354314e-01,5.870367556966068490e-01,8.181428348303113607e-01,2.664042994129300901e-02
5.000000000000000000e+00,6.957894209284354314e-01,6.439523050662339099e-01,8.181428348303113607e-01,2.638800099449201131e-02
5.000000000000000000e+00,6.957894209284354314e-01,7.063860434225154306e-01,8.181428348303113607e-01,2.613347316788938723e-02
5.000000000000000000e+00,6.957894209284354314e-01,7.748729811453863858e-01,8.181428348303113607e-01,2.587732752879334797e-02
5.000000000000000000e+00,6.957894209284354314e-01,8.499999999999999778e-01,8.181428348303112497e-01,2.562035414348651230e-02
5.000000000000000000e+00,9.579511610221181916e-01,2.800000000000000266e-01,8.002221101914418488e-01,2.757825223709620133e-02
5.000000000000000000e+00,9.579511610221181916e-01,3.071471141608240196e-01,8.002221101914419599e-01,2.734589900046624500e-02
5.000000000000000000e+00,9.579511610221181916e-01,3.369262490618652461e-01,8.002221101914419599e-01,2.710854824780539740e-02
5.000000000000000000e+00,9.579511610221181916e-01,3.695925895870819655e-01,8.002221101914418488e-01,2.686649022424325572e-02
5.000000000000000000e+00,9.579511610221181916e-01,4.054260618103502356e-01,8.002221101914419599e-01,2.662000098588523933e-02
5.000000000000000000e+00,9.579511610221181916e-01,4.447337317522747635e-01,8.002221101914418488e-01,2.636950178370833786e-02
5.000000000000000000e+00,9.579511610221181916e-01,4.878524367060187439e-01,8.002221101914419599e-01,2.611530047945531674e-02
5.000000000000000000e+00,9.579511610221181916e-01,5.351516716806418161e-01,8.002221101914420709e-01,2.585776756100832685e-02
5.000000000000000000e+00,9.579511610221181916e-01,5.870367556966068490e-01,8.002221101914419599e-01,2.559763627505828865e-02
5.000000000000000000e+00,9.579511610221181916e-01,6.439523050662339099e-01,8.002221101914419599e-01,2.533517121751027723e-02
5.000000000000000000e+00,9.579511610221181916e-01,7.063860434225154306e-01,8.002221101914420709e-01,2.507091133314676146e-02
5.000000000000000000e+00,9.579511610221181916e-01,7.748729811453863858e-01,8.002221101914419599e-01,2.480569109485797341e-02
5.000000000000000000e+00,9.579511610221181916e-01,8.499999999999999778e-01,8.002221101914417378e-01,2.453974065167152663e-02
5.000000000000000000e+00,1.318891031253563773e+00,2.800000000000000266e-01,7.848207150653657704e-01,2.538775263884984756e-02
5.000000000000000000e+00,1.318891031253563773e+00,3.071471141608240196e-01,7.848207150653658815e-01,2.515714430299254012e-02
5.000000000000000000e+00,1.318891031253563773e+00,3.369262490618652461e-01,7.848207150653657704e-01,2.492189448029269450e-02
5.000000000000000000e+00,1.318891031253563773e+00,3.695925895870819655e-01,7.848207150653656594e-01,2.468237794311589628e-02
5.000000000000000000e+00,1.318891031253563773e+00,4.054260618103502356e-01,7.848207150653658815e-01,2.443881307430495475e-02
5.000000000000000000e+00,1.318891031253563773e+00,4.447337317522747635e-01,7.848207150653657704e-01,2.419164351042768502e-02
5.000000000000000000e+00,1.318891031253563773e+00,4.878524367060187439e-01,7.848207150653658815e-01,2.394119496699909089e-02
5.000000000000000000e+00,1.318891031253563773e+00,5.351516716806418161e-01,7.848207150653659925e-01,2.368797746857786990e-02
5.000000000000000000e+00,1.318891031253563773e+00,5.870367556966068490e-01,7.848207150653658815e-01,2.343238792995694375e-02
5.000000000000000000e+00,1.318891031253563773e+00,6.439523050662339099e-01,7.848207150653658815e-01,2.317505309904299704e-02
5.000000000000000000e+00,1.318891031253563773e+00,7.063860434225154306e-01,7.848207150653659925e-01,2.291645018440657822e-02
5.000000000000000000e+00,1.318891031253563773e+00,7.748729811453863858e-01,7.848207150653659925e-01,2.265702587316431593e-02
5.000000000000000000e+00,1.318891031253563773e+00,8.499999999999999778e-01,7.848207150653659925e-01,2.239765068914267854e-02
5.000000000000000000e+00,1.815826968115054285e+00,2.800000000000000266e-01,7.720571166276724018e-01,2.234188403594294936e-02
5.000000000000000000e+00,1.815826968115054285e+00,3.071471141608240196e-01,7.720571166276724018e-01,2.212572056582562396e-02
5.000000000000000000e+00,1.815826968115054285e+00,3.369262490618652461e-01,7.720571166276722908e-01,2.190550093131382603e-02
5.000000000000000000e+00,1.815826968115054285e+00,3.695925895870819655e-01,7.720571166276721797e-01,2.168152096099440485e-02
5.000000000000000000e+00,1.815826968115054285e+00,4.054260618103502356e-01,7.720571166276725128e-01,2.145403097535236725e-02
5.000000000000000000e+00,1.815826968115054285e+00,4.447337317522747635e-01,7.720571166276722908e-01,2.122347849501649009e-02
5.000000000000000000e+00,1.815826968115054285e+00,4.878524367060187439e-01,7.720571166276722908e-01,2.099028464723162735e-02
5.000000000000000000e+00,1.815826968115054285e+00,5.351516716806418161e-01,7.720571166276724018e-01,2.075465209943982980e-02
5.000000000000000000e+00,1.815826968115054285e+00,5.870367556966068490e-01,7.720571166276724018e-01,2.051724288029554977e-02
5.000000000000000000e+00,1.815826968115054285e+00,6.439523050662339099e-01,7.720571166276724018e-01,2.027854941820772527e-02
5.000000000000000000e+00,1.815826968115054285e+00,7.063860434225154306e-01,7.720571166276722908e-01,2.003900509295697407e-02
5.000000000000000000e+00,1.815826968115054285e+00,7.748729811453863858e-01,7.720571166276722908e-01,1.979901550503571084e-02
5.000000000000000000e+00,1.815826968115054285e+00,8.499999999999999778e-01,7.720571166276722908e-01,1.955928893893410514e-02
5.000000000000000000e+00,2.500000000000000000e+00,2.800000000000000266e-01,7.617944801320254422e-01,1.889491431608791849e-02
5.000000000000000000e+00,2.500000000000000000e+00,3.071471141608240196e-01,7.617944801320253312e-01,1.870244884890281956e-02
5.000000000000000000e+00,2.500000000000000000e+00,3.369262490618652461e-01,7.617944801320252202e-01,1.850655218490859788e-02
5.000000000000000000e+00,2.500000000000000000e+00,3.695925895870819655e-01,7.617944801320254422e-01,1.830754101825382563e-02
5.000000000000000000e+00,2.500000000000000000e+00,4.054260618103502356e-01,7.617944801320255532e-01,1.810570303877134801e-02
5.000000000000000000e+00,2.500000000000000000e+00,4.447337317522747635e-01,7.617944801320253312e-01,1.790129382250593704e-02
5.000000000000000000e+00,2.500000000000000000e+00,4.878524367060187439e-01,7.617944801320254422e-01,1.769472398807059310e-02
5.000000000000000000e+00,2.500000000000000000e+00,5.351516716806418161e-01,7.617944801320255532e-01,1.748628423580889102e-02
5.000000000000000000e+00,2.500000000000000000e+00,5.870367556966068490e-01,7.617944801320254422e-01,1.727651322347523166e-02
5.000000000000000000e+00,2.500000000000000000e+00,6.439523050662339099e-01,7.617944801320254422e-01,1.706584321920456837e-02
5.000000000000000000e+00,2.500000000000000000e+00,7.063860434225154306e-01,7.617944801320255532e-01,1.685455766761256857e-02
5.000000000000000000e+00,2.500000000000000000e+00,7.748729811453863858e-01,7.617944801320254422e-01,1.664332294540904478e-02
5.000000000000000000e+00,2.500000000000000000e+00,8.499999999999999778e-01,7.617944801320254422e-01,1.643243924218895646e-02
3.600000000000000000e+01,1.499999999999999944e-02,2.800000000000000266e-01,9.983489109962599972e-01,3.904752789477408670e-02
3.600000000000000000e+01,1.499999999999999944e-02,3.071471141608240196e-01,9.983489109962598862e-01,3.903848991774794275e-02
3.600000000000000000e+01,1.499999999999999944e-02,3.369262490618652461e-01,9.983489109962599972e-01,3.902859571991415533e-02
3.600000000000000000e+01,1.499999999999999944e-02,3.695925895870819655e-01,9.983489109962598862e-01,3.901776628877437481e-02
3.600000000000000000e+01,1.499999999999999944e-02,4.054260618103502356e-01,9.983489109962598862e-01,3.900591574145237383e-02
3.600000000000000000e+01,1.499999999999999944e-02,4.447337317522747635e-01,9.983489109962598862e-01,3.899295081194353862e-02
3.600000000000000000e+01,1.499999999999999944e-02,4.878524367060187439e-01,9.983489109962597752e-01,3.897877031757754351e-02
3.600000000000000000e+01,1.499999999999999944e-02,5.351516716806418161e-01,9.983489109962601082e-01,3.896326460786711521e-02
3.600000000000000000e+01,1.499999999999999944e-02,5.870367556966068490e-01,9.983489109962598862e-01,3.894631500007902924e-02
3.600000000000000000e+01,1.499999999999999944e-02,6.439523050662339099e-01,9.983489109962599972e-01,3.892779320724754077e-02
3.600000000000000000e+01,1.499999999999999944e-02,7.063860434225154306e-01,9.983489109962599972e-01,3.890756076598345103e-02
3.600000000000000000e+01,1.499999999999999944e-02,7.748729811453863858e-01,9.983489109962598862e-01,3.888546847335791479e-02
3.600000000000000000e+01,1.499999999999999944e-02,8.499999999999999778e-01,9.983489109962599972e-01,3.886135584436345436e-02
3.600000000000000000e+01,2.065174747290344712e-02,2.800000000000000266e-01,9.977320237836931893e-01,3.897034605680818609e-02
3.600000000000000000e+01,2.065174747290344712e-02,3.071471141608240196e-01,9.977320237836931893e-01,3.896146021870891540e-02
3.600000000000000000e+01,2.065174747290344712e-02,3.369262490618652461e-01,9.977320237836933003e-01,3.895173261390794117e-02
3.600000000000000000e+01,2.065174747290344712e-02,3.695925895870819655e-01,9.977320237836931893e-01,3.894108557194142506e-02
3.600000000000000000e+01,2.065174747290344712e-02,4.054260618103502356e-01,9.977320237836933003e-01,3.892943467030302029e-02
3.600000000000000000e+01,2.065174747290344712e-02,4.447337317522747635e-01,9.977320237836933003e-01,3.891668823086261164e-02
3.600000000000000000e+01,2.065174747290344712e-02,4.878524367060187439e-01,9.977320237836930783e-01,3.890274679594449281e-02
3.600000000000000000e+01,2.065174747290344712e-02,5.351516716806418161e-01,9.977320237836931893e-01,3.888750258720435893e-02
3.600000000000000000e+01,2.065174747290344712e-02,5.870367556966068490e-01,9.977320237836931893e-01,3.887083895158482960e-02
3.600000000000000000e+01,2.065174747290344712e-02,6.439523050662339099e-01,9.977320237836933003e-01,3.885262979999182242e-02
3.600000000000000000e+01,2.065174747290344712e-02,7.063860434225154306e-01,9.977320237836934114e-01,3.883273904594816694e-02
3.600000000000000000e+01,2.065174747290344712e-02,7.748729811453863858e-01,9.977320237836931893e-01,3.881102005336745098e-02
3.600000000000000000e+01,2.065174747290344712e-02,8.499999999999999778e-01,9.977320237836934114e-01,3.878731510478691802e-02
3.600000000000000000e+01,2.843297824563826778e-02,2.800000000000000266e-01,9.968873206094858164e-01,3.886414907427690468e-02
3.600000000000000000e+01,2.843297824563826778e-02,3.071471141608240196e-01,9.968873206094858164e-01,3.885543288918655302e-02
3.600000000000000000e+01,2.843297824563826778e-02,3.369262490618652461e-01,9.968873206094859274e-01,3.884589105879573956e-02
3.600000000000000000e+01,2.843297824563826778e-02,3.695925895870819655e-01,9.968873206094858164e-01,3.883544741014557933e-02
3.600000000000000000e+01,2.843297824563826778e-02,4.054260618103502356e-01,9.968873206094857053e-01,3.882401915041097662e-02
3.600000000000000000e+01,2.843297824563826778e-02,4.447337317522747635e-01,9.968873206094858164e-01,3.881151637358684625e-02
3.600000000000000000e+01,2.843297824563826778e-02,4.878524367060187439e-01,9.968873206094857053e-01,3.879784154734072787e-02
3.600000000000000000e+01,2.843297824563826778e-02,5.351516716806418161e-01,9.968873206094859274e-01,3.878288898313250743e-02
3.600000000000000000e+01,2.843297824563826778e-02,5.870367556966068490e-01,9.968873206094858164e-01,3.876654429381998224e-02
3.600000000000000000e+01,2.843297824563826778e-02,6.439523050662339099e-01,9.968873206094859274e-01,3.874868384431065516e-02
3.600000000000000000e+01,2.843297824563826778e-02,7.063860434225154306e-01,9.968873206094859274e-01,3.872917420240348796e-02
3.600000000000000000e+01,2.843297824563826778e-02,7.748729811453863858e-01,9.968873206094857053e-01,3.870787159882035922e-02
3.600000000000000000e+01,2.843297824563826778e-02,8.499999999999999778e-01,9.968873206094859274e-01,3.868462140758052725e-02
3.600000000000000000e+01,3.914604577543194519e-02,2.800000000000000266e-01,9.957330135666370152e-01,3.871878450455976117e-02
3.600000000000000000e+01,3.914604577543194519e-02,3.071471141608240196e-01,9.957330135666367932e-01,3.871025869421593213e-02
3.600000000000000000e+01,3.914604577543194519e-02,3.369262490618652461e-01,9.957330135666369042e-01,3.870092533142821534e-02
3.600000000000000000e+01,3.914604577543194519e-02,3.695925895870819655e-01,9.957330135666369042e-01,3.869070992433640277e-02
3.600000000000000000e+01,3.914604577543194519e-02,4.054260618103502356e-01,9.957330135666370152e-01,3.867953150968828080e-02
3.600000000000000000e+01,3.914604577543194519e-02,4.447337317522747635e-01,9.957330135666369042e-01,3.866730217107564038e-02
3.600000000000000000e+01,3.914604577543194519e-02,4.878524367060187439e-01,9.957330135666369042e-01,3.865392653791518973e-02
3.600000000000000000e+01,3.914604577543194519e-02,5.351516716806418161e-01,9.957330135666367932e-01,3.863930126822509581e-02
3.600000000000000000e+01,3.914604577543194519e-02,5.870367556966068490e-01,9.957330135666370152e-01,3.862331451935341331e-02
3.600000000000000000e+01,3.914604577543194519e-02,6.439523050662339099e-01,9.957330135666369042e-01,3.860584541212555565e-02
3.600000000000000000e+01,3.914604577543194519e-02,7.063860434225154306e-01,9.957330135666369042e-01,3.858676349543016526e-02
3.600000000000000000e+01,3.914604577543194519e-02,7.748729811453863858e-01,9.957330135666366822e-01,3.856592822008372834e-02
3.600000000000000000e+01,3.914604577543194519e-02,8.499999999999999778e-01,9.957330135666371262e-01,3.854318843292020569e-02
3.600000000000000000e+01,5.389561679446264186e-02,2.800000000000000266e-01,9.941599911399456868e-01,3.852054132908849793e-02
3.600000000000000000e+01,5.389561679446264186e-02,3.071471141608240196e-01,9.941599911399454648e-01,3.851223104016684995e-02
3.600000000000000000e+01,5.389561679446264186e-02,3.369262490618652461e-01,9.941599911399456868e-01,3.850313368187832652e-02
3.600000000000000000e+01,5.389561679446264186e-02,3.695925895870819655e-01,9.941599911399454648e-01,3.849317666561269391e-02
3.600000000000000000e+01,5.389561679446264186e-02,4.054260618103502356e-01,9.941599911399457978e-01,3.848228109947279818e-02
3.600000000000000000e+01,5.389561679446264186e-02,4.447337317522747635e-01,9.941599911399455758e-01,3.847036131959208349e-02
3.600000000000000000e+01,5.389561679446264186e-02,4.878524367060187439e-01,9.941599911399456868e-01,3.845732440284868603e-02
3.600000000000000000e+01,5.389561679446264186e-02,5.351516716806418161e-01,9.941599911399455758e-01,3.844306966397600944e-02
3.600000000000000000e+01,5.389561679446264186e-02,5.870367556966068490e-01,9.941599911399455758e-01,3.842748814115359846e-02
3.600000000000000000e+01,5.389561679446264186e-02,6.439523050662339099e-01,9.941599911399456868e-01,3.841046207543916124e-02
3.600000000000000000e+01,5.389561679446264186e-02,7.063860434225154306e-01,9.941599911399456868e-01,3.839186439092176495e-02
3.600000000000000000e+01,5.389561679446264186e-02,7.748729811453863858e-01,9.941599911399453537e-01,3.837155818425461162e-02
3.600000000000000000e+01,5.389561679446264186e-02,8.499999999999999778e-01,9.941599911399456868e-01,3.834939623428121336e-02
3.600000000000000000e+01,7.420257786237444142e-02,2.800000000000000266e-01,9.920244445920622933e-01,3.825349426178192846e-02
3.600000000000000000e+01,7.420257786237444142e-02,3.071471141608240196e-01,9.920244445920622933e-01,3.824506184591375257e-02
3.600000000000000000e+01,7.420257786237444142e-02,3.369262490618652461e-01,9.920244445920622933e-01,3.823583113586151438e-02
3.600000000000000000e+01,7.420257786237444142e-02,3.695925895870819655e-01,9.920244445920622933e-01,3.822572857593983797e-02
3.600000000000000000e+01,7.420257786237444142e-02,4.054260618103502356e-01,9.920244445920622933e-01,3.821467423681521036e-02
3.600000000000000000e+01,7.420257786237444142e-02,4.447337317522747635e-01,9.920244445920622933e-01,3.820258134437679032e-02
3.600000000000000000e+01,7.420257786237444142e-02,4.878524367060187439e-01,9.920244445920625154e-01,3.818970651239006475e-02
3.600000000000000000e+01,7.420257786237444142e-02,5.351516716806418161e-01,9.920244445920622933e-01,3.817587559372817574e-02
3.600000000000000000e+01,7.420257786237444142e-02,5.870367556966068490e-01,9.920244445920624043e-01,3.816075756782963402e-02
3.600000000000000000e+01,7.420257786237444142e-02,6.439523050662339099e-01,9.920244445920622933e-01,3.814423824233537097e-02
3.600000000000000000e+01,7.420257786237444142e-02,7.063860434225154306e-01,9.920244445920625154e-01,3.812619439903400242e-02
3.600000000000000000e+01,7.420257786237444142e-02,7.748729811453863858e-01,9.920244445920622933e-01,3.810649330121651523e-02
3.600000000000000000e+01,7.420257786237444142e-02,8.499999999999999778e-01,9.920244445920624043e-01,3.808499222095773629e-02
3.600000000000000000e+01,1.021608599901475400e-01,2.800000000000000266e-01,9.891400215822823139e-01,3.789930802699401080e-02
3.600000000000000000e+01,1.021608599901475400e-01,3.071471141608240196e-01,9.891400215822823139e-01,3.789116570366185544e-02
3.600000000000000000e+01,1.021608599901475400e-01,3.369262490618652461e-01,9.891400215822824249e-01,3.788225262939637350e-02
3.600000000000000000e+01,1.021608599901475400e-01,3.695925895870819655e-01,9.891400215822822028e-01,3.787249780239729247e-02
3.600000000000000000e+01,1.021608599901475400e-01,4.054260618103502356e-01,9.891400215822824249e-01,3.786182407171800879e-02
3.600000000000000000e+01,1.021608599901475400e-01,4.447337317522747635e-01,9.891400215822823139e-01,3.785014768338995639e-02
3.600000000000000000e+01,1.021608599901475400e-01,4.878524367060187439e-01,9.891400215822824249e-01,3.783737780929063987e-02
3.600000000000000000e+01,1.021608599901475400e-01,5.351516716806418161e-01,9.891400215822823139e-01,3.782341606185576910e-02
3.600000000000000000e+01,1.021608599901475400e-01,5.870367556966068490e-01,9.891400215822823139e-01,3.780815599881165445e-02
3.600000000000000000e+01,1.021608599901475400e-01,6.439523050662339099e-01,9.891400215822824249e-01,3.779148262337778119e-02
3.600000000000000000e+01,1.021608599901475400e-01,7.063860434225154306e-01,9.891400215822824249e-01,3.777327188690146609e-02
3.600000000000000000e+01,1.021608599901475400e-01,7.748729811453863858e-01,9.891400215822822028e-01,3.775339020264251166e-02
3.600000000000000000e+01,1.021608599901475400e-01,8.499999999999999778e-01,9.891400215822824249e-01,3.773169398146211662e-02
3.600000000000000000e+01,1.406533521420781918e-01,2.800000000000000266e-01,9.852709446869666321e-01,3.741980646520320919e-02
3.600000000000000000e+01,1.406533521420781918e-01,3.071471141608240196e-01,9.852709446869665211e-01,3.741200300833258385e-02
3.600000000000000000e+01,1.406533521420781918e-01,3.369262490618652461e-01,9.852709446869666321e-01,3.740346096327948344e-02
3.600000000000000000e+01,1.406533521420781918e-01,3.695925895870819655e-01,9.852709446869665211e-01,3.739411230818875942e-02
3.600000000000000000e+01,1.406533521420781918e-01,4.054260618103502356e-01,9.852709446869665211e-01,3.738388313356222348e-02
3.600000000000000000e+01,1.406533521420781918e-01,4.447337317522747635e-01,9.852709446869665211e-01,3.737269320838704223e-02
3.600000000000000000e+01,1.406533521420781918e-01,4.878524367060187439e-01,9.852709446869665211e-01,3.736045552993053076e-02
3.600000000000000000e+01,1.406533521420781918e-01,5.351516716806418161e-01,9.852709446869666321e-01,3.734707586020521997e-02
3.600000000000000000e+01,1.406533521420781918e-01,5.870367556966068490e-01,9.852709446869666321e-01,3.733245225314207882e-02
3.600000000000000000e+01,1.406533521420781918e-01,6.439523050662339099e-01,9.852709446869666321e-01,3.731647457773926146e-02
3.600000000000000000e+01,1.406533521420781918e-01,7.063860434225154306e-01,9.852709446869666321e-01,3.729902404390317283e-02
3.600000000000000000e+01,1.406533521420781918e-01,7.748729811453863858e-01,9.852709446869665211e-01,3.727997273938596368e-02
3.600000000000000000e+01,1.406533521420781918e-01,8.499999999999999778e-01,9.852709446869666321e-01,3.725918318818208230e-02
3.600000000000000000e+01,1.936491673103708511e-01,2.800000000000000266e-01,9.801289173398838317e-01,3.677639747646793689e-02
3.600000000000000000e+01,1.936491673103708511e-01,3.071471141608240196e-01,9.801289173398839427e-01,3.676899218714679840e-02
3.600000000000000000e+01,1.936491673103708511e-01,3.369262490618652461e-01,9.801289173398839427e-01,3.676088608386626766e-02
3.600000000000000000e+01,1.936491673103708511e-01,3.695925895870819655e-01,9.801289173398838317e-01,3.675201464125438244e-02
3.600000000000000000e+01,1.936491673103708511e-01,4.054260618103502356e-01,9.801289173398840537e-01,3.674230775245526659e-02
3.600000000000000000e+01,1.936491673103708511e-01,4.447337317522747635e-01,9.801289173398839427e-01,3.673168931854092767e-02
3.600000000000000000e+01,1.936491673103708511e-01,4.878524367060187439e-01,9.801289173398839427e-01,3.672007682263456196e-02
3.600000000000000000e+01,1.936491673103708511e-01,5.351516716806418161e-01,9.801289173398839427e-01,3.670738089162506324e-02
3.600000000000000000e+01,1.936491673103708511e-01,5.870367556966068490e-01,9.801289173398839427e-01,3.669350484934610912e-02
3.600000000000000000e+01,1.936491673103708511e-01,6.439523050662339099e-01,9.801289173398839427e-01,3.667834426626140343e-02
3.600000000000000000e+01,1.936491673103708511e-01,7.063860434225154306e-01,9.801289173398839427e-01,3.666178651207360750e-02
3.600000000000000000e+01,1.936491673103708511e-01,7.748729811453863858e-01,9.801289173398838317e-01,3.664371031928864708e-02
3.600000000000000000e+01,1.936491673103708511e-01,8.499999999999999778e-01,9.801289173398840537e-01,3.662398536761965473e-02
3.600000000000000000e+01,2.666129134421205693e-01,2.800000000000000266e-01,9.733785866090383099e-01,3.592175903678862525e-02
3.600000000000000000e+01,2.666129134421205693e-01,3.071471141608240196e-01,9.733785866090384209e-01,3.591482238157814311e-02
3.600000000000000000e+01,2.666129134421205693e-01,3.369262490618652461e-01,9.733785866090385319e-01,3.590722934924386878e-02
3.600000000000000000e+01,2.666129134421205693e-01,3.695925895870819655e-01,9.733785866090383099e-01,3.589891952311330403e-02
3.600000000000000000e+01,2.666129134421205693e-01,4.054260618103502356e-01,9.733785866090385319e-01,3.588982726389985944e-02
3.600000000000000000e+01,2.666129134421205693e-01,4.447337317522747635e-01,9.733785866090384209e-01,3.587988132622738080e-02
3.600000000000000000e+01,2.666129134421205693e-01,4.878524367060187439e-01,9.733785866090384209e-01,3.586900446103680196e-02
3.600000000000000000e+01,2.666129134421205693e-01,5.351516716806418161e-01,9.733785866090384209e-01,3.585711300661104106e-02
3.600000000000000000e+01,2.666129134421205693e-01,5.870367556966068490e-01,9.733785866090384209e-01,3.584411647187984995e-02
3.600000000000000000e+01,2.666129134421205693e-01,6.439523050662339099e-01,9.733785866090384209e-01,3.582991711677135926e-02
3.600000000000000000e+01,2.666129134421205693e-01,7.063860434225154306e-01,9.733785866090385319e-01,3.581440953566716878e-02
3.600000000000000000e+01,2.666129134421205693e-01,7.748729811453863858e-01,9.733785866090385319e-01,3.579748025153453583e-02
3.600000000000000000e+01,2.666129134421205693e-01,8.499999999999999778e-01,9.733785866090385319e-01,3.577900733004957257e-02
3.600000000000000000e+01,3.670681707614493750e-01,2.800000000000000266e-01,9.646584425668149887e-01,3.480021509653394296e-02
3.600000000000000000e+01,3.670681707614493750e-01,3.071471141608240196e-01,9.646584425668149887e-01,3.479382784522003225e-02
3.600000000000000000e+01,3.670681707614493750e-01,3.369262490618652461e-01,9.646584425668150997e-01,3.478683628488080104e-02
3.600000000000000000e+01,3.670681707614493750e-01,3.695925895870819655e-01,9.646584425668149887e-01,3.477918480766520326e-02
3.600000000000000000e+01,3.670681707614493750e-01,4.054260618103502356e-01,9.646584425668150997e-01,3.477081300203824221e-02
3.600000000000000000e+01,3.670681707614493750e-01,4.447337317522747635e-01,9.646584425668149887e-01,3.476165530073119236e-02
3.600000000000000000e+01,3.670681707614493750e-01,4.878524367060187439e-01,9.646584425668150997e-01,3.475164061588625897e-02
3.600000000000000000e+01,3.670681707614493750e-01,5.351516716806418161e-01,9.646584425668150997e-01,3.474069196394186099e-02
3.600000000000000000e+01,3.670681707614493750e-01,5.870367556966068490e-01,9.646584425668149887e-01,3.472872608367133518e-02
3.600000000000000000e+01,3.670681707614493750e-01,6.439523050662339099e-01,9.646584425668150997e-01,3.471565305179621919e-02
3.600000000000000000e+01,3.670681707614493750e-01,7.063860434225154306e-01,9.646584425668150997e-01,3.470137590180114029e-02
3.600000000000000000e+01,3.670681707614493750e-01,7.748729811453863858e-01,9.646584425668150997e-01,3.468579025296680829e-02
3.600000000000000000e+01,3.670681707614493750e-01,8.499999999999999778e-01,9.646584425668152107e-01,3.466878395825001569e-02
3.600000000000000000e+01,5.053732778604036469e-01,2.800000000000000266e-01,9.536250037847040506e-01,3.337973121404172461e-02
3.600000000000000000e+01,5.053732778604036469e-01,3.071471141608240196e-01,9.536250037847040506e-01,3.337367444185412868e-02
3.600000000000000000e+01,5.053732778604036469e-01,3.369262490618652461e-01,9.536250037847041616e-01,3.336704483359717588e-02
3.600000000000000000e+01,5.053732778604036469e-01,3.695925895870819655e-01,9.536250037847040506e-01,3.335978971855332875e-02
3.600000000000000000e+01,5.053732778604036469e-01,4.054260618103502356e-01,9.536250037847042726e-01,3.335185188425054958e-02
3.600000000000000000e+01,5.053732778604036469e-01,4.447337317522747635e-01,9.536250037847040506e-01,3.334316924529262538e-02
3.600000000000000000e+01,5.053732778604036469e-01,4.878524367060187439e-01,9.536250037847040506e-01,3.333367450053012493e-02
3.600000000000000000e+01,5.053732778604036469e-01,5.351516716806418161e-01,9.536250037847041616e-01,3.332329478106757503e-02
3.600000000000000000e+01,5.053732778604036469e-01,5.870367556966068490e-01,9.536250037847041616e-01,3.331195129242522923e-02
3.600000000000000000e+01,5.053732778604036469e-01,6.439523050662339099e-01,9.536250037847041616e-01,3.329955895515240849e-02
3.600000000000000000e+01,5.053732778604036469e-01,7.063860434225154306e-01,9.536250037847041616e-01,3.328602604932842657e-02
3.600000000000000000e+01,5.053732778604036469e-01,7.748729811453863858e-01,9.536250037847040506e-01,3.327125386972648591e-02
3.600000000000000000e+01,5.053732778604036469e-01,8.499999999999999778e-01,9.536250037847042726e-01,3.325513639994404080e-02
3.600000000000000000e+01,6.957894209284354314e-01,2.800000000000000266e-01,9.400253690918919380e-01,3.159267819340377814e-02
3.600000000000000000e+01,6.957894209284354314e-01,3.071471141608240196e-01,9.400253690918919380e-01,3.158735834668990883e-02
3.600000000000000000e+01,6.957894209284354314e-01,3.369262490618652461e-01,9.400253690918920491e-01,3.158153541337208048e-02
3.600000000000000000e+01,6.957894209284354314e-01,3.695925895870819655e-01,9.400253690918919380e-01,3.157516314652830669e-02
3.600000000000000000e+01,6.957894209284354314e-01,4.054260618103502356e-01,9.400253690918919380e-01,3.156819131350915852e-02
3.600000000000000000e+01,6.957894209284354314e-01,4.447337317522747635e-01,9.400253690918919380e-01,3.156056540574847524e-02
3.600000000000000000e+01,6.957894209284354314e-01,4.878524367060187439e-01,9.400253690918919380e-01,3.155222633845519709e-02
3.600000000000000000e+01,6.957894209284354314e-01,5.351516716806418161e-01,9.400253690918919380e-01,3.154311014240318567e-02
3.600000000000000000e+01,6.957894209284354314e-01,5.870367556966068490e-01,9.400253690918920491e-01,3.153314765075507231e-02
3.600000000000000000e+01,6.957894209284354314e-01,6.439523050662339099e-01,9.400253690918919380e-01,3.152226418471917868e-02
3.600000000000000000e+01,6.957894209284354314e-01,7.063860434225154306e-01,9.400253690918919380e-01,3.151037924284266767e-02
3.600000000000000000e+01,6.957894209284354314e-01,7.748729811453863858e-01,9.400253690918919380e-01,3.149740619992308366e-02
3.600000000000000000e+01,6.957894209284354314e-01,8.499999999999999778e-01,9.400253690918920491e-01,3.148325202286381130e-02
3.600000000000000000e+01,9.579511610221181916e-01,2.800000000000000266e-01,9.237934385921551250e-01,2.943526685584063607e-02
3.600000000000000000e+01,9.579511610221181916e-01,3.071471141608240196e-01,9.237934385921552360e-01,2.943049337740316629e-02
3.600000000000000000e+01,9.579511610221181916e-01,3.369262490618652461e-01,9.237934385921552360e-01,2.942526860841296332e-02
3.600000000000000000e+01,9.579511610221181916e-01,3.695925895870819655e-01,9.237934385921552360e-01,2.941955108873217650e-02
3.600000000000000000e+01,9.579511610221181916e-01,4.054260618103502356e-01,9.237934385921553471e-01,2.941329579011456308e-02
3.600000000000000000e+01,9.579511610221181916e-01,4.447337317522747635e-01,9.237934385921552360e-01,2.940645385746265550e-02
3.600000000000000000e+01,9.579511610221181916e-01,4.878524367060187439e-01,9.237934385921552360e-01,2.939897234130794956e-02
3.600000000000000000e+01,9.579511610221181916e-01,5.351516716806418161e-01,9.237934385921551250e-01,2.939079392354596032e-02
3.600000000000000000e+01,9.579511610221181916e-01,5.870367556966068490e-01,9.237934385921552360e-01,2.938185663911715984e-02
3.600000000000000000e+01,9.579511610221181916e-01,6.439523050662339099e-01,9.237934385921552360e-01,2.937209359709941348e-02
3.600000000000000000e+01,9.579511610221181916e-01,7.063860434225154306e-01,9.237934385921553471e-01,2.936143270559316010e-02
3.600000000000000000e+01,9.579511610221181916e-01,7.748729811453863858e-01,9.237934385921551250e-01,2.934979640583249005e-02
3.600000000000000000e+01,9.579511610221181916e-01,8.499999999999999778e-01,9.237934385921553471e-01,2.933710142217690886e-02
3.600000000000000000e+01,1.318891031253563773e+00,2.800000000000000266e-01,9.051474157765607709e-01,2.689979958086535783e-02
3.600000000000000000e+01,1.318891031253563773e+00,3.071471141608240196e-01,9.051474157765607709e-01,2.689566823693353981e-02
3.600000000000000000e+01,1.318891031253563773e+00,3.369262490618652461e-01,9.051474157765609929e-01,2.689114639970940912e-02
3.600000000000000000e+01,1.318891031253563773e+00,3.695925895870819655e-01,9.051474157765607709e-01,2.688619821227730688e-02
3.600000000000000000e+01,1.318891031253563773e+00,4.054260618103502356e-01,9.051474157765608819e-01,2.688078473539029511e-02
3.600000000000000000e+01,1.318891031253563773e+00,4.447337317522747635e-01,9.051474157765609929e-01,2.687486372468569917e-02
3.600000000000000000e+01,1.318891031253563773e+00,4.878524367060187439e-01,9.051474157765609929e-01,2.686838940051364255e-02
3.600000000000000000e+01,1.318891031253563773e+00,5.351516716806418161e-01,9.051474157765608819e-01,2.686131221217064047e-02
3.600000000000000000e+01,1.318891031253563773e+00,5.870367556966068490e-01,9.051474157765609929e-01,2.685357859890472043e-02
3.600000000000000000e+01,1.318891031253563773e+00,6.439523050662339099e-01,9.051474157765608819e-01,2.684513075073421962e-02
3.600000000000000000e+01,1.318891031253563773e+00,7.063860434225154306e-01,9.051474157765609929e-01,2.683590637291682901e-02
3.600000000000000000e+01,1.318891031253563773e+00,7.748729811453863858e-01,9.051474157765607709e-01,2.682583845882277607e-02
3.600000000000000000e+01,1.318891031253563773e+00,8.499999999999999778e-01,9.051474157765609929e-01,2.681485507702283111e-02
3.600000000000000000e+01,1.815826968115054285e+00,2.800000000000000266e-01,8.846473144028436097e-01,2.413571680398429731e-02
3.600000000000000000e+01,1.815826968115054285e+00,3.071471141608240196e-01,8.846473144028436097e-01,2.411630008149046045e-02
3.600000000000000000e+01,1.815826968115054285e+00,3.369262490618652461e-01,8.846473144028438318e-01,2.409499143506532715e-02
3.600000000000000000e+01,1.815826968115054285e+00,3.695925895870819655e-01,8.846473144028437208e-01,2.407160781231532098e-02
3.600000000000000000e+01,1.815826968115054285e+00,4.054260618103502356e-01,8.846473144028438318e-01,2.404594913046265159e-02
3.600000000000000000e+01,1.815826968115054285e+00,4.447337317522747635e-01,8.846473144028436097e-01,2.402668466764407151e-02
3.600000000000000000e+01,1.815826968115054285e+00,4.878524367060187439e-01,8.846473144028437208e-01,2.402097843712572289e-02
3.600000000000000000e+01,1.815826968115054285e+00,5.351516716806418161e-01,8.846473144028437208e-01,2.401474114312560082e-02
3.600000000000000000e+01,1.815826968115054285e+00,5.870367556966068490e-01,8.846473144028438318e-01,2.400792565891549102e-02
3.600000000000000000e+01,1.815826968115054285e+00,6.439523050662339099e-01,8.846473144028437208e-01,2.400048112989963678e-02
3.600000000000000000e+01,1.815826968115054285e+00,7.063860434225154306e-01,8.846473144028438318e-01,2.399235276927635940e-02
3.600000000000000000e+01,1.815826968115054285e+00,7.748729811453863858e-01,8.846473144028437208e-01,2.398348166163902229e-02
3.600000000000000000e+01,1.815826968115054285e+00,8.499999999999999778e-01,8.846473144028438318e-01,2.397380457970726964e-02
3.600000000000000000e+01,2.500000000000000000e+00,2.800000000000000266e-01,8.631674981493412391e-01,2.747983529830122507e-02
3.600000000000000000e+01,2.500000000000000000e+00,3.071471141608240196e-01,8.631674981493412391e-01,2.745267003186191435e-02
3.600000000000000000e+01,2.500000000000000000e+00,3.369262490618652461e-01,8.631674981493413501e-01,2.742291082285486237e-02
3.600000000000000000e+01,2.500000000000000000e+00,3.695925895870819655e-01,8.631674981493412391e-01,2.739031618047238492e-02
3.600000000000000000e+01,2.500000000000000000e+00,4.054260618103502356e-01,8.631674981493413501e-01,2.735462375107955424e-02
3.600000000000000000e+01,2.500000000000000000e+00,4.447337317522747635e-01,8.631674981493413501e-01,2.731554894275800560e-02
3.600000000000000000e+01,2.500000000000000000e+00,4.878524367060187439e-01,8.631674981493414611e-01,2.727278357510909412e-02
3.600000000000000000e+01,2.500000000000000000e+00,5.351516716806418161e-01,8.631674981493413501e-01,2.722599459250474307e-02
3.600000000000000000e+01,2.500000000000000000e+00,5.870367556966068490e-01,8.631674981493412391e-01,2.717482288933747991e-02
3.600000000000000000e+01,2.500000000000000000e+00,6.439523050662339099e-01,8.631674981493412391e-01,2.711888230787329324e-02
3.600000000000000000e+01,2.500000000000000000e+00,7.063860434225154306e-01,8.631674981493413501e-01,2.705775888302119903e-02
3.600000000000000000e+01,2.500000000000000000e+00,7.748729811453863858e-01,8.631674981493412391e-01,2.699101042355389612e-02
3.600000000000000000e+01,2.500000000000000000e+00,8.499999999999999778e-01,8.631674981493414611e-01,2.691816653572753903e-02
