# Fig 5b; the data points are data/jiangninfa2011_fig2B_digitised.csv
glutamine_mM,fit_h1,fit_h2,fit_h3
0.013999999999999999,3.245420411305531,2.969458446538347,2.8409607470051785
0.014195152407454082,3.244364344871573,2.9694142166915194,2.8409591975394166
0.01439302513363211,3.24329426378878,2.9693687467887253,2.8409575823724005
0.014593656098301787,3.2422099918066083,2.9693220021096467,2.840955898718332
0.014797083749811835,3.2411113507243847,2.9692739469644884,2.8409541436733017
0.015003347072460083,3.2399981603771426,2.9692245446670578,2.840952314210284
0.015212485593964362,3.2388702386215806,2.9691737575071064,2.8409504071739127
0.015424539393037413,3.2377274013221546,2.9691215467219134,2.840948419275045
0.015639549107067535,3.2365694623373003,2.9690678724670905,2.8409463470850884
0.015857555939906152,3.2353962335058064,2.9690126937865884,2.8409441870300913
0.01607860166976405,3.2342075246333453,2.9689559685818745,2.8409419353845813
0.016302728657217602,3.2330031434791717,2.9688976535802816,2.8409395882651403
0.016529979853326663,3.23178289574299,2.9688377043024783,2.840937141623712
0.016760398807865534,3.2305465850520196,2.968776075029057,2.8409345912406234
0.016994029677668793,3.2292940129482472,2.968712718766211,2.840931932717309
0.01723091723509331,3.2280249788758937,2.968647587210472,2.840929161468731
0.017471106876598357,3.226739280169097,2.9685806307124896,2.840926272715471
0.017714644631445196,3.225436712039829,2.968511798239825,2.8409232614755
0.01796157717051807,3.224117067566051,2.9684410373387298,2.840920122555583
0.018211951815267996,3.2227801376801244,2.9683682940948923,2.840916850542331
0.018465816546781377,3.221425711157492,2.9682935130931103,2.84091343979287
0.018723220014974947,3.2200535746056316,2.9682166373758765,2.8409098844251215
0.018984211547918864,3.2186635124533094,2.968137608400842,2.8409061783076535
0.019248841161289873,3.2172553069401344,2.9680563659971213,2.8409023150491244
0.019517159567956088,3.215828738106431,2.967972848320425,2.8408982879872644
0.019789218187695537,3.2143835837834507,2.967886991806977,2.840894090177395
0.02006506915705003,3.2129196195839214,2.9677987311261864,2.840889714380463
0.02034476533931654,3.211436618892968,2.9677079991320507,2.840885153050568
0.020628360334677687,3.2099343528594035,2.9676147268132427,2.840880398321957
0.020915908490473607,3.2084125903874154,2.9675188432418613,2.840875441995478
0.021207464911616836,3.2068710981286586,2.9674202755208086,2.840870275524452
0.021503085471152567,3.205309640474767,2.9673189487297504,2.8408648899999456
0.021802826820965876,3.2037279795503153,2.9672147858696345,2.840859276135432
0.022106746402638457,3.2021258752062254,2.9671077078057237,2.8408534242507875
0.022414902458456443,3.200503085013655,2.9669976332091093,2.8408473242556207
0.022727354042571903,3.1988593642583716,2.966884478496662,2.840840965631897
0.023044161032319703,3.1971944659356373,2.966768157769396,2.840834337415817
0.023365384139692334,3.1955081407456163,2.9666485827491753,2.840827428178943
0.023691084922974517,3.193800137089336,2.966525662713762,2.840820226008515
0.024021325798540064,3.1920702010651976,2.966399304430131,2.8408127184869407
0.02435617005281322,3.1903180764660846,2.9662694120860253,2.8408048926704144
0.024695681854396617,3.188543504777062,2.966135887219707,2.840796735066635
0.025039926266368463,3.186746225173705,2.9659986286478572,2.8407882316115796
0.02538896925875093,3.1849259745210645,2.965857532391575,2.8407793676452924
0.025742877721152586,3.1830824873733006,2.965712491600442,2.8407701278866586
0.0261017194755868,3.1812154959739987,2.965563396474595,2.840760496407099
0.026465563289469096,3.17932473025719,2.9654101341847623,2.8407504566031667
0.026834478888795404,3.1774099178490998,2.9652525887902152,2.8407399911679754
0.027208536971504292,3.1754707840706455,2.965090641154582,2.8407290820614213
0.027587809221025186,3.1735070519407094,2.9649241688594845,2.840717710479158
0.027972368320015706,3.1715184421802025,2.9647530461159297,2.840705856820242
0.028362287964290234,3.1695046732169487,2.9645771436734147,2.840693500653429
0.02875764287694291,3.1674654611914086,2.9643963287266946,2.840680620682037
0.029158508822667212,3.165400519963276,2.9642104648201464,2.840667194707332
0.0295649626222754,3.1633095611189566,2.96401941174969,2.840653199590358
0.029977082167420205,3.1611922939799646,2.9638230254621956,2.840638611212169
0.03039494643552172,3.1590484256122657,2.963621157952332,2.8406234044323755
0.030818635504902433,3.1568776608365754,2.963413657156792,2.8406075530459436
0.031248230570133265,3.1546797022396538,2.963200366845843,2.8405910297381665
0.03168381395759341,3.152454250186623,2.962981126512129,2.840573806037752
0.0321254691412471,3.1502010028343213,2.9627557712566874,2.8405558522679124
0.032573280758640424,3.1479196561457314,2.9625241316721027,2.84053713749541
0.03302733462712089,3.145609903905507,2.962286033722733,2.8405176294774472
0.03348771776028335,3.143271437736624,2.9620412986219673,2.8404972946063163
0.03395451838464494,3.140903947118187,2.9617897427064293,2.8404760978517274
0.034427825956552624,3.1385071194044176,2.961531177307074,2.8404540027006995
0.0349077311793263,3.136080639844847,2.9612654086171224,2.8404309710949294
0.035394326020641,3.1336241916057563,2.960992237556747,2.840406963365516
0.0358877037301512,3.131137455792877,2.9607114596344646,2.8403819381649456
0.036387958857361076,3.1286201114753895,2.9604228648051665,2.8403558523962182
0.036895187269743515,3.1260718357112527,2.9601262373247064,2.8403286611389884
0.03740948617111207,3.1234923035738795,2.9598213556010045,2.8403003175726074
0.03793095412024872,3.120881188180207,2.9595079920415808,2.840270772895936
0.03845969104979138,3.11823816072018,2.9591859128974605,2.8402399762437796
0.03899579828538474,3.115562890487678,2.958854878103388,2.8402078745998294
0.03953937856509807,3.1128550449129158,2.958514641114272,2.8401744127059443
0.04009053605911361,3.1101142895963596,2.958164948737818,2.840139532967629
0.04064937638968941,3.107340288344174,2.957805540963255,2.8401031753555532
0.04121600665140049,3.104532703205238,2.9574361507861067,2.8400652773029478
0.041790535431662224,3.101691194509761,2.9570565040289507,2.8400257735986987
0.04237307283153968,3.0988154209095304,2.9566663191580798,2.8399845962759755
0.042963730486846985,3.095905039419814,2.956265307096019,2.839941674496198
0.04356262158954105,3.092959705462964,2.955853171029837,2.8398969344281504
0.04416986090941321,3.0899790729137377,2.95542960621517,2.839850299122059
0.0447855648160835,3.086962794146369,2.954994299775935,2.8398016883783983
0.04540985130130135,3.0839105200834354,2.9545469304996317,2.839751018611233
0.04604284000155716,3.08082190024653,2.954087168628213,2.83969820270587
0.04668465222100909,3.0776965828087874,2.953614675644448,2.8396431498705637
0.04733541095472956,3.0745342146492805,2.9531291040537297,2.839585765482071
0.04799524091227558,3.0713344414093307,2.952630097161288,2.8395259509247683
0.0486642685415877,3.06809690755075,2.952117288844738,2.839463603423086
0.04934262205322219,3.064821256416052,2.9515903033219466,2.8393986158669993
0.050030431444921,3.061507130290666,2.9510487549141553,2.839330876630261
0.05072782852652409,3.0581541704671666,2.950492247804333,2.839260269381123
0.05143494694522906,3.0547620173115666,2.9499203757907164,2.8391866728852078
0.052151922211202954,3.051330310331692,2.949332722035514,2.839109960800238
0.05287889172355112,3.047858688247663,2.9487288588087592,2.839030001462283
0.05361599479664793,3.0443467890645266,2.9481083472272607,2.8389466576631888
0.05436337268683449,3.0407942501470453,2.9474707369886755,2.8388597864188343
0.05512116861948873,3.0372007082966794,2.9468155661006668,2.8387692387278527
0.05588952781647271,3.033565799830794,2.9461423606051538,2.838674859320432
0.05666859752396247,3.0298891606641085,2.945450634297666,2.838576486396807
0.05745852704066592,3.02617042639241,2.944739888441794,2.838473951355038
0.05825946774643392,3.022409232378563,2.944009611478773,2.8383670785076314
0.05907157313127036,3.0186052138408375,2.943259278732228,2.8382556847866054
0.0598949988247466,3.014758005943566,2.942488352108099,2.8381395794364996
0.06072990262582584,3.0108672438901687,2.9416962797898094,2.838018563694897
0.06157644453310315,3.006932563018551,2.940882495928731,2.837892430459952
0.062434786775467294,3.0029535988988982,2.940046420330006,2.8377609639444312
0.06330509384318979,2.998929987433895,2.9391874581338104,2.8376239393157343
0.06418753251944734,2.9948613649613653,2.9383049994921544,2.8374811223213774
0.06508227191228362,2.9907473683593704,2.9373984192413065,2.837332268899365
0.06598948348701672,2.986587635153767,2.936467076569989,2.837177124772884
0.06690934109909835,2.9823818036282352,2.9355103146834427,2.837015425028726
0.06784202102743093,2.9781295129368095,2.934527460463542,2.836846893678829
0.06878770200814908,2.973830403218888,2.933517824125105,2.8366712432043055
0.06974656526887227,2.9694841157167655,2.9324806988685923,2.8364881740813006
0.07071879456343468,2.9650902928956686,2.9314153605293827,2.836297374288021
0.07170457620709937,2.9606485785663166,2.9303210672238693,2.8360985187922356
0.07270409911226296,2.9561586180100026,2.9291970589926004,2.835891269018541
0.0737175548246586,2.951620058106201,2.928042557440727,2.8356752722946608
0.07474513756006293,2.947032547462695,2.926856765376063,2.835450161276026
0.07578704424151529,2.9423957365482387,2.9256388664450466,2.835215553347873
0.0768434745370554,2.9377092778277216,2.924388024766958,2.83497105000405
0.07791463089798707,2.9329728258998626,2.9231033845667422,2.834716236201748
0.07900071859767555,2.9281860376373983,2.9217840698068427,2.8344506796912974
0.08010194577088547,2.92334857232977,2.920429183818456,2.834173930320202
0.08121852345366729,2.918460091828295,2.9190378089326616,2.833885519310531
0.0823506656237994,2.913520260693801,2.9176090061119186,2.8335849585087844
0.08349858924179447,2.9085287463467138,2.916141814582441,2.8332717396073255
0.08466251429247702,2.9034852192195695,2.9146352514680096,2.832945333336472
0.08584266382714084,2.8983893529119475,2.9130883114258035,2.832605188626289
0.08703926400629361,2.8932408243477648,2.9114999662849,2.8322507317371564
0.08825254414299788,2.8880393139349483,2.9098691646880868,2.8318813653581376
0.08948273674681602,2.882784505727413,2.9081948317377257,2.831496467672169
0.09073007756836758,2.8774760875893426,2.9064758686464023,2.831095391387108
0.09199480564450782,2.8721137513617148,2.904711152393178,2.8306774627316376
0.09327716334413613,2.866697193031051,2.9028995353862834,2.830241980415032
0.09457739641464298,2.861226112900333,2.901039845133159,2.829788214549806
0.09589575402900419,2.855700215762047,2.899130883918785,2.829315405536235
0.09723248883353174,2.8501192110733093,2.8971714284933023,2.8288227629077847
0.09858785699629008,2.8444828131330153,2.8951602297699894,2.828309464136442
0.09996211825618757,2.8387907412609614,2.893096012534688,2.8277746533970225
0.10135553597275224,2.83304271997888,2.8909774751678654,2.8272174402894708
0.10276837717660095,2.8272384791933245,2.888803289380533,2.826636898518271
0.10420091262061262,2.821377754380343,2.8865720999653126,2.8260320645280492
0.10565341683181445,2.815460286771864,2.8842825245639983,2.825401936094533
0.10712616816399151,2.8094858235437297,2.8819331534530424,2.824745470870054
0.10861944885102968,2.8034541180052974,2.87952254934844,2.824061584882835
0.11013354506100216,2.79736492979053,2.87704924723156,2.823349150989376
0.11166874695100985,2.7912180250504877,2.874511754197549,2.8226069972792978
0.11322534872278635,2.785013176647147,2.871908549327994,2.82183390543212
0.11480364867907782,2.7787501643484376,2.869238083589602,2.821028609025504
0.11640394928080891,2.7724287750244203,2.8664987797607253,2.8201897917946237
0.11802655720504558,2.7660488028444945,2.8636890323876454,2.8193160858424324
0.11967178340376575,2.759610049475544,2.86080720777258,2.8184060698007327
0.12133994316344922,2.753112324280907,2.857851643995475,2.8174582669420882
0.12303135616549846,2.7465554445200633,2.854820650971697,2.816471143242814
0.12474634654750119,2.7399392355489285,2.85171251054783,2.8154431053974305
0.12648524296534738,2.7332635310206346,2.848525476637839,2.8143724987851924
0.1282483786562119,2.7265281730866766,2.84525777540195,2.81325760538952
0.13003609150241496,2.719733012598301,2.8419076054706567,2.8120966416714053
0.13184872409617326,2.712877909308008,2.8384731382163357,2.8108877563981567
0.13368662380525315,2.7059627320710335,2.834952518075025,2.8096290284291054
0.13555014283953915,2.69898735904668,2.8313438629209804,2.808318464460273
0.13743963831853068,2.691951677899347,2.82764526449669,2.8069539967303134
0.1393554723397793,2.6848555859991308,2.8238547889010777,2.8055334806904595
0.14129801204827996,2.677698990621839,2.819970477138712,2.804054692641606
0.14326762970682982,2.670481809148267,2.81599034573284,2.802515327342144
0.1452647027673676,2.663203969262595,2.811912387405152,2.8009129955906253
0.14728961394330717,2.6558654091497287,2.807734571825222,2.7992452217879107
0.14934275128288005,2.6484660776914533,2.8034548464325626,2.797509441484001
0.15142450824349937,2.6410059346612043,2.799071137334325,2.795702998915398
0.15353528376716158,2.633484950917314,2.7945813502816277,2.793823144539494
0.15567548235689782,2.625903108594554,2.789983371727571,2.7918670325732267
0.15784551415429252,2.6182604012937984,2.7852750699699342,2.789831718543997
0.16004579501808094,2.610556834269648,2.780454296381615,2.7877141568616572
0.16227674660384397,2.6027924246158163,2.7755188867317733,2.7855111984212932
0.16453879644481229,2.594967201448118,2.7704666626006818,2.7832195882474027
0.1668323780337983,2.587081206084868,2.7652954328911914,2.780835963191123
0.16915793090626868,2.5791344922245036,2.7600029954396845,2.7783568496931608
0.17151590072457662,2.5711271261202553,2.754587138729316,2.7757786616262132
0.1739067393633664,2.563059186751664,2.749045643708242,2.773097698231844
0.17633090499617005,2.554930765992773,2.7433762857154393,2.7703101421679746
0.17878886218321013,2.546741968776783,2.7375768365165936,2.7674120576844894
0.18128108196042655,2.5384929132569987,2.731645066452386,2.7643993889457423
0.18380804192974512,2.5301837309638504,2.7255787467013546,2.7612679585202056
0.18637022635060305,2.5218145669578256,2.7193756516593153,2.758013466058933
0.18896812623275192,2.51338557997809,2.7130335614371175,2.7546314871860016
0.19160223943035254,2.504896942586619,2.706550264478304,2.7511174726256913
0.19427307073738315,2.496348841307631,2.6999235602979565,2.7474667475926857
0.19698113198437586,2.4877414767621495,2.6931512623437612,2.7436745114732677
0.19972694213650324,2.4790750637974703,2.6862312009800178,2.7397358378270606
0.20251102739303045,2.470349831611366,2.6791612265949736,2.735645674740579
0.20533392128815556,2.4615660238708186,2.6719392128315356,2.7313988455654554
0.20819616479325348,2.452723898825095,2.6645630599410017,2.7269900500758997
0.21109830642054722,2.443823729412971,2.6570306982590663,2.7224138660815225
0.2140409023282222,2.4348658033639206,2.6493400918029035,2.717664751533243
0.21702451642700782,2.4258504232930758,2.6414892419876734,2.7127370471614816
0.22004972048824276,2.416777906789778,2.6334761914603044,2.7076249796872647
0.2231170942534485,2.4076485864995396,2.625299028047869,2.702322665648129
0.22622722554542854,2.398462810199228,2.6169558888173503,2.696824115881883
0.2293807103809177,2.389220940865309,2.608444964242995,2.6911232407122396
0.23257815308480098,2.3799233567349587,2.5997645024768667,2.6852138558810905
0.2358201664059241,2.3705704513599013,2.5909128137175825,2.6790896892727254
0.23910737163451984,2.361162633652773,2.581888274671578,2.67274438847549
0.2424403987212695,2.351700327925885,2.57268933310056,2.6661715292263244
0.2458198863980256,2.3421839739222063,2.56331451244814,2.659364624783114
0.2492464823002159,2.3326140268384288,2.55376241653794,2.652317136268926
0.2527208430909552,2.322990957339953,2.5440317343347116,2.6450224840308207
0.25624363458688565,2.313315251567678,2.5341212447593264,2.637474060054089
0.2598155318857726,2.3035874111364327,2.5240298215477326,2.629665241470293
0.26343721949587773,2.2938079531249462,2.5137564381432336,2.6215894051944613
0.2671093914671372,2.2839774100572123,2.5033001726107065,2.613239943723022
0.2708327515241663,2.274096329875152,2.4926602125606534,2.604610282119642
0.2746080132011203,2.2641652759024504,2.481835860070227,2.5956938962108898
0.2784358999784333,2.254184826799478,2.4708265365876727,2.586484332007627
0.2823171454214646,2.2441555765091925,2.4596317878059253,2.576975226361121
0.2862524933210763,2.2340781341939486,2.4482512884904355,2.5671603288551177
0.2902426978361723,2.2239531241631214,2.4366848472456373,2.557033524926397
0.2942885236382221,2.2137811857914897,2.4249324112038835,2.546588860196728
0.2983907460578012,2.2035629734283075,2.412994070620086,2.535820565988555
0.3025501512331728,2.193299156297014,2.4008700633547964,2.5247230859852676
0.3067675362609407,2.1829904183855424,2.3885607792279924,2.5132911039844834
0.3110437093488038,2.172637458327194,2.3760667642254143,2.5015195726794746
0.3153794899704372,2.162240989272042,2.3633887245389844,2.4894037433897864
0.3197757090225354,2.151801738748862,2.3505275304225495,2.4769391966472067
0.3242332089840414,2.141320448517587,2.3374842198440255,2.4641218735277697
0.32875284407759864,2.13079787441227,2.3242600019148867,2.450948107604405
0.3333354804332501,2.1202347861745965,2.310856260077974,2.4374146573784543
0.3379819962544226,2.1096319672779487,2.297274555034639,2.42351873903159
0.34269328198622173,2.0989902147420754,2.283516627392454,2.409258059323036
0.34747024048607567,2.0883103389383972,2.269584400014997,2.394630848440457
0.35231378719675477,2.0775931633860116,2.2554799800556244,2.379635892596875
0.35722485032180584,2.066839524538464,2.2412056606576494,2.364272566150546
0.3622043710034291,2.056050271561361,2.22676392230399,2.3485408630103892
0.36725330350283725,2.045226266100909,2.2121574338000682,2.33244142707638
0.3723726153831261,2.034368382043489,2.197389052874633,2.3159755814528236
0.3775632876946969,2.02347750526636,2.1824618263841344,2.2991453561627377
0.3828263151632613,2.0125545333796198,2.1673789901074025,2.2819535140841785
0.3881627063804675,2.001600375459564,2.1521439681185726,2.264403574824437
0.3935734839971849,1.9906159517735549,2.136760371727533,2.2464998362459907
0.3990596849194808,1.9796021934965824,2.1212319979786196,2.228247393359177
0.40462236050733136,1.968560042419658,2.105562827699799,2.209652154301014
0.41026257677609995,1.9574904506502264,2.089757023096233,2.1907208531276763
0.4159814146008267,1.9463943803047616,2.073818924883832,2.171461059159967
0.4217799699233629,1.935272803193759,2.057753048960227,2.1518811826369384
0.4276593539623957,1.9241267004993023,2.0415640826124544,2.1319904764525113
0.4336206934263971,1.9129570624454395,2.0252568802626083,2.1117990337737176
0.4396651307295452,1.9017648879615654,2.0088364587546907,2.091317781366772
0.44579382421065133,1.8905511843390599,1.9923079921879492,2.070558468488586
0.4520079483551424,1.8793169668814054,1.9756768063040266,2.049533651236213
0.45830869402013436,1.8680632585480403,1.9589483724373447,2.028256672284816
0.4646972686626465,1.8567910895921969,1.9421283010401964,2.0067416359856214
0.47117489657099315,1.8455014971929917,1.9252223347961084,1.9850033788385935
0.4777428190994047,1.8341955250820359,1.9082363413370298,1.9630574353995356
0.4844022949059154,1.8228742231648456,1.8911763055819253,1.9409199997275417
0.4911546001935706,1.8115386471373374,1.8740483217162445,1.9186078825254023
0.498001028954994,1.8001898580977003,1.8568585848336172,1.896138464172092
0.5049428932203638,1.7888289221539433,1.839613382262877,1.8735296438920368
0.5119815233088487,1.7774569100274211,1.8223190846051716,1.8507997853497364
0.5191182680835438,1.7660748966526523,1.8049821365074912,1.8279676589998528
0.5263544952099654,1.754683960773735,1.787609047200329,1.8050523815611537
0.5336915914181443,1.7432851845376938,1.770206380828512,1.7820733530172927
0.5411309627683768,1.7318796530850662,1.7527807466053278,1.7590501915774228
0.5486740349206765,1.7204684541380713,1.7353387888210863,1.736002667054775
0.556322253407985,1.709052677586675,1.7178871767380224,1.7129506331408983
0.5640770839131886,1.6976334150729058,1.7004325944041123,1.6899139590670642
0.5719400125499988,1.6862117595737347,1.6829817304187937,1.6669124611519814
0.5799125461477453,1.6747888049828803,1.6655412676838792,1.6439658347364243
0.5879962125401428,1.6633656456918575,1.6481178731730046,1.6210935870004852
0.5961925608580779,1.6519433761706293,1.6307181877528854,1.5983149711481928
0.6045031618264832,1.6405230905481885,1.613348816089323,1.5756489224271664
0.6129296080653435,1.6291058821934221,1.5960163166704815,1.5531139964284006
0.6214735143949038,1.6176928432965905,1.5787271919792476,1.5307283100833302
0.6301365181451264,1.6062850644517686,1.5614878788457214,1.50850948574281
0.6389202794694661,1.5948836342405812,1.544304739009842,1.486474598685892
0.6478264816630166,1.583489638817577,1.5271840499230458,1.464640128366186
0.6568568314850914,1.5721041614975728,1.510131995816531,1.4430219136606652
0.6660130594863044,1.5607282823452937,1.4931546590622757,1.421635112340869
0.6752969203402053,1.5493630777676521,1.4762580118514042,1.4004941649403082
0.6847101931795428,1.538009620108976,1.4594479082127985,1.3796127631451331
0.6942546819372098,1.5266689772495206,1.4427300763931117,1.3590038227886683
0.7039322156919471,1.5153422122075646,1.4261101116174344,1.3386794614847344
0.7137446490188594,1.5040303827454247,1.4095934692479772,1.3186509808906324
0.723693862344824,1.492734540979669,1.3931854583561025,1.2989288535485815
0.7337817623088482,1.4814557329958522,1.3768912357210317,1.2795227142150396
0.7440102821274537,1.4701949984680507,1.3607158002664774,1.260441355550903
0.7543813819651511,1.458953370283499,1.344663987944384,1.2416927280126164
0.7648970493100828,1.4477318741725929,1.3287404670728755,1.223283943754829
0.7755592993548963,1.436531528344552,1.312949734133469,1.2052212843297792
0.7863701753829332,1.425353343128987,1.2972961100305551,1.1875102119469714
0.7973317491597953,1.4141983206236513,1.281783736814187,1.170155384039198
0.8084461213303746,1.4030674543486041,1.2664165748652496,1.1531606708672832
0.8197154218214135,1.3919617289070494,1.251198400540245,1.1365291758862035
0.8311418102496771,1.380882119653067,1.2361328042710893,1.1202632585891292
0.8427274763358182,1.3698295923664645,1.2212231891136356,1.104364559543355
0.8544746403240068,1.3588051029349684,1.2064727697369926,1.0888340273327675
0.8663855534074139,1.3478095970439514,1.1918845718441804,1.0736719471250997
0.8784624981596207,1.3368440098739027,1.1774614320132621,1.0588779705885805
0.8907077889720483,1.3259092658058107,1.163205997946744,1.0444511468912125
0.9031237724974769,1.3150062781346525,1.1491207291158727,1.030389954526688
0.9157128280997557,1.3041359487911368,1.1352078977853353,1.0166923337233524
0.9284773683097739,1.2932991680718706,1.1214695904029393,1.0033557192065266
0.9414198392877947,1.2824968143780828,1.1079077093379606,0.990377073099422
0.954542721292227,1.2717297539630488,1.0945239749511502,0.9777529177637017
0.9678485291549382,1.2609988406883288,1.0813199279787504,0.9654793683970295
0.9813398127631868,1.2503049157889448,1.06829693221239,0.9535521652216024
0.9950191575482785,1.239648807647585,1.0554561774563216,0.9419667051143137
1.008889184981027,1.2290313315779442,1.042798682743208,0.9307180725457767
1.0229525530741304,1.2184532896172613,1.0303252997894674,0.9198010697116399
1.0372119568915388,1.2079154703281452,1.0180367166711357,0.9092102457554215
1.0516701290649348,1.1974186486097298,1.005933461701205,0.898939924997225
1.0663298403174046,1.1869635855182226,0.9940159074895277,0.8889842340971831
1.0811938999944097,1.1765510280968787,0.9822842751665658,0.8793371280961324
1.096265156602166,1.1661817092154274,0.9707386387525264,0.869992415288837
1.111546498353519,1.1558563474189754,0.9593789296537996,0.8609437808970061
1.1270408537214371,1.1455756467863905,0.9482049412689934,0.8521848095203273
1.1427511920002118,1.1353402967981667,0.9372163336873658,0.843709006353806
1.1586805238744886,1.1251509722137565,0.9264126384629476,0.8355098171687961
1.174831901996222,1.1150083329583544,0.9157932634482515,0.8275806470633217
1.1912084215696812,1.1049130240190936,0.9053574976720475,0.8199148779945522
1.2078132209446029,1.094865675350625,0.8951045162463591,0.8125058851127379
1.2246494822176186,1.0848669017900194,0.8850333852884849,0.8053470519214743
1.241720431842059,1.0749173029809476,0.8751430668445751,0.7984317842939803
1.259029341246267,1.065017463307057,0.8654324238019848,0.7917535233791084
1.2765795274605198,1.0551679518344876,0.8559002247783789,0.7853057574341805
1.2943743537527004,1.0453693222634248,0.8465451489762819,0.7790820326244402
1.3124172302728192,1.0356221128886185,0.8373657909925211,0.7730759628310532
1.3307116147065314,1.025926846568751,0.8283606655727427,0.767281238511154
1.3492610129377522,1.0162840307045649,0.8195282123019232,0.7616916346545461
1.3680689797205192,1.006694157225624,0.810866800222517,0.7563010178823033
1.3871391193602138,0.9971577025855979,0.8023747323726069,0.7511033527327908
1.4064750864042777,0.9876751277659382,0.794050250237118,0.7460927071805388
1.4260805863425623,0.9782468782878165,0.7858915381058403,0.7412632574330019
1.4459593763174396,0.9688733842321832,0.7778967273326765,0.7366092920496022
1.466115265843808,0.9595550602678072,0.7700639004911672,0.7321252154265605
1.4865521175391383,0.9502923056871442,0.7623910954219729,0.7278055506899608
1.5072738478636905,0.941085504449881,0.7548763091685857,0.7236449420382627
1.5282844278710603,0.9319350252339911,0.7475175017981095,0.7196381565741182
1.5495878839691766,0.922841221494148,0.7403126001045086,0.7157800856638992
1.5711882986919112,0.9138044315273213,0.7332595011922196,0.712065745861793
1.593089811481441,0.904824978545386,0.7263560759385316,0.7084902794337431
1.6152966194815248,0.8959031707545673,0.7196001723335852,0.7050489545148684
1.6378129783418294,0.8870393014415494,0.7129896186972919,0.7017371649323556
1.6606432030334706,0.8782336490660595,0.7065222267728661,0.6985504297241537
1.6837916686759165,0.8694864773597509,0.7001957946970558,0.6954843923821529
1.7072628113754333,0.8607980354311874,0.6940081098474924,0.6925348198468958
1.7310611290752007,0.8521685578767557,0.6879569515679287,0.6896976012792739
1.7551911824172872,0.8435982648973043,0.6820400937724114,0.6869687466330807
1.77965759561664,0.8350873624203201,0.6762553074297222,0.6843443850507783
1.8044650573472496,0.8266360422274572,0.6706003629296674,0.6818207631033494
1.8296183216406845,0.8182444820872076,0.6650730323330182,0.679394242893681
1.8551222087971333,0.8099128458925392,0.6596710915071152,0.6770613000415568
1.8809816063091565,0.8016412838032935,0.654392322149325,0.6748185215670144
1.9072014697983053,0.7934299323931508,0.6492345137006996,0.6726626036875739
1.9337868239648128,0.7852789148009681,0.6441954651523296,0.6705903495436418
1.9607427635505073,0.7771883408862961,0.6392729867470051,0.668598666865263
1.988074454315156,0.7691583073888806,0.6344649015789023,0.6666845655923113
2.015787134026411,0.7611888980919546,0.6297690470940986,0.6648451554591951
2.0438861134635697,0.7532801839891262,0.6251832764947902,0.6630776435541937
2.072376777435312,0.7454322234546757,0.6207054600501484,0.6613793318626352
2.101264585811631,0.7376450624170683,0.6163334863167859,0.6597476148022825
2.1305550745701414,0.7299187345354962,0.6120652632718395,0.6581799767584975
2.1602538568569902,0.7222532613792588,0.6078987193616898,0.6566739896260114
2.1903666240625337,0.714648652609804,0.60383180446935,0.6552273103634388
2.220899146912025,0.7071049061652398,0.5998624908035487,0.6538376785660246
2.2518572765714993,0.6996220084471405,0.5959887737125201,0.6525029140615171
2.2832469457690654,0.6921999345094703,0.5922086724254982,0.6512209145335032
2.315074169931852,0.6848386482494403,0.5885202307248734,0.6499896531760255
2.3473450483387786,0.6775381026001382,0.5849215175519475,0.6488071763828279
2.380065765289405,0.6702982397247511,0.5814106275491719,0.6476716014741373
2.4132425912890674,0.6631189912122191,0.5779856815417093,0.6465811144634828
2.4468818842505526,0.6560002782741499,0.5746448269611076,0.6455339678666859
2.4809900907125013,0.6489420119428415,0.5713862382138205,0.6445284785548148
2.515573747074809,0.6419440932702466,0.5682081169972453,0.6435630256525802
2.5506394808512334,0.6350064135277318,0.5651086925658889,0.6426360484833755
2.5861940119394875,0.6281288544064705,0.5620862219502026,0.6417460445618944
2.6222441539090107,0.6213112882183326,0.5591389901305662,0.6408915676350325
2.6587968153067094,0.6145535780971186,0.5562653101688214,0.6400712257715624
2.6958590009808776,0.607855578200003,0.5534635232996948,0.6392836795008814
2.733437813423605,0.6012171339090412,0.5507319989843655,0.6385276400009539
2.7715404541318653,0.5946380820326184,0.548069134928374,0.6378018673354204
2.810174224987598,0.5881182510067003,0.545473357065981,0.6371051687396999
2.8493465296570086,0.5816574610957673,0.5429431195130251,0.6364363969557909
2.8890648750094017,0.5752555245933004,0.5404769044902403,0.6357944486153667
2.9293368725557674,0.5689122460217114,0.5380732222189363,0.6351782626706592
2.97017023990743,0.562627422331595,0.5357306107908596,0.6345868188725446
3.0115728022550337,0.5564008431001931,0.5334476360139901,0.6340191362951634
3.0535524938681275,0.5502322907289687,0.5312228912359531,0.6334742719063488
3.096117359615684,0.5441215406401765,0.5290549971466549,0.6329513191830746
3.1392755565077826,0.5380683614723412,0.5269426015616909,0.6324494067710926
3.183035355258804,0.5320725152745411,0.5248843791879954,0.6319676971878831
3.2274051418723912,0.5261337576994081,0.5228790313731468,0.6315053855680144
3.2723934192485404,0.5202518381947506,0.5209252858396727,0.6310616984499756
3.3180088088130586,0.5144265001937227,0.5190218964056369,0.6306358926035315
3.3642600521697568,0.5086574813034517,0.5171676426927319,0.630227253896623
3.4111560127756517,0.5029445134920512,0.5153613298230395,0.6298350962008378
3.458705677639555,0.4972873232739412,0.513601788105562,0.6294587603344546
3.506918159044303,0.49168563189341086,0.5118878727135776,0.6290976130420733
3.5558026962930165,0.4861391555063523,0.51021846335381,0.628751046009835
3.6053686574796813,0.48064760536010637,0.5085924639283608,0.6284184749152416
3.6556255412844427,0.475210687971355,0.5070088021902904,0.6280993385105907
3.7065829787938926,0.46982810530201075,0.505466429393697,0.6277930977390482
3.758250735346747,0.46449955493304457,0.503964319939086,0.6274992348823916
3.8106387124052508,0.459224730236205,0.5025014710147819,0.6272172527394685
3.863756949452652,0.4540033205435829,0.5010769022350929,0.626946673834428
3.9176156259171617,0.4488350113149723,0.49968965527588827,0.6266870396537977
3.9722250631226954,0.4437194843029962,0.49833879350822113,0.6264379099114955
4.027595726266831,0.43865641771595176,0.4970234016305774,0.6261988618408804
4.083738226426314,0.4336454863783455,0.4957425853003055,0.6259694895129662
4.140663322590554,0.42868636188908277,0.49449547076473876,0.6257494031799407
4.1983819237234385,0.4237787127772867,0.4932812044924932,0.625538228643148
4.256905090853896,0.41892220465571695,0.49209895280538857,0.625335606644718
4.316244039195587,0.4141165003717698,0.49094790151141166,0.6251411922820392
4.376410140296184,0.40936126015603,0.4898272555391081,0.624954654444297
4.437414924216561,0.4046561417683667,0.48873623857376636,0.6247756752703164
4.49927008174039,0.4000008006415492,0.48767409269572454,0.6246039496269697
4.561987466614516,0.395394890022375,0.48664007802111103,0.6244391846074298
4.625579097820601,0.39083806111029296,0.48563347234530163,0.6242810990485678
4.690057161878385,0.3863299631935189,0.48465357078935517,0.624129423066819
4.755434015181088,0.3818702437826327,0.4836996854496673,0.6239838976118546
4.821722186363352,0.3774585487416531,0.48277114505106167,0.6238442740374204
4.888934378702179,0.3730945224165906,0.4818672946035174,0.6237103136887224
4.957083472551377,0.36877780776147107,0.4809874950627144,0.6235817875057573
5.026182527809895,0.36450804646183915,0.4801311229945596,0.6234584756420063
5.096244786424597,0.36028487905573936,0.4792975702438422,0.6233401670979271
5.167283674927889,0.356107945052182,0.4784862436071475,0.6232266593686991
5.239312807010772,0.35197688304709773,0.477696564510148,0.6231177581056939
5.312345986131713,0.34789133083679297,0.4769279686893734,0.6230132767911598
5.386397208161907,0.3438509255289124,0.4761799058785493,0.6229130364256272
5.461480664067389,0.3398553036509221,0.47545183949958353,0.6228168652275582
5.537610742628582,0.3359041012561221,0.4747432463582637,0.6227245983447783
5.6148020331976936,0.3319969540272079,0.47405361634472415,0.6226360775772483
5.6930693284946,0.32813349737739134,0.47338245213872443,0.6225511511107417
5.772427627441652,0.32431336654910004,0.4727292689197776,0.6224696732610197
5.85289213803806,0.3205361967102708,0.47209359408215285,0.622391504228097
5.9344782802742895,0.3168016230482581,0.47147496695477203,0.6223165098602184
6.017201689087117,0.3131092808613759,0.4708729385260109,0.6222445614271696
6.101078217355841,0.3094588056480949,0.47028707117340834,0.6221755354025661
6.186123938940317,0.3058498331939136,0.46971693839827916,0.6221093132547737
6.2723551517612846,0.3022819996559312,0.46916212456522355,0.6220457812461266
6.359788380923659,0.29875494164514077,0.4686222246465159,0.6219848302401232
6.448440381883363,0.2952682963064698,0.4680968439713528,0.6219263555162883
6.538328143658268,0.29182170139659325,0.46758559797993626,0.6218702565924065
6.6294688920839615,0.288414795359541,0.46708811198235956,0.6218164370538373
6.721880093114829,0.28504721740013156,0.46660402092226394,0.6217648043896362
6.815579456171196,0.28171860755525496,0.46613296914522706,0.6217152698352172
6.910584937533082,0.27842860676303394,0.46567461017184164,0.6216677482212986
7.0069147437813335,0.2751768569298894,0.46522860647543945,0.6216221578288871
7.104587335286651,0.2719630009955418,0.4647946292644141,0.6215784202500628
7.203621429747301,0.2687866829959742,0.4643723582690907,0.6215364602543362
7.304036005776087,0.2656475481243883,0.46396148153309136,0.6214962056603587
7.405850306537411,0.2625452427901802,0.4635616952091406,0.621457587212775
7.509083843434935,0.25947941467597,0.4631727033592546,0.6214205384640145
7.613756399850721,0.2564497127927102,0.46279421775925567,0.6213849956608255
7.719888034936422,0.2534557875329087,0.4624259577075525,0.6213508976353662
7.827499087457409,0.25049729072199045,0.46206764983812454,0.6213181857006707
7.9366101796904065,0.24757387566783484,0.46171902793764796,0.6212868035503155
8.04724222137549,0.2446851972085156,0.4613798327667015,0.6212566971621226
8.159416413723182,0.24183091175827437,0.46104981188498645,0.6212278147057354
8.273154253477358,0.23901067735176196,0.4607287194804967,0.6212001064539152
8.388477537034865,0.23622415368657282,0.4604163162025742,0.62117352469741
8.505408364622498,0.23347100216410932,0.46011236899878366,0.6211480236632523
8.623969144532234,0.2307508859288037,0.4598166509555404,0.6211235594363498
8.744182597415463,0.22806346990572954,0.4595289411424265,0.6211000898842375
8.866071760637158,0.2254084208366326,0.45924902446012755,0.6210775745848642
8.98965999269066,0.22278540731441374,0.4589766914919253,0.6210559747572936
9.114970977674044,0.2201940998160932,0.4587117383586798,0.6210352531952
9.242028729828844,0.21763417073428787,0.4584539665772348,0.6210153742030521
9.370857598142123,0.2151052944072298,0.4582031829221821,0.6209963035348709
9.50148227101261,0.21260714714735973,0.4579591992909182,0.6209780083354637
9.633927780981937,0.21013940726852245,0.4577218325719305,0.6209604570840321
9.768219509531752,0.20770175511179712,0.4574909045162467,0.620943619540059
9.904383191947828,0.2052938730699878,0.45726624161198526,0.6209274666913838
10.042444922251857,0.20291544561080888,0.45704767496194304,0.6209119707043772
10.182431158202034,0.2005661592987911,0.456835040164158,0.6208971048761318
10.324368726363375,0.19824570281593798,0.4566281771953842,0.6208828435885866
10.468284827248622,0.19595376698116296,0.4564269302974193,0.6208691622645084
10.614207040530953,0.19369004476853235,0.45623114786622254,0.6208560373252544
10.762163330329217,0.1914542313243463,0.45604068234376466,0.6208434461502456
10.91218205056693,0.18924602398308246,0.4558553901125501,0.6208313670380802
11.064291950405885,0.18706512228223263,0.45567513139275373,0.6208197791692232
11.21852217975564,0.1849112279760559,0.4554997701419141,0.6208086625702058
11.374902294859664,0.18278404504828005,0.45532917395712785,0.6207979980792772
11.533462263959452,0.18068327972377354,0.45516321397968806,0.620787767313446
11.69423247303749,0.1786086404792178,0.4550017648021133,0.6207779526368595
11.857243731640416,0.17655983805280204,0.4548447043775123,0.6207685371304633
12.022527278783237,0.17453658545297027,0.45469191393123143,0.6207595045628912
12.190114788935889,0.17253859796624266,0.4545432778747335,0.6207508393625359
12.360038378093208,0.17056559316413814,0.4543986837216554,0.6207425265907517
12.53233060992962,0.16861729090922048,0.4542580220059955,0.6207345519161441
12.707024502039497,0.16669341336029495,0.4541211862023799,0.6207269015899025
12.884153532264586,0.16479368497677688,0.45398807264836044,0.6207195624221334
13.063751645109548,0.16291783252225728,0.4538585804686956,0.6207125217591539
13.245853258247076,0.1610655850672866,0.45373261150156774,0.6207057674617059
13.430493269113535,0.15923667399140187,0.4536100702266915,0.6206992878840555
13.617707061596635,0.15743083298441718,0.4534908636952673,0.6206930718539396
13.807530512816296,0.155647798047001,0.4533749014617362,0.620687108653327
13.999999999999998,0.15388730749056143,0.4532620955172934,0.6206813879999599
