# Fig 7b-d: n=3, A=1, Bhat=Ghat=0.4, Khat=1; (enzyme x, target x)
l,b_theta_1x1x,c_theta_bridge_1x1x,d_theta_1x1x,d_TL_1x1x,b_theta_2x1x,c_theta_bridge_2x1x,d_theta_2x1x,d_TL_2x1x,b_theta_1x4x,c_theta_bridge_1x4x,d_theta_1x4x,d_TL_1x4x,b_theta_2x4x,c_theta_bridge_2x4x,d_theta_2x4x,d_TL_2x4x
0.06309573444801933,0.9406473213955957,0.9548442490209533,0.9308532130944446,0.12809383171804234,0.9406455859301247,0.9548442490209533,0.9221684130149522,0.1897587978181804,0.9406477755767576,0.973999311652943,0.9332188399254568,0.18786890397098369,0.9406464942708374,0.973999311652943,0.9262865651347938,0.3066667673206037
0.06445645394953103,0.9394448436453243,0.953904460375488,0.929523184158549,0.130558749340562,0.9394430840500632,0.953904460375488,0.9207403791974643,0.1932392022571463,0.9394453097873098,0.9734449798963004,0.9319473351441533,0.19077970958640794,0.9394440163116126,0.9734449798963004,0.9249538766582767,0.31103324945025895
0.06584651866079415,0.9382196040301428,0.9529458523457592,0.9281702162438957,0.1330672008298569,0.9382178202232209,0.9529458523457592,0.9192897193692334,0.19677585872865605,0.9382200823254757,0.9728789735029117,0.9306537037534574,0.19372589539786475,0.9382187767906333,0.9728789735029117,0.9235996582596596,0.3154416085982513
0.0672665614391568,0.9369712369656248,0.9519680798481933,0.9267940019956438,0.13561986368086276,0.9369694288753018,0.9519680798481933,0.9178161785404133,0.2003695069893957,0.9369717276041792,0.9723010529791383,0.9293376215269582,0.1967078172016892,0.9369704101283033,0.9723010529791383,0.9222236207698065,0.3198919992303503
0.06871722879013759,0.9356993736632316,0.9509707928526531,0.9253942327867682,0.13821742516239657,0.9356975412283025,0.9509707928526531,0.9163195015802268,0.20402089509888,0.9356998768319041,0.9717109742062827,0.9279987614818198,0.19972584098797985,0.9356985475406651,0.9717109742062827,0.9208254726398613,0.3243845834083412
0.07019918116176128,0.9344036422194697,0.9499536363745362,0.9239705988152961,0.14086058253374634,0.934401785389675,0.9499536363745362,0.9147994332986489,0.2077307796292196,0.9344041581018442,0.97110848836465,0.9266367939447536,0.20278034345961374,0.9344028171285443,0.97110848836465,0.9194049199921858,0.32891953143596053
0.07171309324524228,0.9330836677113141,0.9489162504703635,0.9225227892056616,0.14355004327030174,0.9330817864477532,0.9489162504703635,0.9132557185305875,0.2114999258850127,0.9330841964873167,0.9704933418570196,0.9252513866234683,0.20587171256333103,0.933082843972961,0.9704933418570196,0.9179616666762332,0.33349702251964464
0.0732596542821523,0.9317390722981053,0.9478582702370515,0.9210504921142847,0.14628652529852706,0.9317371665736549,0.9478582702370515,0.9116881022226572,0.2153291081336028,0.9317396141436515,0.9698652762315715,0.9238422046838157,0.20900034803269896,0.9317382502370098,0.9698652762315715,0.9164954143295739,0.33811724544379207
0.07483956837821303,0.9303694753300914,0.9467793258150669,0.91955339483946,0.1490707572405823,0.9303675451298244,0.9467793258150669,0.9100963295226115,0.2192191098459409,0.9303700304167243,0.9692240281042943,0.9224089108328349,0.212166661942754,0.9303686552743916,0.9692240281042943,0.9150058624442798,0.34278039926022774
0.0764535548238554,0.9289744934638339,0.9456790423956766,0.9180311839356752,0.1519034786688957,0.9289725387854434,0.9456790423956766,0.9084801458715407,0.22317072394828252,0.9289750619583548,0.9685693290809225,0.9209511654079217,0.21537107927611038,0.9289736757448034,0.9685693290809225,0.9134927084388846,0.3474866939915399
0.07810234842169238,0.92755374078465,0.9445570402325004,0.916483545332443,0.15478544037099448,0.9275517616388735,0.9445570402325004,0.9068392970989062,0.22718475308494773,0.927554322848741,0.967900905678442,0.919468626472323,0.21861403850031622,0.9275529257363703,0.967900905678442,0.9119556477361309,0.3522363513479617
0.07978669982105381,0.9261068289362991,0.9434129346575941,0.9149101644577633,0.15771740462490053,0.9261048253473453,0.9434129346575941,0.9051735295205138,0.23126200989236523,0.9261074247261404,0.9672184792462095,0.9179609499171854,0.22189599215622968,0.9261060168953175,0.9672184792462095,0.9103943738467267,0.3570296054574492
0.08150737585973611,0.924633367258099,0.9422463361022875,0.9133107263663091,0.16070014548539616,0.9246313392640749,0.9422463361022875,0.9034825900395201,0.23540331728461636,0.9246339769239769,0.9665217658867393,0.9164277895703621,0.22521740745718213,0.9246325585630742,0.9665217658867393,0.9088085784593143,0.36186670360860995
0.08326515991312185,0.9231329629296652,0.9410568501230157,0.9116849158724435,0.16373444908146653,0.9231309105830036,0.9410568501230157,0.9017662262505634,0.23960950875068826,0.9231335866155748,0.9658104763762068,0.9148687973121996,0.22857876689868672,0.9231321579210013,0.9658104763762068,0.9071979515368783,0.36674790700612103
0.0850608522508284,0.9216052211234627,0.9398440774323862,0.9100324176881713,0.166821113925223,0.9216031444913511,0.9398440774323862,0.9000241865471232,0.24388142866364013,0.9216058589667077,0.9650843160847273,0.9132836231985163,0.2319805688784503,0.9216044201429332,0.9650843160847273,0.9055621814198034,0.3716734915382762
0.0868952704010484,0.9200497451653614,0.9386076139357328,0.9083529165661254,0.16996095123261198,0.9200476443301667,0.9386076139357328,0.8982562202322074,0.2482199326018807,0.9200503972961437,0.9643429848964734,0.911671915590985,0.23542332832643972,0.9200489485557183,0.9643429848964734,0.9039009549357901,0.37664374855629457
0.08876924952274723,0.918466136703371,0.937347050773413,0.9066460974476911,0.17315478525621106,0.9184640117630657,0.937347050773413,0.8964620776324673,0.2526258876827478,0.9184668032443799,0.9635861771296925,0.9100333212951287,0.2389075773447532,0.9184653448079457,0.9635861771296925,0.9022139575168452,0.38165898566502027
0.09068364278588727,0.9168539958847449,0.9360619743691165,0.9049116456163718,0.17640345363041218,0.9168518469533301,0.9360619743691165,0.8946415102158477,0.25710017290857423,0.9168546769507407,0.9628135814566964,0.908367485706136,0.2424338658570449,0.9168532090470407,0.9628135814566964,0.9005008733235522,0.3867195275246403
0.09263932175985239,0.9152129215416296,0.9347519664844561,0.9031492468564944,0.17970780772929207,0.9152107487495539,0.9347519664844561,0.8927942707128743,0.2616436795254218,0.9152136172390243,0.9620248808238985,0.9066740529627073,0.24600276226725276,0.9152121401049,0.9620248808238985,0.8987613853768299,0.3918257166630485
0.09463717681024883,0.9135425113854265,0.9334166042801212,0.9013585876173532,0.1830687130374627,0.9135403148800031,0.9334166042801212,0.8909201132416835,0.2662573113946527,0.9135432218118599,0.961219752371976,0.9049526661091182,0.24961485412737822,0.9135417356922483,0.961219752371976,0.8969951756973749,0.3969779142984821
0.09667811750426372,0.9118423622100383,0.9320554603838818,0.8995393551828866,0.18648704953419684,0.9118401421558567,0.9320554603838818,0.8890187934369004,0.27094198537750785,0.9118430874539568,0.9603978673562424,0.9032029672657091,0.2532707488140723,0.9118415926018756,0.9603978673562424,0.8952019254529896,0.40217650117205894
0.09876307302476518,0.9101120701041646,0.9306681029657375,0.89769123784699,0.18996371209111618,0.9101098266834965,0.9306681029657375,0.8870900685824689,0.2756986317328495,0.9101128102443936,0.9595588910673203,0.90142459780798,0.2569710742137815,0.9101113069209233,0.9595588910673203,0.8933813151139888,0.40742187838984545
0.10089299259333344,0.9083512306727936,0.9292540958205152,0.8958139250945435,0.19349961088373013,0.908348964085994,0.9292540958205152,0.8851336977485419,0.28052819452822775,0.9083519857781122,0.9587024827522111,0.8996171985544787,0.260716479416218,0.908350474252372,0.9587024827522111,0.8915330246168632,0.41271446827409414
0.10306884590241455,0.9065594392680453,0.9278129984582185,0.893907107788254,0.19709567181710497,0.9065571497339459,0.9278129984582185,0.8831494419325298,0.2854316320644149,0.9065602093967615,0.9578282955358612,0.897780409963658,0.26450763541591776,0.9065586899458764,0.9578282955358612,0.8896567335363886,0.41805471522328574
0.10529162355679407,0.9047362912295022,0.9263443662024539,0.8919704783613912,0.20075283696594293,0.9047339789857971,0.9263443662024539,0.8811370642044106,0.29040991731355437,0.9047370764290279,0.9569359763433342,0.895913872339868,0.2683452358216627,0.9047355493380905,0.9569359763433342,0.8877521212663436,0.4234430865806232
0.10756233752459157,0.9028813821341591,0.9248477502972471,0.8900037310164975,0.20447206502934473,0.9028790474377829,0.9248477502972471,0.8790963298564044,0.2954640383710625,0.9028821824405888,0.9560251658227025,0.8940172260486424,0.27222999757355015,0.9028806480026144,0.9560251658227025,0.8858188672090055,0.42888007351063306
0.10988202159798126,0.9009943080561138,0.9233226980225842,0.8880065619301508,0.20825433180052397,0.9009919511836091,0.9233226980225842,0.8770270065571041,0.3005949989214154,0.900995123493804,0.955095498268781,0.8920901117414344,0.2761626616675003,0.9009935820096798,0.955095498268781,0.8838566509735775,0.4343661918835318
0.11225173186384851,0.8990746658361092,0.9217687528190103,0.8859786694638481,0.21210063065173843,0.8990722870839843,0.9217687528190103,0.8749288645101574,0.3058038187179518,0.899075496417264,0.9541466015478298,0.89013217058993,0.2801439938870053,0.8990739481956912,0.9541466015478298,0.8818651525836892,0.4399019831670315
0.11467254718459637,0.8971220533610244,0.9201854544216281,0.8839197543810734,0.21601197303469707,0.8971196530460989,0.9201854544216281,0.8728016766175904,0.31109153407681567,0.8971228990852832,0.9531780970233623,0.8881430445300779,0.2841747855419354,0.897121344442712,0.9531780970233623,0.8798440526941066,0.44548801532526183
0.11714556968932131,0.8951360698534031,0.9185723390038413,0.8818295200706103,0.21998938899669748,0.8951336483131436,0.9185723390038413,0.8706452186478559,0.31645919838515935,0.8951369307074377,0.9521895994832026,0.886122376515944,0.2882558542142306,0.8951353699679953,0.9521895994832026,0.8777930328167708,0.45112488372450654
0.11967192527558176,0.8931163161710961,0.916928939331196,0.8797076727761494,0.22403392771274272,0.8931138737639347,0.916928939331196,0.868459269408687,0.3219078826237277,0.8931171921282082,0.951180717067946,0.8840698107834921,0.2923880445103178,0.8931156256236233,0.951180717067946,0.8757117755562805,0.45681321204545655
0.12225276412198732,0.8910623951170674,0.9152547849256766,0.8775539218322295,0.22814665803388037,0.8910599322227122,0.9152547849256766,0.8662436109248296,0.32743867590393466,0.8910632861368013,0.9501510512009808,0.8819849931243865,0.2965722288201118,0.8910617142063182,0.9501510512009808,0.8735999648549089,0.46255365320169856
0.12488926121184282,0.8889739117594216,0.9135494022408162,0.8753679799065508,0.23232866905200297,0.8889714287791454,0.9135494022408162,0.8639980286207182,0.33305268601954796,0.8889748177871785,0.9491001965202428,0.8798675711698732,0.300809308082474,0.8889732407774672,0.9491001965202428,0.8714572862472355,0.46834689026417575
0.12758261686808525,0.8868504737616689,0.9118123148479872,0.8731495632486821,0.2365810706813422,0.8868479711185867,0.9118123148479872,0.8617223115081569,0.33875104001309214,0.8868513947283355,0.9480277408118823,0.8777171946848131,0.3051002125570186,0.8868498129933932,0.9480277408118823,0.869283427124465,0.47419363739136877
0.13033405729975697,0.8846916917232438,0.910043043634239,0.8708983919451748,0.2409049942568833,0.8846891698625714,0.910043043634239,0.8594162523790554,0.34453488475707883,0.8846926275448291,0.9469332649460311,0.8755335158718895,0.3094459026021722,0.884691041445878,0.9469332649460311,0.867078077008477,0.48009464076496156
0.13314483516026404,0.882497179530272,0.9082411070120545,0.8686141901810919,0.24530159314992128,0.8824946389195674,0.9082411070120545,0.8570796480032633,0.3504053875501737,0.8824981301075553,0.9458163428148718,0.873316189686023,0.3138473694594176,0.8824965400129319,0.9458163428148718,0.8648409278356404,0.4860506795307784
0.13601623011767416,0.8802665547165544,0.906406021141394,0.866296686507937,0.24977204340097603,0.8802639958459397,0.906406021141394,0.8547122993315325,0.35636373672841154,0.8802675199347477,0.9446765412732175,0.8710648741589829,0.3183056360436663,0.8802659262197862,0.9446765412732175,0.8625716742504075,0.49206256674479393
0.13894954943731377,0.8779994388347223,0.9045373001644048,0.8639456141179668,0.25431754437027587,0.8779968622170862,0.9045373001644048,0.8523140117036317,0.3624111422915655,0.8780004185631444,0.9435134200818243,0.8687792307341821,0.32282175773972677,0.8779988216100545,0.9435134200818243,0.8602700139086802,0.49813115032403377
0.14194612857692873,0.8756954578374964,0.9026344564531652,0.8615607111248494,0.2589393194060135,0.8756928640086761,0.9026344564531652,0.8498845950616233,0.3685488365447845,0.8756964519292626,0.9423265318536715,0.8664589246116107,0.3273968232048571,0.8756948521269994,0.9423265318536715,0.8579356477909221,0.5042573140022133
0.14500733179468092,0.8733542424689614,0.9006970008708386,0.8591417208506225,0.263638616530577,0.8733516319879017,0.9006970008708386,0.8474238641682975,0.3747780747556106,0.8733552507606878,0.9411154220034542,0.8641036251028454,0.3320319551774127,0.8733536485048181,0.9411154220034542,0.8555682805249704,0.5104419782899708
0.14813455277025664,0.8709754286657357,0.8987244430466046,0.8566883921188841,0.26841670914494814,0.8709728021146272,0.8987244430466046,0.8449316388307571,0.38110013582649344,0.8709764509772607,0.9398796287005466,0.8617130059960432,0.3367283112916204,0.8709748466698208,0.9398796287005466,0.8531676207184767,0.5166861014395818
0.1513292152393696,0.8685586579679003,0.8967162916647394,0.8542004795541386,0.27327489675145833,0.8685560159522923,0.8967162916647394,0.8424077441291097,0.3875163229829187,0.868559694102025,0.9386186828257098,0.859286745930811,0.3414870848985355,0.8685580881513725,0.9386186828257098,0.8507333813008814,0.522990680414061
0.15459277364194776,0.8661035779395263,0.8946720547682069,0.851677743887199,0.27821450569508743,0.8661009210884161,0.8946720547682069,0.8398520106502412,0.3940279644772766,0.8661046276817701,0.9373321079318291,0.856824528782807,0.34630950589325993,0.8661030205024324,0.9373321079318291,0.848265279874807,0.5293567518605788
0.15792671378429898,0.8636098425986033,0.8925912400771174,0.8491199522665319,0.2832368899234865,0.8636071715645003,0.8925912400771174,0.8372642747265965,0.40063641430859676,0.863610905716982,0.9360194202089824,0.8543260440579162,0.3511968415485248,0.8636092977294957,0.9360194202089824,0.845763039076723,0.5357853930881461
0.16133255351555675,0.8610771128561553,0.8904733553224103,0.8465268785754122,0.2883434317658984,0.8610744283151178,0.8904733553224103,0.834644378679902,0.40734305295828377,0.861078189100978,0.9346801284541545,0.851790987295795,0.3561503973547646,0.8610765807317242,0.9346801284541545,0.8432263869467178,0.5422777230495448
0.16481184341871427,0.8585050569642919,0.8883179085950995,0.8438983037547337,0.29353554273115146,0.8585023596159379,0.8883179085950995,0.8319921710697328,0.4141492881419949,0.8585061460679801,0.9333137340459295,0.8492190604825759,0.3611715178668342,0.8585045377490137,0.9333137340459295,0.8406550573071736,0.5488349033275042
0.16836616751656108,0.8558933509729235,0.8861244087114194,0.841234016131304,0.2988146643248924,0.8558906415404129,0.8861244087114194,0.8293075069468134,0.4210565555778041,0.8558944526498521,0.9319197309245116,0.8466099724724727,0.36626158755754623,0.8558928448187251,0.9319197309245116,0.8380487901501256,0.5554581391251496
0.1719971439928443,0.8532416791948297,0.8838923655941929,0.8385338117514295,0.30418226888622535,0.8532389584248179,0.8838923655941929,0.8265902481109285,0.42806631977081144,0.8532427931411909,0.9304976055774347,0.8439634394180038,0.37142203167823007,0.8532411862407704,0.9304976055774347,0.8354073320330483,0.562148680260778
0.17570642592898206,0.8505497346787397,0.8816212906707314,0.8357974947195732,0.3096398604439179,0.8505470033413026,0.8816212906707314,0.8238402633732883,0.43518007481435966,0.8505508605724317,0.9290468370313492,0.8412791852085256,0.37665431712653896,0.8505492550507121,0.9290468370313492,0.8327304364827831,0.5689078221670368
0.17949570205666482,0.847817219690061,0.879310697287562,0.8330248775418502,0.3151889755923359,0.847814478578588,0.879310697287562,0.8210574288231838,0.44239934520802976,0.8478183571906008,0.9275668968502834,0.8385569419167257,0.3819599533217587,0.8478167535005112,0.9275668968502834,0.8300178644072961,0.5757369068946119
0.18336669752668752,0.8450438461988447,0.8769601011422599,0.8302157814740946,0.32083118438726294,0.8450410961299023,0.8769601011422599,0.8182416280987433,0.44972568669260193,0.8450449949473063,0.9260572491408028,0.835796450252698,0.38734049308789487,0.8450433935465128,0.9260572491408028,0.8272693845149166,0.5826373241205561
0.18732117469436227,0.8422293363745529,0.8745690207326473,0.8273700368742182,0.3265680912617633,0.842226578187717,0.8745690207326473,0.8153927526615764,0.4571606871021741,0.8422304959935336,0.9245173505645061,0.8329974600251902,0.3927975335448418,0.8422288973442352,0.9245173505645061,0.8244847737406825,0.5896105121614192
0.19136093392186904,0.8393734230871588,0.8721369778235935,0.8244874835585417,0.33240133596224036,0.8393706576448121,0.8721369778235935,0.8125107020750743,0.46470596723364377,0.8393745931807697,0.9229466503583196,0.8301597306095744,0.39833271700796136,0.8393729977494893,0.9229466503583196,0.8216638176793744,0.5966579589913636
0.1954878143979098,0.8364758504140645,0.8696634979316352,0.8215679711617768,0.33833259450484776,0.8364730786011662,0.8696634979316352,0.8095953842861134,0.472363181733771,0.8364770305679515,0.9213445903630715,0.8272830314220633,0.4039477318964257,0.8364754388253237,0.9213445903630715,0.8188063110248032,0.6037812032654795
0.19970369497503945,0.8335363741523025,0.8671481108276047,0.8186113595002779,0.3443635801524066,0.8335335968761194,0.8671481108276047,0.8066467159098786,0.4801340200040547,0.8335375639336933,0.9197106050608527,0.8243671423996495,0.40964431365070175,0.8335359763542458,0.9197106050608527,0.8159120580148665,0.6109818353485454
0.2040104950250548,0.830554762335436,0.8645903510574264,0.8156175189381972,0.35049604441198495,0.8305519805252443,0.8645903510574264,0.8036646225175099,0.4880202071236665,0.8305559612932183,0.9180441216216887,0.8214118544852251,0.4154242456595826,0.8305543783551484,0.9180441216216887,0.8129808728818669,0.6182614983495013
0.20841017531283004,0.8275307957545469,0.8619897584812151,0.8125863307561138,0.3567317780532936,0.8275280103612962,0.8619897584812151,0.8006490389262452,0.4960235047906988,0.8275320034193739,0.9163445599600749,0.8184169701172886,0.4212893601971902,0.8275304256043214,0.9163445599600749,0.8100125803075438,0.6256218891619276
0.2129047388889981,0.8244642684826564,0.8593458788307686,0.8095176875217008,0.3630726121480585,0.8244614804786025,0.8593458788307686,0.7975999094917054,0.5041457122820039,0.8244654843670841,0.9146113328019497,0.8153823037236139,0.42724153937040577,0.8244639121598981,0.9146113328019497,0.8070070158822386,0.633064759510869
0.21749623200188342,0.8213549884018935,0.8566582642855198,0.806411493461963,0.3695204191305299,0.8213521987801946,0.8566582642855198,0.7945171884019572,0.5123886674319127,0.8213562120005461,0.9128438457627058,0.8123076822182268,0.43328271607720154,0.8213546458890496,0.9128438457627058,0.803964026567579,0.6405919170063421
0.22218674502910069,0.818202777732687,0.8539264740669673,0.803267664836548,0.37607711387928866,0.8181999875069658,0.8539264740669673,0.7914008399729461,0.5207542476301363,0.8182040085224555,0.9110414974368666,0.809192945500994,0.439414874976373,0.8182024489972032,0.9110414974368666,0.8008834711620355,0.6482052262039186
0.22697841342924563,0.8150074735642147,0.851150075051562,0.8000861303116072,0.38274465482052206,0.8150046837680841,0.851150075051562,0.7882508389448812,0.5292443708391757,0.8150087110044845,0.9092036795000774,0.8060379469590845,0.44564005346919705,0.8150071585585189,0.9092036795000774,0.7977652207686576,0.6559066096727943
0.23187341871410852,0.8117689283853208,0.8483286424019882,0.7968668313336581,0.3895250450529343,0.8117661400718766,0.8483286424019882,0.785067170779127,0.5378609966315775,0.8117701719182314,0.9073297768240947,0.8028425539695497,0.45196034269356034,0.8117686270468328,0.9073297768240947,0.7946091592642861,0.6636980490717745
0.23687398944185578,0.8084870106150612,0.8454617602167198,0.7936097225028652,0.3964203334944742,0.808484224856337,0.8454617602167198,0.7818498319551246,0.5466061272473925,0.8084882596657973,0.9054191676054788,0.7996066484022081,0.4583778885311245,0.8084867228662308,0.9054191676054788,0.7914151837694722,0.6715815862336523
0.24198240223162923,0.805161605132012,0.8425490221976866,0.790314771945143,0.403432616051058,0.8051588230184006,0.8425490221976866,0.7785988302668533,0.5554818086722125,0.8051628591091254,0.9034712235087274,0.7963301271220069,0.464894892628121,0.8051613308803846,0.9034712235087274,0.7881832051183357,0.6795593242584618
0.24720098280002717,0.8017926138014398,0.8395900323358292,0.7869819616824429,0.410564036807479,0.8017898364410785,0.8395900323358292,0.7753141851183104,0.5644901317361816,0.8017938720972034,0.9014853098246147,0.7930129024899877,0.47151361343038434,0.8017923529397492,0.9014853098246147,0.7849131483275333,0.6876334286161395
0.2525321070199374,0.7983799559993913,0.8365844056142616,0.7836112880005671,0.4178167892406977,0.7983771845175127,0.8365844056142616,0.771995927817465,0.5736332332343894,0.7983812179901847,0.8994607856445324,0.7896549028619481,0.47823636723325674,0.798379708405681,0.8994607856445324,0.7816049530634906,0.6958061282591285
0.25797820200220534,0.7949235691327416,0.833531768728699,0.7802027618138325,0.4251931174557206,0.7949208046709896,0.833531768728699,0.7686441018681264,0.5829132970690861,0.7949248341794678,0.8973970040516591,0.7862560730838751,0.485065529247017,0.7949233346705156,0.8973970040516591,0.7782585741070208,0.7040797167455108
0.2635417472006296,0.7914234091541923,0.8304317608247428,0.7767564090258676,0.43269531744427736,0.7914206528699025,0.8304317608247428,0.7652587632591342,0.5923325554141647,0.7914246766027256,0.8952933123298147,0.7828163749831719,0.49200353467850444,0.7914231876725903,0.8952933123298147,0.7748739818144159,0.7124565533732645
0.26922527554078707,0.7878794510711944,0.8272840342515454,0.7732722708858225,0.44032573836652056,0.7878767041366422,0.8272840342515454,0.761839980750267,0.601893289902386,0.7878807202528604,0.8931490521908865,0.7793357878546966,0.4990528798296311,0.7878792424051994,0.8931490521908865,0.7714511625740766,0.7209390643262716
0.2750313745732029,0.7842916894477349,0.8240882553313066,0.7697504043392271,0.44808678385598266,0.784288953049349,0.8240882553313066,0.7583878361542368,0.6115978328358388,0.7842929596798188,0.8909635600217505,0.7758143089405753,0.5062161232134901,0.7842914934184043,0.8909635600217505,0.767990119257712,0.7295297438327348
0.28096268765138954,0.7806601388978979,0.8208441051439755,0.7661908823727289,0.4559809133480346,0.7806574142354403,0.8208441051439755,0.754902424614122,0.6214485684201471,0.780661409484186,0.8887361671516373,0.772251953902754,0.5134958866887909,0.7806599553126258,0.8887361671516373,0.7644908716651214,0.7382311553366747
0.28702191513529113,0.7769848345700955,0.817551280326453,0.7625937943519109,0.4640106434321015,0.776982122855809,0.817551280326453,0.7513838548755801,0.6314479340229585,0.7769861048014453,0.8864662001409296,0.7686487572872087,0.5208948566133662,0.7769846632228997,0.8864662001409296,0.7609534569615429,0.7470459326832202
0.293211815620681,0.7732658326208269,0.8142094938855086,0.758959246351377,0.4721785492279074,0.7732631350785515,0.8142094938855086,0.7478322495531436,0.6415984214572683,0.7732671017757654,0.8841529810924046,0.765004772978718,0.5284157850175126,0.7732656732926645,0.8841529810924046,0.7573779301065319,0.7559767813184086
0.29953520719507365,0.7695032106768179,0.8108184760235376,0.7552873614762725,0.48048726578603407,0.7695005285410753,0.8108184760235376,0.7442477453899171,0.6519025782901557,0.7695044780221713,0.8817958279859749,0.7613200746450892,0.5360614907979477,0.7695030631359261,0.8817958279859749,0.7537643642733179,0.7650264795042616
0.30599496872071963,0.7656970682843617,0.8073779749761969,0.7515782801743902,0.4889394895130887,0.76569440279941,0.8073779749761969,0.7406304935099494,0.6623630091775263,0.7656983330759121,0.8793940550380054,0.7575947561696966,0.5438348609331749,0.7656969322866267,0.8793940550380054,0.7501128512575624,0.7741978795498987
0.31259404114527106,0.7618475273446782,0.8038877578608649,0.747832160538004,0.49753797962179974,0.7618448797635362,0.8038877578608649,0.736980659662565,0.6729823772254819,0.7618487888278466,0.8769469730863199,0.753828932071189,0.5517388517210724,0.7618474026340275,0.8769469730863199,0.7464235018744337,0.7834939090594996
0.31933542884071264,0.7579547325340878,0.8003476115347764,0.7440491785945577,0.506285559606369,0.7579521041175329,0.8003476115347764,0.7332984244579186,0.6837634053789545,0.7579559899446462,0.8744538900020422,0.7500227379092083,0.5597764900395288,0.7579546188429087,0.8744538900020422,0.7426964463428973,0.7929175721979288
0.3262222009711669,0.7540188517077895,0.7967573434615881,0.7402295285853254,0.515185118743428,0.7540162437233255,0.7967573434615881,0.7295839835930273,0.6947088778382631,0.7540201042725972,0.8719141111294457,0.7461763306749439,0.5679508746309684,0.7540187487573715,0.8719141111294457,0.7389318346561136,0.8024719509748711
0.33325749289019896,0.7500400762860236,0.7931167825850248,0.7363734232311548,0.5242396136189671,0.7500374900068243,0.7931167825850248,0.7258375480675318,0.7058216415042781,0.750041323223789,0.8693269397550122,0.7422898891653488,0.5762651774116206,0.750039983787025,0.8693269397550122,0.7351298369368252,0.8121602065483429
0.34044450756825423,0.7460186216214083,0.7894257802081616,0.732481093984406,0.5334520696816224,0.7460160583252344,0.7894257802081616,0.722059344388434,0.7171046074528916,0.7460198621434735,0.8666916776069368,0.7383636143398444,0.5847226448064035,0.7460185392743436,0.8666916776069368,0.731290643776619,0.8219855805484637
0.3477865170508813,0.7419547273462137,0.7856842108767887,0.7285527912661823,0.5428255828227257,0.7419521883143076,0.7856842108767887,0.7182496147630523,0.728560752439518,0.7419559606573647,0.8640076253863312,0.7343977296583283,0.5933265991103037,0.7419546548419662,0.8640076253863312,0.7274144665579371,0.8319513964223993
0.3552868639484017,0.7378486576983757,0.781891973265205,0.7245887846879683,0.5523633209835441,0.7378461442143323,0.781891973265205,0.7144086172794398,0.7401931204343675,0.7378498829976716,0.8612740833314134,0.7303924813993109,0.6020804398771468,0.7378485947187287,0.8612740833314134,0.723501537757726,0.8420610608014031
0.36294896295770646,0.7337007018250278,0.7780489910626733,0.7205893632567785,0.5620685257901592,0.7336982151736443,0.7780489910626733,0.7105366260735133,0.7520048241892577,0.7337019183066525,0.8584903518159843,0.7263481389570234,0.6109876453366702,0.7337006480432166,0.8584903518159843,0.7195521112316126,0.8523180648909005
0.37077630241687193,0.7295111740623619,0.7741552138586745,0.7165548355629362,0.5719445142164565,0.7295087155284682,0.7741552138586745,0.70663393148214,0.7639990468367469,0.7295123809164941,0.8556557319835206,0.7222649951163272,0.620051773840814,0.7295111291436444,0.8556557319835206,0.7155664624775046,0.8627259858845879
0.3787724458933011,0.7252804141906349,0.7702106180249817,0.7124855299496121,0.5819946802757177,0.7252779850579065,0.7702106180249817,0.70270084018145,0.7761790435223906,0.7252816106043368,0.8527695264182239,0.7181433663042985,0.6292764653401681,0.7252803777928823,0.8527695264182239,0.7115448888775342,0.8732884884035281
0.3869410338061166,0.721008787663163,0.7662152075924736,0.7083817946632549,0.5922224967413392,0.7210063892129152,0.7662152075924736,0.6987376753096352,0.7885481430709517,0.7210099728212861,0.8498310398543815,0.7139835928173573,0.6386654428915165,0.7210087594374645,0.8498310398543815,0.7074877099172757,0.8840093259612486
0.39528578508354006,0.716696685808165,0.762169015120504,0.7042439979840776,0.6026315168972184,0.7166943193181341,0.762169015120504,0.6947447765735243,0.8011097496874002,0.7166978588942703,0.8468395799254059,0.7097860390228484,0.6482225141974367,0.716696665399451,0.8468395799254059,0.7033952673811901,0.8948923424558606
0.4038104988560165,0.7123445260023508,0.7580721025565341,0.700072528335772,0.6132253763183789,0.7123421927454613,0.7580721025565341,0.6907225003382341,0.8138673446935732,0.7123456861996443,0.8437944579539217,0.7055510935340056,0.6579515731789238,0.7123445130500293,0.8437944579539217,0.6992679255232771,0.9059414736902451
0.4125190561858505,0.7079527518151782,0.7539245620836444,0.6958677943736474,0.6240077946824331,0.707950453058298,0.7539245620836444,0.6866712196992085,0.8268244883013685,0.7079538983074585,0.8406949897842719,0.7012791693572563,0.6678566015820159,0.707952745953785,0.8406949897842719,0.6951060712119466,0.9171607489213522
0.42141542183414527,0.7035218331227432,0.7497265169534323,0.6916302250504215,0.6349825776125068,0.7035195701254295,0.7497265169534323,0.6825913245359944,0.8399848214233815,0.7035229650953588,0.8375404966588065,0.6969707040108711,0.6779416706194142,0.7035218339826038,0.8375404966588065,0.6909101140481472,0.9285542924396971
0.430503646065847,0.6990522661903099,0.7454781223017173,0.6873602696589188,0.646153618552283,0.6990500402035463,0.7454781223017173,0.6784832215471143,0.8533520675218988,0.6990533828311283,0.8343303061393084,0.6926261596139928,0.6882109426481003,0.6990522733982137,0.8343303061393084,0.6866804864558399,0.9401263251801351
0.4397878664937159,0.6945445737225304,0.7411795659443867,0.6830583978509613,0.6575249006738433,0.6945423859874587,0.7411795659443867,0.6743473342654297,0.8669300344971853,0.6945456742229131,0.8310637530748898,0.68824602294513,0.6986686728839613,0.6945445869024125,0.8310637530748898,0.6824176437439373,0.951881166365021
0.4492723099620654,0.6899993048804594,0.7368310691506222,0.6787250996317765,0.6691004988190264,0.6899971566271065,0.7368310691506222,0.6701841030534202,0.8807226166160232,0.6900003884362439,0.827740180617665,0.6838308054692496,0.7093192111544527,0.6899993236540928,0.827740180617665,0.6781220641388747,0.96382323518088
0.45896129447112494,0.6854170352645239,0.7324328873906805,0.6743608853292908,0.680884581475045,0.6854149277105281,0.7324328873906805,0.6659939850778324,0.8947337964814723,0.685418101077011,0.8243589412874729,0.6793810433326509,0.720167003690329,0.6854170592522163,0.8243589412874729,0.6737942487870398,0.9759570524897165
0.4688592311429046,0.6807983668626644,0.7279853110553247,0.6699662855377113,0.6928814127851413,0.6807963012119979,0.7279853110553247,0.6617774542631959,0.9089676470448445,0.680799414139606,0.8209193980868741,0.6748972973248678,0.731216594957499,0.6807983956839618,0.8209193980868741,0.6694347217263291,0.988287242576124
0.47897062622945413,0.6761439279629293,0.7234886661439434,0.6655418510348551,0.7050953545950863,0.6761419054046253,0.7234886661439434,0.6575350012237361,0.9234283336608937,0.6761449559195206,0.8174209256675928,0.670380152806903,0.7424726295300546,0.6761439612373236,0.8174209256675928,0.6650440298261656,1.0008185349313519
0.4893000831644333,0.6714543730298798,0.7189433149183412,0.6610881526727282,0.7175308685363722,0.6714523947367629,0.7189433149183412,0.6532671331732582,0.9381201161872509,0.6714553808897489,0.8138629115495087,0.6658302196051639,0.7539398540055549,0.6714544103775185,0.8138629115495087,0.6606227426953725,1.0135557660755208
0.49985230465892533,0.6667303825442249,0.7143496565191403,0.6566057812409162,0.7301925181469673,0.6667284496716461,0.7143496565191403,0.6489743738126266,0.9530473511291383,0.6667313695404201,0.8102447573932191,0.6612481318705447,0.765623118963643,0.6667304235866226,0.8102447573932191,0.6561714525573593,1.026503881419173
0.5106320948424489,0.6619726628051849,0.7097081275417022,0.6520953473023928,0.7430849710305512,0.6619707764897644,0.7097081275417022,0.6446572631944957,0.9682144938304225,0.661973628181159,0.8065658803271031,0.6566345479021617,0.7775273809690937,0.6619727071659326,0.8065658803271031,0.651690774092153,1.0396679371653783
0.5216443614501437,0.6571819456951685,0.7050192025684563,0.6475574810014318,0.7562130010551733,0.6571801070535502,0.7050192025684563,0.6403163575650205,0.9836261007120757,0.6571828887057568,0.8028257143297075,0.6519901499353363,0.7896577046204019,0.6571819930006446,0.8028257143297075,0.6471813442448741,1.0530531022536183
0.5328941180571233,0.6523589884064267,0.7002833946545157,0.6429928318433463,0.7695814905923206,0.6523571985340414,0.7002833946545157,0.6359522291823054,0.9992868315591341,0.6523599083188164,0.7990237116681527,0.6473156438934969,0.8020192646450317,0.6523590382865007,0.7990237116681527,0.6426438220003334,1.066664660346685
0.5443864863610155,0.6475045731294272,0.6955012557634687,0.6384020684458622,0.7831954327974112,0.6475028330992731,0.6955012557634687,0.631565466111415,1.0152014518572567,0.6475054692241203,0.795159344393109,0.642611759103747,0.8146173480424647,0.6475046252181621,0.795159344393109,0.6380788881235063,1.080508011861858
0.5561266985137265,0.642619506702805,0.6906733771502482,0.6337858782619916,0.7970599339327719,0.6426178175642407,0.6906733771502482,0.6271566719958297,1.0313748351800025,0.6426203782745661,0.791232105890741,0.6378792479759482,0.8274573562761922,0.6426195606391505,0.791232105890741,0.6334872448657242,1.0945886760476253
0.5681200995034936,0.6377046202248023,0.685800389688026,0.6291449672743386,0.8111802157341971,0.6377029830023617,0.685800389688026,0.6227264658052731,1.0478119656279639,0.6377054665835984,0.7872415124918296,0.6331188856452366,0.8405448075158223,0.6377046756532844,0.7872415124918296,0.6288696156364996,1.1089122931072377
0.5803721495883063,0.6327607686262483,0.6808829641361248,0.6244800596608492,0.8255616178222136,0.6327591843184719,0.6808829641361248,0.6182754815599162,1.0645179403208993,0.632761589098169,0.783187105138084,0.6283314695779997,0.8538853389304711,0.6327608251976452,0.783187105138084,0.6242267446409968,1.1234846263703917
0.5928884267818096,0.6277888302051841,0.675921811346011,0.6197918974320789,0.8402096001592336,0.6277872997834745,0.675921811346011,0.6138043680310046,1.0814979719440416,0.6277896241333495,0.7790684511054271,0.6235178191414211,0.8674847090346424,0.6277888875771949,0.7790684511054271,0.6195593964832424,1.1383115645143702
0.6056746293928157,0.6227897061233731,0.6709176824025199,0.6150812400401376,0.8551297455537966,0.6227882305308744,0.6709176824025199,0.6093137884180363,1.0987573913497524,0.6227904728688219,0.774885145783794,0.6186787751368032,0.8813488000877967,0.6227897639612737,0.774885145783794,0.6148683557352608,1.1533991238359607
0.618736578619584,0.617764319865015,0.6658713686975667,0.6103488639595378,0.8703277622131581,0.6177629000155173,0.6658713686975667,0.6048044200026649,1.1163016502157297,0.6177650588075733,0.7706368145127012,0.6138151992969693,0.8954836205488428,0.6177643778423004,0.7706368145127012,0.6101544264724099,1.168753450575509
0.6320802212000488,0.6127136166580898,0.660783701933719,0.6055955622402486,0.8858094863455108,0.6127122534349624,0.660783701933719,0.6002769537795765,1.1341363237609747,0.6127143271972179,0.7663231144715523,0.6089279737481451,0.9098953075867937,0.6127136744571019,0.7663231144715523,0.6054184317752921,1.1843808232944768
0.6457116321192027,0.6076385628588633,0.655655554055152,0.6008221440333421,0.9015808848131713,0.6076372571140177,0.655655554055152,0.5957320940646488,1.1522671135207532,0.6076392444144815,0.7619437366233074,0.6040180004368192,0.9245901296488467,0.6076386201714034,0.7619437366233074,0.6006612131986918,1.200287655307878
0.6596370173748637,0.6025401453001866,0.6504878371036642,0.5960294340896902,0.9176480578381018,0.6025388978530711,0.6504878371036642,0.5911705580807678,1.1706998501817918,0.6025407973134745,0.7574984077097932,0.5990862005221801,0.9395744890871702,0.6025402018281099,0.7574984077097932,0.595883630208104,1.216480497173005
0.6738627168030944,0.5974193706043204,0.6452815029976106,0.591218272232245,0.9340172417611838,0.5974181822409484,0.6452815029976106,0.5865930755217424,1.1894404964789853,0.5974199925384912,0.7529868922965353,0.5941335137348175,0.9548549248456992,0.5974194260601121,0.7529868922965353,0.591086559584495,1.232966039235863
0.6883952069645499,0.5922772644611211,0.6400375432318132,0.5863895128025162,0.9506948118566945,0.592276135933134,0.6400375432318132,0.582000388094813,1.2084951501548808,0.5922778558021684,0.7484089948645813,0.5891608977024865,0.9704381152082552,0.5922773185684537,0.7484089948645813,0.5862708947980351,1.249751114236748
0.7032411040930722,0.5871148708725287,0.6347569884967236,0.5815440240819408,0.9676872852034782,0.5871138028962969,0.6347569884967236,0.5773932490423325,1.2278700469832462,0.5871154311299441,0.7437645619463268,0.5841693272438188,0.9863308806093314,0.587114923366797,0.7437645619463268,0.5814375453516392,1.2668426999764302
0.7184071671078772,0.5819332513643868,0.6294409082153423,0.5766826876888974,0.9850013236143613,0.5819322446201484,0.6294409082153423,0.5727724226432376,1.2475715638580467,0.5819337800718468,0.739053484301873,0.5791597936309628,1.002540186508912,0.5819333019932217,0.739053484301873,0.5765874360952287,1.284247922044427
0.7339003006906998,0.5767334841667332,0.6240904099966657,0.5718063979522143,1.0026437366253775,0.576732539297773,0.6240904099966657,0.5681386836950116,1.267606221949155,0.5767339808827554,0.7342756991319368,0.5741333038222307,1.0190731463327054,0.5767335326904919,0.7342756991319368,0.5717215065117318,1.3019740566108604
0.7497275584293014,0.5715166633637865,0.618706639004689,0.5669160612620711,1.0206214845464359,0.5715157809756579,0.618706639004689,0.5634928169768824,1.2879806899261648,0.5715171276723519,0.7294311923227693,0.569090879665917,1.0359370244791983,0.5715167095560195,0.7294311923227693,0.5668407099759117,1.3200285332834252
0.7658961460287683,0.5662838980149553,0.6132907772422876,0.5620125953992828,1.0389416815750858,0.5662830786747433,0.6132907772422876,0.5588356166950731,1.3087017872516733,0.5662843295260968,0.7245200007179785,0.5640335570765488,1.0531392393949717,0.5662839416628466,0.7245200007179785,0.5619460129872088,1.3384189380310112
0.7824134245920693,0.5610363112482726,0.6078440427495974,0.5570969288440046,1.0576115989750992,0.5610355554839034,0.6078440427495974,0.5541678859109667,1.3297764875454523,0.5610367095986283,0.7195422144115209,0.5589623851848997,1.070687366719731,0.5610363521530553,0.7195422144115209,0.5570383943778506,1.357153016175558
0.7992869139713565,0.5557750393277611,0.6023676887168339,0.5521700000649749,1.0766386683216027,0.5557743476273566,0.6023676887168339,0.549490435953108,1.3512119220209107,0.5557754041810911,0.714497979055503,0.5538784254631985,1.0885891425025362,0.5557750773051051,0.714497979055503,0.5521188444975748,1.376238675453729
0.8165242961915441,0.5505012306963027,0.5968630025118108,0.547232756790471,1.0960304848145688,0.5505006035075813,0.5968630025118108,0.5448040858140203,1.3730153829953113,0.5505015617439678,0.7093874981757482,0.548782750827031,1.1068524664907486,0.5505012655766743,0.7093874981757482,0.5471883643763737,1.3956839891500277
0.8341334189477153,0.5452160449956693,0.5913313046227657,0.5422861552622071,1.1157948106624829,0.5452154827253962,0.5913313046227657,0.5401096615328509,1.3951943274752046,0.5452163419570724,0.7042110354874057,0.5436764447155072,1.1254854054932257,0.5452160766246631,0.7042110354874057,0.5422479648667466,1.4154971993030059
0.8521222991779607,0.5399206520654452,0.5857739475174376,0.5373311594734665,1.1359395785380852,0.5399201550789314,0.5857739475174376,0.5354079955649219,1.4177563808185885,0.5399209146884322,0.6989689172021458,0.538560600151342,1.144496196819348,0.5399206803040857,0.6989689172021458,0.5372986657670064,1.4356867199862449
0.8704991267132628,0.5346162309226358,0.5801923144197045,0.5323687403928039,1.1564728951080867,0.5346157995432875,0.5801923144197045,0.5306999261392945,1.4407093404753062,0.5346164589838581,0.6936615343177663,0.5334363187825556,1.163893251795465,0.5346162556476497,0.6936615343177663,0.5323414949272518,1.456261140665801
0.8892722680060943,0.5293039687238278,0.5745878180054426,0.5273998751747093,1.1774030446388344,0.5293036032327457,0.5745878180054426,0.5259862966054996,1.4640611798072467,0.5293041620290617,0.6882893448802725,0.5283047099075683,1.1836851593603972,0.5293039898278853,0.6882893448802725,0.5273774873396778,1.4772292296358658
0.9084502699394313,0.5239850597118053,0.5689618990196289,0.522425546358658,1.1987384926799347,0.5239847603474369,0.5689618990196289,0.521267954770619,1.4878200519899323,0.5239852180962321,0.6828528762077405,0.5231668894855028,1.2038806897416647,0.5239850771037301,0.6828528762077405,0.5224076842149316,1.4985999375344012
0.9280418637179068,0.5186607041486019,0.5633160248170757,0.5174467410580214,1.2204878898278704,0.518660471106446,0.5633160248170757,0.5165457522279425,1.5119942939970998,0.5186608274770447,0.6773527270645222,0.5180239791335757,1.2244887982141301,0.5186607177535504,0.6773527270645222,0.5174331320462902,1.5203824009405504
0.9480559688428831,0.5133321072369902,0.5576516878295391,0.512464450140334,1.2426600755717208,0.5133319406693541,0.5576516878295391,0.5118205436784432,1.5365924306699332,0.5133321954041085,0.6717895697735786,0.5128771051134852,1.2455186289427993,0.5133321169965981,0.6717895697735786,0.5124548816634588,1.5425859460556577
0.9685016971732486,0.5080004780324635,0.5519704039623036,0.5074796674004554,1.2652640822230996,0.5080003780482732,0.5519704039623036,0.5070931862463457,1.5616231788726243,0.5080005309629058,0.6661641522540065,0.5077273973087492,1.2669795189115391,0.5080004839049596,0.6661641522540065,0.5074739872778299,1.565220092469767
0.9893883570737927,0.502667028347785,0.5462737109236846,0.5024933887281727,1.288309138932511,0.5026669950124508,0.5462737109236846,0.5023645387900789,1.587095451735983,0.5026670459962964,0.6604772999700907,0.5025759881949695,1.2888810019395325,0.5026670303080738,0.6604772999700907,0.5024915055210705,1.588294557015511
1.0107254576530416,0.497332971652215,0.5405631664912378,0.4975066112718273,1.3118046757943231,0.49733300498754923,0.5405631664912378,0.497635461209921,1.6130183629908512,0.49733295400370364,0.6547299177775382,0.4974240118050306,1.3112328127873019,0.4973329696919262,0.6547299177775382,0.49750849447892964,1.6118192577113235
1.032522713092486,0.49199952196753644,0.5348403467187798,0.4925203325995447,1.335760328042635,0.4919996219517267,0.5348403467187798,0.4929068137536543,1.6394012313931103,0.4919994690370943,0.648922991651906,0.4922726026912509,1.3340448913541954,0.4919995160950404,0.648922991651906,0.49252601272217017,1.6358043177959676
1.054790047069178,0.48666789276300965,0.5291068440886396,0.4875355498596659,1.3601859403403402,0.4866680593306459,0.5291068440886396,0.48817945632155674,1.6662535852421276,0.48666780459589126,0.6430575902836485,0.48712289488651467,1.3573273869692617,0.4866678830034019,0.6430575902836485,0.4875451183365412,1.6602600698564032
1.0775375972736996,0.4813392958513984,0.5233642656138509,0.4825532589419788,1.3850915711637355,0.4813395288935542,0.5233642656138509,0.48345424777205753,1.6935851669945066,0.48133917252295566,0.6371348665236963,0.4819760208664244,1.3810906627774764,0.4813392822464497,0.6371348665236963,0.4825668679537101,1.6851970600510557
1.100775720025569,0.47601494028819474,0.5176142308952685,0.477574453641342,1.4104874972850658,0.4760152396525632,0.5176142308952685,0.478732045229381,1.7214059379750677,0.47601478190376806,0.6311560586630481,0.4768331105144972,1.4053453002233358,0.4760149228962698,0.6311560586630481,0.4775923157850685,1.710626052430599
1.1245149949881794,0.4706960312761721,0.5118583701388411,0.4726001248252907,1.4363842183554392,0.4706963967672542,0.5118583701388411,0.4740137033945005,1.749726083187027,0.4706958379709383,0.6251224915295147,0.4716952900924316,1.4301021036338768,0.47069601017211465,0.6251224915295147,0.472622512660322,1.7365580333584076
1.1487662299854255,0.46538376907736406,0.506098322138495,0.4676312596071961,1.4627924615906014,0.46538420045671236,0.506098322138495,0.4693000738607054,1.7785560162233822,0.4653835410161418,0.6190355773845366,0.4665636812174443,1.4553721049032233,0.4653837443523501,0.6190355773845366,0.46765850507274803,1.7630042160328874
1.1735404659221997,0.46007934793455507,0.5003357322302923,0.4626688405265335,1.489723186562075,0.46007984492106857,0.5003357322302923,0.4645920044350782,1.807906384281572,0.460079085311568,0.6128968166029014,0.4614393998486581,1.4811665682808124,0.4600793196959147,0.6128968166029014,0.4627013342329937,1.7899760451139157
1.198848981811004,0.45478395500433066,0.4945722502236855,0.45771384473779286,1.5171875900962362,0.4547845172746037,0.4945722502236855,0.4598903384671493,1.8377880732835146,0.45478365804292764,0.6067077981182286,0.4563235552844927,1.5074969952654935,0.45478392337533696,0.6067077981182286,0.4577520351332533,1.8174852014557132
1.2247032999069698,0.4494987693036974,0.4888095283158407,0.4527672432095291,1.5451971112839453,0.4494993964924188,0.4888095283158407,0.45519591418597977,1.8682122131032026,0.44949843825603214,0.6004701996172999,0.45121724917296907,1.5343751296077652,0.4494987344233257,0.6004701996172999,0.45281163562362625,1.8455436069484863
1.2511151909536151,0.44422496067223904,0.48304921899510633,0.44782999993502526,1.5737634366033688,0.44422565237264355,0.48304921899510633,0.4505095640468921,1.899190182904061,0.44422459581890905,0.5941857874666857,0.4461215745368017,1.5618129624224353,0.44422492269489516,0.5941857874666857,0.4478811555024254,1.8741634294712428
1.2780966795417332,0.4389636887517276,0.4772929729397867,0.44290307115599536,1.6028985051587035,0.43896444451609656,0.4772929729397867,0.4458321140890335,1.9307336165883502,0.4389632904013718,0.587856416355686,0.44103761481510045,1.5898227374140714,0.4389636478469448,0.587856416355686,0.4429616056221494,1.9033570879582447
1.3056600495838484,0.4337161019850447,0.4715424369184188,0.43798740460071706,1.6326145140375308,0.4337169213252567,0.4715424369184188,0.44116438330492685,1.9628544083609434,0.4337156704739033,0.5814840286403613,0.43596644292345116,1.618416956217645,0.4337160583371535,0.5814840286403613,0.43805398701279125,1.9331372575816055
1.3338178499067392,0.42848333663621335,0.46579925169776615,0.43308393873792883,1.662923923789605,0.42848421902434203,0.46579925169776615,0.43650718302311736,1.9955647184098757,0.428482872327648,0.5750706533744043,0.4309091203340829,1.6476083838568423,0.4284832904439804,0.5750706533744043,0.4331592900240882,1.963516875052615
1.3625828999645644,0.42326651583326697,0.4600650499647189,0.42819360204778595,1.6938394640298866,0.4232674607022271,0.4600650499647189,0.4318613163049885,2.028876978706109,0.4232660191172449,0.5686184050137915,0.42586669617776957,1.677410054322559,0.4232664673095083,0.5686184050137915,0.4282784934882684,1.9945091440444036
1.3919682956751995,0.4180667486356133,0.45434145426823475,0.42331731231110253,1.7253741391687154,0.4180677553798518,0.45434145426823475,0.42722757735676237,2.0628038989250306,0.41806621992815324,0.5621294817835693,0.42084020636903724,1.7078352762741649,0.4180666980067784,0.5621294817835693,0.4234125639047713,2.02612754073865
1.4219874153824383,0.41288512912747133,0.44863007498736124,0.4184559759180593,1.757541234272032,0.41288619710370317,0.44863007498736124,0.4226067509576676,2.0973584724922643,0.412884568870056,0.5556061636967728,0.41583067275618113,1.7388976388661792,0.41288507663320306,0.5556061636967728,0.41856245464836084,2.0583858194990805
1.4526539259467806,0.407722735538879,0.44293250833126147,0.4136104871974838,1.790354321054636,0.40772386406686606,0.44293250833126147,0.417999611905187,2.1325539827564493,0.40772214419783165,0.5490508102173446,0.4108391022975136,1.7706110177030752,0.4077226814315464,0.5490508102173446,0.41372910520196493,2.091298018674583
1.4839817889675655,0.4025806293956798,0.4372503343770099,0.40878172776775507,1.823827264009476,0.40258181775905183,0.4372503343770099,0.4134069244782576,2.1684040092916743,0.40258000746150896,0.5424658575610212,0.4058664862651826,1.8029895809249608,0.402580573939888,0.5424658575610212,0.4089134404155051,2.1248784665347964
1.5159852671392944,0.3974598546998134,0.43158511515073766,0.40397056591030966,1.8579742266760564,0.3974611021469288,0.43158511515073766,0.40882944191923215,2.2049224343323663,0.39745920268652557,0.5358538156304672,0.40091379947781985,1.8360477954269878,0.39745979817189014,0.5358538156304672,0.4041163697918959,2.1591417873411527
1.548678930745038,0.39236143714113675,0.425938392757494,0.3991778559666579,1.8928096780510693,0.3923627428859824,0.425938392757494,0.40426790593535133,2.2421234493434876,0.39236075558551864,0.5292172645834514,0.39598199956318064,1.869800433215394,0.3923613798285967,0.5292172645834514,0.39933878680130813,2.1941029075563625
1.5820776642898728,0.3872863833419103,0.4203116875649492,0.3944044377597517,1.9283483991444108,0.3872877465650379,0.4203116875649492,0.39972304622042354,2.280021561728947,0.3872856728027823,0.5225588510355749,0.39107202625185505,1.904262577903128,0.38728632554289827,0.5225588510355749,0.3945815682247081,2.2297770621954447
1.6161966732773805,0.38223568013498493,0.41470649644579516,0.3896511360404622,1.9646054896838063,0.3822370999844827,0.41470649644579516,0.39519557999733507,2.3186316016812345,0.3822349411924268,0.5158812839019239,0.3861848007030306,1.9394496313481215,0.38223562215769963,0.5158812839019239,0.3898455735275901,2.2661798013214556
1.651051491132281,0.3772102938766269,0.4091242910834124,0.38491875995986224,2.0015963749713,0.37721176946912566,0.4091242910834124,0.3906862115819638,2.357968729175344,0.3772095271311781,0.5091873298850463,0.3813212248631966,1.9753773204373,0.3772102360387264,0.5091873298850463,0.3851316442647394,2.303326996689136
1.6866579862723687,0.3722111697948161,0.40356651634505486,0.3802081025679213,2.0393368128949447,0.3722127002165257,0.40356651634505486,0.3861956319689956,2.398048441110137,0.3722103758666506,0.5024798086197613,0.376482180858579,2.012061704019536,0.37221111242280536,0.5024798086197613,0.3804406035167575,2.3412348485398082
1.7230323693329557,0.36723923137375164,0.39803458872648084,0.37551994033915076,2.0778429010990482,0.3672408156815281,0.39803458872648084,0.3817245184400839,2.4388865786003624,0.3672384109018309,0.4957615874885213,0.37166853042200027,2.049519179990791,0.36723917480235474,0.4957615874885213,0.37577325535900324,2.3799198925508707
1.7601912005471134,0.36229537977519755,0.3925298948716067,0.3708550327256613,2.11713108431641,0.3622970169976381,0.3925298948716067,0.37727353419472687,2.480499334422643,0.36229453341640155,0.4890355761242717,0.3668811143547634,2.0877664925347847,0.3622953243467155,0.4890355761242717,0.3711303843635004,2.4193990069433697
1.798151397285087,0.35738049329719507,0.3870537901704004,0.3662141217380084,2.1572181618660418,0.3573821824357592,0.3870537901704004,0.37284332800417036,2.522903260618811,0.35737962172543375,0.48230472062097607,0.3621207520240517,2.1268207395226213,0.35738043936084946,0.48230472062097607,0.3665127551342757,2.4596894197511885
1.8369302417562943,0.3524954268705727,0.3816075974378675,0.36159793155413794,2.1981212953198987,0.35249716690072685,0.3816075974378675,0.3684345338885849,2.566115276260053,0.3524945307758797,0.47557199747515116,0.35738824089625293,2.166699380074845,0.35249537478183807,0.47557199747515116,0.3619211118764936,2.5008087162554515
1.876545388877431,0.3476410115935735,0.37619260567659574,0.3570071681566538,2.2398580163422337,0.34764280146595866,0.37619260567659574,0.3640477708176946,2.6101526753754207,0.34764009168118365,0.4688404072848157,0.3526843561065031,2.2074202422895226,0.3476409617134994,0.4688404072848157,0.3573561779996666,2.5427748465878692
1.917014874310254,0.3428180543048314,0.37081006892494955,0.3524425189985682,2.2824462347052243,0.34281989294644966,0.37081006892494955,0.35968364243497936,2.6550331350483223,0.34281711129424314,0.46211296823517656,0.34800985006466356,2.249001531139996,0.34281800699935516,0.46211296823517656,0.35281865575512583,2.5856061335067793
1.958357122672716,0.33802733719481526,0.36546120519261294,0.3479046526976071,2.3259042464846136,0.3380292235102355,0.36546120519261294,0.35534273680550427,2.7007747236847424,0.33802637181884104,0.4553927094030851,0.3433654520978384,2.2914618365460715,0.33802729283406735,0.4553927094030851,0.34830922590784713,2.629321280349787
2.0005909559271737,0.3332696174557751,0.3601471954848017,0.34339421875908377,2.370250742439132,0.3332715503283539,0.3601471954848017,0.3510256261873734,2.7473959094569604,0.3332686304595797,0.44868266391476697,0.33875186812945524,2.334820141622456,0.33326957641337734,0.44868266391476697,0.3438285474426408,2.6739393791669266
2.0437356019494928,0.3285456269701203,0.3548691829160781,0.3389118473272718,2.415504816577554,0.3285476052632372,0.3548691829160781,0.3467328668267416,2.794915568926675,0.3285446191102512,0.44198586199348494,0.3341697803948362,2.379095831108371,0.3285455896224815,0.44198586199348494,0.33937725730462764,2.719479919038405
2.087810703282967,0.32385607203707106,0.3496282719143265,0.3344581489651452,2.461685974917335,0.323858094595375,0.3496282719143265,0.3424649987762641,2.8433529958515273,0.32385504408047966,0.43530532393562976,0.32961984719309717,2.424308699982367,0.3238560387626767,0.43530532393562976,0.3349559701738345,2.7659627945810694
2.13283632608101,0.31920163313733557,0.3444255275150822,0.3300337144622887,2.508814144438773,0.3192036987880022,0.3444255275150822,0.338222545736804,2.8927279101790697,0.31920058586039396,0.42864405305517583,0.325102702675132,2.4704789622664154,0.3192016043160382,0.42864405305517583,0.33056527827367105,2.813408314647791
2.178832969242712,0.3145829647354758,0.3392619747460432,0.325639114670709,2.5569096822387922,0.3145850722894717,0.3392619747460432,0.3340060149221675,2.943060467232365,0.3145818989229889,0.4220050286374757,0.320618956667349,2.517627260023508,0.3145829407477834,0.4220050286374757,0.3262057512129602,2.861837211224121
2.2258215737454097,0.3100006951195406,0.33413859810125135,0.32127490036822326,2.6059933848884484,0.3100028433728932,0.33413859810125135,0.3298158969465798,2.9943712670914517,0.3099996115637559,0.41539119894396187,0.3161691945307503,2.5657746725530224,0.3100006763459072,0.41539119894396187,0.3218779358611254,2.9112706485265956
2.2738235321785276,0.3054554262774695,0.3290563411040942,0.3169416021490385,2.6560864979984,0.30545761401254146,0.3290563411040942,0.3256526657345702,3.046681364175058,0.3054543257770869,0.40880547430945796,0.31175397705487,2.614942725788282,0.30545541309758734,0.40880547430945796,0.31758235625606274,2.9617302323072225
2.32286069848302,0.3009477338096899,0.32401610595796465,0.31263973034108106,2.7072107259965836,0.3009499597964537,0.32401610595796465,0.3215167784528858,3.100012277026968,0.30094661716887156,0.4022507203734719,0.30737384038600735,2.6651534019007665,0.3009477266017862,0.4022507203734719,0.31331951354416004,3.013238019368732
2.372955397900853,0.2964781668772568,0.31901875328311424,0.30836977494957857,2.7593882421224913,0.29648042987457063,0.31901875328311424,0.3174086754640057,3.1543859983116165,0.29647703490464106,0.39572975148603035,0.3030292959891289,2.716429149115584,0.29647816601739607,0.39572975148603035,0.30908988595185305,3.065816527295301
2.4241304371390644,0.2920472481848219,0.31406510193795356,0.30413220562635274,2.812641698642482,0.2920495469417021,0.31406510193795356,0.31332878030079153,3.2098250050235464,0.29204610169254175,0.3892453243273367,0.29872083064274374,2.768792891742899,0.2920472540462152,0.3892453243273367,0.3048939287880535,3.1194887444035624
2.4764091147530114,0.28765547399764935,0.30915592892279464,0.2999274716642279,2.866994237290649,0.28765780725453877,0.30915592892279464,0.30927749966176593,3.2663522689154547,0.2876543138003557,0.3828001317788103,0.2944489064659944,2.822268040430104,0.28765548694997073,0.3828001317788103,0.30073207447672284,3.174278139918783
2.5298152317535503,0.28330331419183497,0.304291969363785,0.2957560020159223,2.922469499939872,0.2833056806818659,0.304291969363785,0.30525522342647554,3.3239912671496903,0.28330214110572977,0.37639679708089524,0.29021396097715146,2.876878502639654,0.28330333460054885,0.37639679708089524,0.29660473261881,3.2302086743812297
2.5843731024429606,0.278991212336837,0.2994739165745654,0.29161820533674515,2.9790916395077383,0.27899361078708496,0.2994739165745654,0.301262324690365,3.3827659931781255,0.27899002717871413,0.370037868310476,0.2860164071826426,2.9326486933575606,0.2789912405625355,0.370037868310476,0.2925122900827242,3.2873048102878286
2.6401075654845716,0.2747195858093651,0.2947024221929814,0.287514470050388,3.0368853311021553,0.27472201494209364,0.2947024221929814,0.29729915981855004,3.442700967855482,0.27471838939566323,0.3637258132078103,0.2818566336957014,2.9896035460377046,0.2747196222071179,0.3637258132078103,0.2884551111224659,3.3455915229743445
2.6970439952111027,0.27048882593763807,0.2899780963900043,0.28344516443706363,3.0958757834115183,0.27049128447153165,0.2899780963900043,0.2933660685178599,3.5038212507912276,0.27048761908350594,0.35746301437965755,0.2777350048836727,3.047768523787161,0.2704888708563555,0.35746301437965755,0.2844335375224954,3.4050943117433867
2.755208313176879,0.2662992981749721,0.2853015081478602,0.27941063674322153,3.1560887503444266,0.26630178482635564,0.2853015081478602,0.28946337392648674,3.5661524519453276,0.2662980816933474,0.3512517649017846,0.27365186104297673,3.1071696307979155,0.2662993519567835,0.3512517649017846,0.28044788876838733,3.4658392112436855
2.8146269999591937,0.2621513423016243,0.28067318560422927,0.27541121531203155,3.2175505429240516,0.26215385578566763,0.28067318560422927,0.28559138272056,3.6297207434732277,0.2621501170023282,0.3450942643403161,0.26960751860068904,3.167833424030449,0.2621514052812712,0.3450942643403161,0.27649846224227387,3.5278528031061924
2.8753271072141633,0.25804527265378646,0.27609361645926983,0.27144720873381767,3.280288041442319,0.25804781168569235,0.27609361645926983,0.2817503852369477,3.6945528718255267,0.25804403934263537,0.33899261520754287,0.265602270341672,3.229787025154741,0.25804534515803373,0.33899261520754287,0.27258553344206304,3.5911622278426454
2.9373362699925902,0.2539813783785918,0.27156324844212565,0.2675189060155941,3.3443287078792223,0.25398394167476557,0.27156324844212565,0.27794065561156595,3.7606761701079523,0.25398013785652646,0.3329488198638504,0.2616363856601555,3.293058132754441,0.2539814607256564,0.3329488198638504,0.26870935622338105,3.6557951970123805
3.000682719321417,0.24995992371397627,0.26708248983350574,0.2636265767688451,3.4097005985926487,0.2499625099931756,0.26708248983350574,0.2741624519324682,3.8281185707073377,0.2499586767762109,0.32696477787344563,0.25771011083465134,3.3576750347999953,0.249960016212975,0.32696477787344563,0.26487016306317474,3.721780005663273
3.065395295056527,0.24598114829221077,0.2626517100408733,0.25977047141467463,3.476432377284266,0.2459837562766747,0.2626517100408733,0.27041601640697277,3.8969086181894306,0.24597989572740286,0.3210422838176051,0.2538236693250563,3.423666621396725,0.2459812512426286,0.3210422838176051,0.2610681653438865,3.789145545052823
3.1315034590127127,0.24204526746591212,0.25827124022274967,0.2559508214054422,3.5445533282470563,0.24204789588246697,0.25827124022274967,0.2667015755420815,3.9670754824744705,0.24204401005535356,0.3151830255652988,0.2499772620907916,3.4910623978138964,0.24204538115709115,0.3151830255652988,0.2573035536571026,3.8579213156554966
3.199037308376817,0.23815247265532183,0.2539413739586213,0.25216783946199606,3.6140933699002886,0.23815512023646368,0.2539413739586213,0.26301934033743507,4.038648972296606,0.23815121117215346,0.30938858299730326,0.24617106792881105,3.559892497801016,0.2381525973659725,0.30938858299730326,0.2535764981255662,3.9281374404625886
3.268027589410125,0.2343029317156384,0.24966236796094546,0.24842171982560982,3.6850830686177565,0.23430559720059027,0.24966236796094546,0.2593695064900507,4.111659548953319,0.2343016669240882,0.3036604271763692,0.24240524383030357,3.6301876971976696,0.23430306771337342,0.3036604271763692,0.24988714874243764,3.999824678580946
3.338505711446285,0.23049678932318204,0.2454344428257606,0.2447126385237274,3.7575536528553246,0.23049947145892472,0.2454344428257606,0.25575225461008283,4.186138340351203,0.23049552197782863,0.29799991995267705,0.23867992535491064,3.7019794278434106,0.23049693686407388,0.29799991995267705,0.24623563572668217,4.073014439137097
3.4105037611910864,0.22673416737917282,0.24125778381845267,0.2410407536486228,3.83153702758386,0.22673686492144826,0.24125778381845267,0.2521677504468563,4.262117155354499,0.2267328982242344,0.29240831399075645,0.2349952270212818,3.775299791794255,0.22673432670733548,0.29240831399075645,0.2426220698934681,4.147738795493359
3.484054517330631,0.22301516542990438,0.23713254169126402,0.2374062056480891,3.9070657890338207,0.22301787714419086,0.23713254169126402,0.24861614512442,4.339628498442964,0.22301389519855466,0.28688675320126805,0.23135124271279128,3.850181575852556,0.22301533677710028,0.28688675320126805,0.23904654303845704,4.224030499782702
3.5591914654545556,0.21933986110210213,0.2330588335292001,0.23380911762727108,3.9841732397579106,0.2193425857645596,0.2330588335292001,0.24509757538587787,4.418705584685798,0.21933859051581375,0.2814362735585913,0.22774804609724583,3.9266582664171543,0.21934004468737425,0.2814362735585913,0.23550912833487847,4.30192299776927
3.635948813301072,0.21570831055226536,0.22903674362105714,0.23024959566077288,4.0628934040182925,0.215711046950651,0.22903674362105714,0.24161216384576334,4.499382355038436,0.21570704032018118,0.27605780428303867,0.22418569105942468,4.004764064660784,0.21570850658159588,0.27605780428303867,0.23200988074228804,4.3814504440415405
3.714361506330791,0.21212054892880564,0.22506632435237794,0.2267277291141775,4.143261043505057,0.21212329586335754,0.22506632435237794,0.2381600192497327,4.581693491969192,0.2121192797471395,0.27075216936472846,0.2206642121453033,4.084533902041946,0.21212075759480067,0.27075216936472846,0.22854883742592336,4.462647717545306
3.7944652436364015,0.20857659084580785,0.22114759711723259,0.22324359097413246,4.225311673392754,0.2085793471300977,0.22114759711723259,0.23474123674086578,4.665674435422867,0.20857532339727428,0.26552008940471067,0.21718362501682806,4.166003456158527,0.20857681232740974,0.26552008940471067,0.225126018185584,4.545550437463767
3.876296494195471,0.20507643086725855,0.21728055324582193,0.21979723818616767,4.309081578741956,0.20507919532901073,0.21728055324582193,0.23135589813187388,4.75136139912859,0.2050751658205323,0.2603621837478365,0.2137439269161253,4.249209166950659,0.20507666532948474,0.2603621837478365,0.2217414258929792,4.630194979452165
3.9598925134737435,0.20162004400060862,0.21346515494500826,0.21638871199943258,4.3946078312529835,0.2016228154824872,0.21346515494500826,0.22800407218253507,4.838791387259292,0.2016187820098152,0.25527897288109636,0.21034509713805194,4.334188253260424,0.20162029159431885,0.25527897288109636,0.2183950469365092,4.716618492234552
4.045291360386493,0.19820738619856024,0.20970133624899007,0.21301803831755706,4.48192830637904,0.19821016355892151,0.20970133624899007,0.22468581488168962,4.928002211450338,0.19820612790279668,0.250270881070699,0.20698709751001243,4.420978729756136,0.1982076470602511,0.250270881070699,0.21508685167246663,4.804858914570381
4.132531914625695,0.1948383948679879,0.20598900397745376,0.20968522805485698,4.571081700806267,0.1948411769815993,0.20598900397745376,0.22140116973314664,5.019032508185112,0.19483714089087456,0.2453382392110122,0.20366987287799307,4.509619424229204,0.19483866911961545,0.2453382392110122,0.2118167948816643,4.894954992598862
4.221653894360843,0.19151298938493896,0.20232803869866112,0.20639027749713498,4.6621075503082245,0.19151577514366314,0.20232803869866112,0.2181501680448756,5.111921756555307,0.19151174033420285,0.24048128785861939,0.20039335159779206,4.6001499952715745,0.1915132771337693,0.24048128785861939,0.20858481623052796,4.986946297569046
4.312697874321522,0.18823107161467922,0.19871829569504978,0.20313316866634198,4.755046247982697,0.18823385992812336,0.19871829569504978,0.2149328292208731,5.206710296404053,0.18822982808176847,0.23570018042512572,0.19715744603045024,4.69261095034207,0.18823137295316714,0.23570018042512572,0.20539084073571393,5.080873243963856
4.405705304269928,0.18499252643578534,0.19515960592905757,0.19991386968839261,4.849939062878651,0.18499531623191576,0.19515960592905757,0.21174916105511873,5.303439346859998,0.18499128899551545,0.23099498650296624,0.19396205304091527,4.787043664229976,0.1849928414414811,0.23099498650296624,0.20223477923134212,5.176777108026379
4.500718527871794,0.181797222267313,0.19165177700700234,0.19673233516345204,4.9468281590216066,0.18180001249303437,0.19165177700700234,0.2085991600270539,5.402151025270759,0.18179599147754455,0.22636569529928094,0.19080705449900592,4.883490397924523,0.18179755100279685,0.22636569529928094,0.19911652883796452,5.274700046696976
4.597780801974265,0.1786450115981063,0.18819459413898465,0.19358850653803705,5.045756614845619,0.1786478012198052,0.18819459413898465,0.2054828115980426,5.502888366544236,0.17864378799945377,0.22181221915391688,0.18769231778177295,4.9819943178989465,0.1786453541109504,0.22181221915391688,0.19603597343242077,5.374685116969807
4.696936316299511,0.17553573151734367,0.1847878210929045,0.19048231247829925,5.14676844304045,0.17553851952139765,0.1847878210929045,0.20240009050829458,5.605695342906505,0.17553451563291614,0.21733439711875502,0.18461769627638622,5.082599515818103,0.1755360878401022,0.21733439711875502,0.19299298411776156,5.47677629567764
4.798230213563083,0.172469204245453,0.18143120114081165,0.18741366924388614,5.24990861082262,0.1724719896387039,0.18143120114081165,0.19935096107375497,5.710616884085214,0.17246799658062598,0.2129319985768145,0.18158302988271136,5.185351028678723,0.1724695743956786,0.2129319985768145,0.18998741969245625,5.581018499713985
4.901708610026109,0.16944523766456396,0.17812445799593724,0.1843824810618027,5.355223060639179,0.16944801947475585,0.17812445799593724,0.19633537748249008,5.817698897927497,0.1694440387067817,0.20860472688094536,0.17858814551477484,5.290294859391581,0.16944562164485152,0.20860472688094536,0.18701912711813307,5.6874576067016624
5.007418616490736,0.1664636258476975,0.17486729673887708,0.18138864049972206,5.462758731313369,0.16646640312388047,0.17486729673887708,0.1933532840901215,5.926988291461721,0.1664624360663067,0.2043522229933345,0.17563285760035063,5.397477997815074,0.16646402364575416,0.2043522229933345,0.18408794198513345,5.79614047611723
5.115408359748342,0.16352414958593556,0.17165940473151958,0.1784320288382232,5.572563579641404,0.16352692139883385,0.17165940473151958,0.19040461571388667,6.03853299241248,0.16352296943204866,0.20017406910851904,0.1727169685779368,5.506948442249826,0.16352456117467642,0.20017406910851904,0.18119368897519686,5.907114970880772
5.2257270044903255,0.16062657691284118,0.16850045251742904,0.17551251644145802,5.684686602449954,0.16062934235518772,0.16850045251742904,0.18748929792492564,6.15238197117855,0.16062540681923018,0.19606979224408821,0.1698402693904254,5.618755221404233,0.16062700225051077,0.19606979224408821,0.17833618232062554,6.020429979420831
5.3384247756913945,0.15777066362544706,0.16539009470751415,0.17262996312578213,5.7991778591239935,0.15777342181228324,0.16539009470751415,0.18460724733842362,6.268585263283582,0.15776950400646636,0.19203886778474974,0.16700253997481,5.732948416840915,0.15777110265576508,0.19203886778474974,0.17551522625931756,6.136135438224338
5.453552981475593,0.15495615380115543,0.16232797084991984,0.16978421852590528,5.9160884946150185,0.15495890387009773,0.16232797084991984,0.18175837190125657,6.387193992309679,0.15495500505269363,0.18808072296691522,0.16420354974730203,5.849579185914386,0.1549566064534871,0.18808072296691522,0.17273061548508337,6.254282354881725
5.57116403647543,0.15218278030993895,0.15931370628319289,0.16697512245814983,6.035470762939759,0.15218552142141195,0.15931370628319289,0.17894257117681625,6.508260393324065,0.15218164280939928,0.18419474029241245,0.16144305808327428,5.968699785210337,0.1521832464994887,0.18419474029241245,0.16998213559270414,6.374922831637483
5.691311485694809,0.14945026532126024,0.15634691297187195,0.16420250528042665,6.157378051179873,0.14945299665869735,0.15634691297187195,0.17615973662671183,6.6318378368094315,0.14944913942756824,0.18038026086133982,0.15872081479147426,6.090363594497251,0.14945074494928792,0.18038026086133982,0.1672695635172169,6.498110089456754
5.814050028886547,0.14675832080517026,0.15342719032375882,0.16146618824857037,6.281864903993166,0.1467610415751819,0.15342719032375882,0.1734097518890716,6.75798085310858,0.14675720685880903,0.17663658761544138,0.15603656058199614,6.214625141201162,0.1467588137592297,0.17663658761544138,0.16459266796695157,6.623898492618613
5.9394355454556305,0.1441066490270763,0.15055412598821866,0.15876598386869584,6.408987048647299,0.14410935845958697,0.15055412598821866,0.17069249305318668,6.886745157394388,0.14410554735014774,0.17296298848467312,0.15339002752752728,6.341540125414646,0.1441071551812748,0.17296298848467312,0.16195120984987432,6.7523435738470425
6.067525119899549,0.14149494303570817,0.14772729663494952,0.15610169624526632,6.538801420587112,0.14149764038406223,0.14772729663494952,0.16800782893026736,7.018187675176268,0.14149385393201994,0.16935869943086104,0.150780939517424,6.471165445451429,0.14149546225098628,0.16935869943086104,0.15934494269282645,6.883502059990759
6.19837706779725,0.13892288714384474,0.14494626871275185,0.15347312142458783,6.671366189546909,0.13892557168488226,0.14494626871275185,0.16535562132009785,7.152366568354523,0.13892181089902203,0.16582292738350923,0.14820901270420517,6.603559223958042,0.1389234192682758,0.16582292738350923,0.1567736130532822,7.017431898263262
6.332050962358587,0.13639015740139668,0.14221059918790677,0.15088004773346814,6.806740786219399,0.13639282843549963,0.14221059918790677,0.1627357252734035,7.289341261834289,0.136389094283018,0.16235485306389125,0.14567395594208382,6.738780834594361,0.13639070227050437,0.16235485306389125,0.1542369609232769,7.15419228305474
6.468607661546324,0.13389642206047384,0.13951983626185266,0.14832225611280106,6.944985929493184,0.13389907891158392,0.13951983626185266,0.1601479893497588,7.429172470710996,0.13389537231822998,0.15895363369455678,0.14317547121719282,6.876890929295012,0.13389697949756782,0.15895363369455678,0.15173472012519304,7.293843683327693
6.6081093357830465,0.13144134203209976,0.1368735200679224,0.14579952044586142,7.086163654270958,0.13144398404770777,0.1368735200679224,0.15759225587089024,7.571922228039497,0.1314403058979751,0.1556184055923067,0.14071325406918914,7.017951466123881,0.13144191184862766,0.1556184055923067,0.14926661869911848,7.4364478706083545
6.750619496255607,0.12902457133426434,0.1342711833469719,0.14331160788111605,7.230337339880915,0.1290271978853729,0.1342711833469719,0.15506836116924314,7.71765391319937,0.12902354902273927,0.1523482866435232,0.13828699400395686,7.1620257377342424,0.12902515333017953,0.1523482866435232,0.14683237928152332,7.582067947586282
6.896203023830009,0.12664575753103835,0.13171235210179583,0.14085827914937762,7.377571739094113,0.12664836801209808,0.13171235210179583,0.15257613583170246,7.866432280869079,0.1266447492393123,0.1491423786615042,0.13589637489715473,7.309178400447277,0.12664635149518197,0.1491423786615042,0.14443171947502964,7.730768377334719
7.044926198589793,0.12430454216250358,0.12919654623028765,0.1384392888751506,7.527933007760708,0.12430713599132404,0.12919654623028765,0.150115404938377,8.018323490621937,0.12430354807073762,0.14599976962613256,0.13354107538838936,7.4594755039618645,0.12430514787300068,0.14599976962613256,0.14206435220907807,7.882615013164508
7.196856730011517,0.12200056116527791,0.12672328013735393,0.13605438588203325,7.681488735078555,0.12200313778291404,0.12672328013735393,0.14768598829636834,8.173395137157266,0.1219995814368558,0.14291953580681468,0.1312207692658181,7.612984521709104,0.12200117838994584,0.14291953580681468,0.13972998609131995,8.037675129124798
7.352063787791001,0.11973344528344548,0.12429206332564736,0.13370331349206296,7.838307974507698,0.11973600415406023,0.12429206332564736,0.14528770066846752,8.331716281180263,0.11973248006525211,0.13990074377016296,0.1289351258410171,7.769774381865008,0.11973407378021356,0.13990074377016296,0.13742832574959254,8.19601745116388
7.51061803333429,0.11750282046972789,0.12190240096523193,0.1313858098189081,7.998461275344632,0.11750536108043248,0.12190240096523193,0.1429203519967366,8.49335748094438,0.11750186989244447,0.13694245227436452,0.12668381031397685,7.929915499035136,0.11750345998706786,0.13694245227436452,0.13515907216435968,8.357712188963776
7.672591651927838,0.11530830827675644,0.11955379444233262,0.12910160805482532,8.162020714970712,0.11531083013742882,0.11955379444233262,0.1405837476209447,8.658390824470516,0.11530737245517118,0.1340437140525788,0.12446648412811047,8.093479806625423,0.11530895855412222,0.1340437140525788,0.13292192299152317,8.522831068462635
7.838058385602448,0.11314952623833126,0.11724574188736732,0.126850436751318,8.32905993178919,0.11315202888141347,0.11724574188736732,0.13827768849184321,8.826889962457441,0.11314860527166454,0.13120357748805528,0.122282805315187,8.260540789913515,0.11315018700660684,0.13120357748805528,0.130716572875535,8.691447365079165
8.007093566705901,0.1110260882405783,0.114977738682494,0.12463202009344913,8.499654158865741,0.11102857122085448,0.114977738682494,0.13600197137928188,8.998930141898196,0.11102518221282139,0.12842108818395165,0.12013242883012669,8.43117351983527,0.11102675922253284,0.12842108818395165,0.12854271375276463,8.863635937653568
8.17977415219971,0.10893760488293247,0.1127492779489362,0.12244607816777046,8.673880258287818,0.1089400677772877,0.1127492779489362,0.13375638907517037,9.174588240417764,0.10893671386319885,0.12569529043106442,0.11801500687561346,8.605454687501586,0.10893828579368169,0.12569529043106442,0.12640003514509116,9.03947326312
8.356178758695407,0.10688368382890394,0.11055985101438544,0.12029232722385054,8.851816756258247,0.10688612623606501,0.11055985101438544,0.13154073059131297,9.35394280134726,0.10688280787179182,0.12302522857688353,0.11593018921650766,8.783462639460671,0.10688437437637648,0.12302522857688353,0.1242882244437194,9.219037471925533
8.536387698246491,0.10486393014659683,0.10840894786080017,0.11817047992938969,9.033543878939115,0.10486635168685664,0.10840894786080017,0.12935478135214426,9.537074069550654,0.10486306929256263,0.1204099482995199,0.11387762348405628,8.965277413721582,0.10486463003200476,0.1204099482995199,0.12220696718322943,9.402408384211306
8.720483014912285,0.10287794663897581,0.10629605755294877,0.11608024561892662,9.219143589062185,0.10288034695390126,0.10629605755294877,0.12719832338240952,9.724064028020065,0.10287710091471675,0.11784849779017034,0.11185695546992207,9.150980776554947,0.10287865555728815,0.11784849779017034,0.12015594730589346,9.589667546771619
8.90854852211022,0.10092533416389075,0.10422066864806417,0.11402133053615164,9.40869962332233,0.10092771291601581,0.10422066864806417,0.12507113548984236,9.914996435256118,0.10092450358273604,0.11533992884785568,0.10986782941007006,9.340656260087062,0.10092605180430876,0.11533992884785568,0.11813484741631047,9.780898270807038
9.100669840773765,0.09900569194388625,0.10218226958699411,0.11199343806984903,9.602297530571223,0.09900804881639087,0.10218226958699411,0.12297299344289582,10.109956863450332,0.099004876506196,0.11288329789020682,0.1079098882585658,9.534389200704247,0.09900641799032002,0.11288329789020682,0.11614334902642254,9.976185670488215
9.296934438333249,0.09711861786584104,0.10018034906724922,0.10999626898350252,9.800024710828497,0.09712095256221716,0.10018034906724922,0.12090367014359556,10.30903273748678,0.09711781755941139,0.11047766688409197,0.10598277395135768,9.73226677828429,0.09711935199738587,0.11047766688409197,0.11418113279099469,10.175616702347208
9.497431668537267,0.09526370877049789,0.09821439639836455,0.10802952163860885,10.001970455128118,0.095266021014203,0.09821439639836455,0.11886293579558949,10.512313374780506,0.09526292357097203,0.10812210419986637,0.10408612766013231,9.934378056272399,0.0952644506619097,0.10812210419986637,0.11224787873365656,10.379280205513437
9.702252812132954,0.09344056073195472,0.096283901839999,0.106092892211746,10.208225986218263,0.09344285026605433,0.096283901839999,0.11685055806747036,10.719890025970953,0.09343979060323852,0.105815685392992,0.10221959003634201,10.14081402261945,0.09344131005412375,0.105815685392992,0.11034326646361131,10.587266942812082
9.911491118423577,0.09164876932720635,0.09438835692320913,0.10418607490545646,10.418884500133181,0.09165103591400608,0.09438835692320913,0.11486630225145798,10.931855916488683,0.09164801422188769,0.10355749391672796,0.10038280144552127,10.351667631600693,0.09164952574762782,0.10355749391672796,0.1084669753831365,10.799669642742815
10.125241847722236,0.0898879298958354,0.09252725475534077,0.1023087621530099,10.634041208655885,0.08989017331650356,0.09252725475534077,0.1129099314175311,11.148306289014153,0.08988718975560644,0.10134662176952548,0.09857540219202,10.56703384653322,0.08988869307907661,0.10134662176952548,0.10661868488601119,11.016583042357155
10.343602314721299,0.0881576377899617,0.09070009030898422,0.10046064481711318,10.853793382691366,0.08815985784414328,0.09070009030898422,0.11098120656309966,11.369338446848055,0.08815691254604303,0.0991821700806791,0.09679703273429073,10.78700968341149,0.08815840739812453,0.0991821700806791,0.10479807454701033,11.238103931053503
10.566671932796963,0.08645748861457363,0.08890636069544865,0.09864141238264675,11.078240396569749,0.08645968511999681,0.08890636069544865,0.10907988675831624,11.595051798212559,0.08645677818813989,0.09706324963770074,0.09504733389088164,11.011694255479833,0.08645826430775166,0.09706324963770074,0.10300482430262516,11.464331195308729
10.7945522592694,0.08478707845837029,0.08714556542320712,0.09685075314350534,11.30748377329996,0.08478925125044585,0.08714556542320712,0.10720572928712556,11.82554790150383,0.08478638276097576,0.09498898135877853,0.09332594703729273,11.241188818762,0.08478785989509986,0.09498898135877853,0.10123861462316995,11.695365864366204
11.027347041638981,0.08314600411525509,0.08541720664176937,0.09508835438362824,11.541627230794457,0.08314815304666988,0.08541720664176937,0.10535848978415224,12.060930511516295,0.08314532304925912,0.09295849671357821,0.09163251429386388,11.475596818567823,0.08314679095295928,0.09295849671357821,0.09949912667644763,11.931311156900227
11.265162264819523,0.08153386329662919,0.08372078937143773,0.09335390255230906,11.780776729086059,0.08153598823693431,0.08372078937143773,0.10353792236753266,12.301305626659524,0.0815331967556202,0.09097093809553375,0.0899666787048714,11.715023936997518,0.08153465519205419,0.09097093809553375,0.09778604248315483,12.17227252867725
11.508106199390276,0.07995025483463854,0.08205582171939865,0.09164708343387461,12.025040518558713,0.0799523556698332,0.08205582171939865,0.10174377976779252,12.546781537189444,0.07994960270385625,0.08902545914865319,0.08832808440901478,11.959578141464885,0.07995105144428183,0.08902545914865319,0.09609904506420978,12.418357721235031
11.75628945088851,0.07839477887653716,0.08042181508260163,0.08996758231182848,12.274529189214114,0.0783968555086488,0.08042181508260163,0.0999758134528766,12.797468874475697,0.0783941410332923,0.08712122505175027,0.0867163768014836,12.209369734260887,0.07839557985706666,0.08712122505175027,0.09443781858019636,12.669676811601061
12.009825010165018,0.07686703707033493,0.07881828433787376,0.08831508412755634,12.529355720996673,0.07686908941699634,0.07881828433787376,0.09823377374943654,13.053480661327452,0.07686641338442515,0.08525741276289059,0.08513120268780046,12.464511403179452,0.07686784207899851,0.08525741276289059,0.09280204846312157,12.92634226307202
12.268828304825727,0.07536663274190096,0.07724474801971151,0.08668927363369087,12.789635535200066,0.07536866073592516,0.07724474801971151,0.09651740996047993,13.314932363400846,0.07536602307602334,0.08343321122671658,0.08357221042963801,12.725118273228281,0.07536744143692582,0.08343321122671658,0.0911914215406859,13.188468977076852
12.533417251782657,0.07389317106370087,0.07570072848618842,0.08508983554223659,13.05548654697881,0.07389517465265472,0.07570072848618842,0.09482647047948624,13.581941941711346,0.07389257527385958,0.08164782154719734,0.08203905008281462,12.991307959447482,0.07389398310468248,0.08164782154719734,0.08960562615327326,13.45617434614626
12.803712310938112,0.07244625921535014,0.07418575207341128,0.08351645466755693,13.327029218988809,0.07244823836112656,0.07418575207341128,0.09316070290109395,13.854629906274855,0.07244567715125895,0.07990045712822767,0.08053137352767707,13.26320062085949,0.07244707426362966,0.07990045712822767,0.08804435226386903,13.729578308011842
13.079836540026715,0.07102550653616638,0.07269934923894873,0.0819688160643249,13.604386616181674,0.07102746121455676,0.07269934923894873,0.09151985412845935,14.133119370902289,0.07102493804164554,0.07819034378438003,0.0790488345920786,13.54091901557446,0.07102632425519674,0.07819034378438003,0.08650729156111579,14.008803400859032
13.361915650640173,0.06963052466990874,0.07124105469465135,0.08044660516053996,13.887684461777804,0.06963245487017553,0.07124105469465135,0.08990367047738858,14.417536109172444,0.06962996958327576,0.0765167198239978,0.07759108916716509,13.824588557075632,0.06963134472560853,0.0765167198239978,0.08499413755572018,14.293974819758157
13.65007806546013,0.06826092770189494,0.06981040752927434,0.07894950788571553,14.177051194443756,0.06826283342634529,0.06981040752927434,0.08831189777734312,14.70800861160868,0.06826038585634865,0.07487883610670436,0.07615779531618438,14.114337371709583,0.06826174976299024,0.07487883610670436,0.08350458567042608,14.58522047429849
13.94445497672552,0.06691633228868567,0.06840695132130388,0.07747721079433827,14.472618026700461,0.06691821355224638,0.06840695132130388,0.08674428146941231,15.004668144085748,0.06691580351268302,0.07327595607728793,0.07474861337653138,14.410296357407432,0.0669171560270387,0.07327595607728793,0.08203833332376678,14.882671047451117
14.245180405960594,0.06559635778053047,0.06703023424238312,0.0760294011847041,14.774519004588608,0.06559821461032529,0.06703023424238312,0.08520056670135125,15.307648807493136,0.0655958418981561,0.07170735577781827,0.07336320605524639,14.71259924366274,0.0655971828714557,0.07170735577781827,0.0805950800078143,15.186460055686394
14.552391264991192,0.06430062633676821,0.06567980915172204,0.07460576721323173,15.082891068618933,0.06430245877169737,0.06567980915172204,0.0836804984197732,15.61708759868245,0.0643001231680958,0.07017232383974233,0.07200123851818034,15.02138265279335,0.06430145245933494,0.07017232383974233,0.07917452736013886,15.496723910372987
14.866227418276894,0.06302876303437534,0.06435523368186775,0.07320599800435626,15.397874116035188,0.06303057112469833,0.06435523368186775,0.08218382145958701,15.933124472726655,0.063028272395821,0.06867016145760735,0.07066237847304215,15.336786162514361,0.0630295898716969,0.06867016145760735,0.07777637923019383,15.8136019804857
15.186831746587282,0.0617803959698573,0.06305607031620386,0.07182978375610455,15.71961106441822,0.06178217977677911,0.06305607031620386,0.0807102806307667,16.255902406519418,0.06177991767452428,0.06720018234596281,0.0693462962465427,15.658952369850212,0.061781223209366735,0.06720018234596281,0.07640034174034052,16.137236656649826
15.514350212051577,0.060555156354675725,0.06178188645853513,0.07047681584145117,16.048247916660543,0.06055691594993684,0.06178188645853513,0.07925962080253575,16.58556746374396,0.0605546902126902,0.06576171268089666,0.0680526648558466,15.9880269564147,0.060555983688387514,0.06576171268089666,0.07504612334172331,16.46777341655085
15.848931924611133,0.059352678604404234,0.060532254495107136,0.06914678690555508,16.38393382734111,0.05935441406987513,0.060532254495107136,0.07783158698504758,16.92226886124097,0.05935222442324225,0.06435409102757413,0.06678116007454292,16.32415875508817,0.059353505729162405,0.06435409102757413,0.0737134348652062,16.805360891738548
