eta,G_uM,fixed_free_GS_gap,closed_GS_gap,RHS
0.0,20.0,0.0,1.0523962886040128e-13,6.938893903907228e-18
0.0,23.361689410840295,0.0,2.0061982131981682e-13,3.469446951953614e-18
0.0,27.288426606428374,0.0,4.023932337511582e-13,3.469446951953614e-18
0.0,31.87518734449451,0.0,8.472263960269261e-13,3.469446951953614e-18
0.0,37.23291133272139,0.0,1.86574892905092e-12,6.938893903907228e-18
0.0,43.49118552081964,0.0,4.277388610408189e-12,6.938893903907228e-18
0.0,50.80137841233114,0.0,1.0151568550619688e-11,1.0408340855860843e-17
0.0,59.34030120557235,0.0,2.4774714072785253e-11,3.469446951953614e-18
0.0,69.31448431551465,0.0,6.165008141576639e-11,6.938893903907228e-18
0.0,80.9651727125807,0.0,1.5454126509311522e-10,6.938893903907228e-18
0.0,94.5741609003176,0.0,3.822665502282302e-10,3.469446951953614e-18
0.0,110.47060866220276,0.0,8.937248137733111e-10,6.938893903907228e-18
0.0,129.0390024296432,0.0,1.7540258507794948e-09,7.37257477290143e-18
0.0,150.72845483229952,0.0,1.4428962399892775e-09,1.3877787807814457e-17
0.0,176.06356735840254,0.0,1.1694346793884869e-08,2.2551405187698492e-17
0.0,205.65711885957793,0.0,9.409539342142281e-08,3.122502256758253e-17
0.0,240.22488679628626,0.0,4.25363838658932e-07,4.163336342344337e-17
0.0,280.60295970445543,0.0,1.2773438710922402e-06,6.245004513516506e-17
0.0,327.76795961890105,0.0,2.536425227891992e-06,7.632783294297951e-17
0.0,382.86066357208045,0.0,3.4651985845179922e-06,8.326672684688674e-17
0.0,447.213595499958,0.0,3.5309546487227728e-06,8.326672684688674e-17
0.0,522.3832559187591,0.0,2.821482318393631e-06,1.0061396160665481e-16
0.0,610.1877689098774,0.0,1.6694104418846223e-06,1.5265566588595902e-16
0.0,712.7508569783073,0.0,3.962132204549107e-07,1.249000902703301e-16
0.0,832.5532074018732,0.0,7.410935608520575e-07,1.5959455978986625e-16
0.0,972.4924724660731,0.0,1.5818706086134782e-06,2.636779683484747e-16
0.0,1135.9533548066277,0.0,2.0783558893899823e-06,2.1510571102112408e-16
0.0,1326.889473009725,0.0,2.272304946648873e-06,5.204170427930421e-16
0.0,1549.918987548337,0.0,2.2488470906578684e-06,7.91033905045424e-16
0.0,1810.4362999534146,0.0,2.095779319755131e-06,4.0245584642661925e-16
0.0,2114.7425268811285,0.0,1.8817045644992092e-06,1.3877787807814457e-16
0.0,2470.1979048446246,0.0,1.6510822578030826e-06,5.967448757360216e-16
0.0,2885.3998118144273,0.0,1.4283881113463792e-06,4.0245584642661925e-16
0.0,3370.3907114852836,0.0,1.22475379638054e-06,5.828670879282072e-16
0.0,3936.9010497450113,0.0,1.0436849456896269e-06,4.579669976578771e-16
0.0,4598.632978267703,0.0,8.849215815676104e-07,3.885780586188048e-16
0.0,5371.591767636877,0.0,7.466701190672609e-07,2.914335439641036e-16
0.0,6274.472925867966,0.0,6.267349721422733e-07,7.771561172376096e-16
0.0,7329.114385542688,0.0,5.230092691155264e-07,2.220446049250313e-16
0.0,8561.024696578494,0.0,4.3363310986421766e-07,3.5388358909926865e-16
0.0,10000.0,0.0,3.5699972211755693e-07,5.967448757360216e-16
0.0001,20.0,4.057036401706321e-11,4.135854308226321e-11,1.3877787807814457e-17
0.0001,23.361689410840295,6.6179913112141e-11,6.781906291978071e-11,1.0408340855860843e-17
0.0001,27.288426606428374,1.1357977701257661e-10,1.171020461317434e-10,6.938893903907228e-18
0.0001,31.87518734449451,2.0461733999874165e-10,2.124556216175598e-10,1.0408340855860843e-17
0.0001,37.23291133272139,3.855995765744691e-10,4.036543158644594e-10,1.3877787807814457e-17
0.0001,43.49118552081964,7.5679141089708e-10,7.997276439165868e-10,1.3877787807814457e-17
0.0001,50.80137841233114,1.5392182215758464e-09,1.644194027618489e-09,1.0408340855860843e-17
0.0001,59.34030120557235,3.2271260303785854e-09,3.4894339840025636e-09,3.469446951953614e-18
0.0001,69.31448431551465,6.937252238154237e-09,7.601463075093337e-09,1.0408340855860843e-17
0.0001,80.9651727125807,1.5208314733429484e-08,1.6889854339121116e-08,1.0408340855860843e-17
0.0001,94.5741609003176,3.381941335745681e-08,3.7970004133696875e-08,3.469446951953614e-18
0.0001,110.47060866220276,7.587033413331001e-08,8.530822562897653e-08,6.938893903907228e-18
0.0001,129.0390024296432,1.707255729926048e-07,1.8726418476739531e-07,1.3877787807814457e-17
0.0001,150.72845483229952,3.8287887683258193e-07,3.8296607963441906e-07,1.1275702593849246e-17
0.0001,176.06356735840254,8.492307257586262e-07,6.51082829847098e-07,1.734723475976807e-17
0.0001,205.65711885957793,1.8442377477875804e-06,6.243194225034887e-07,3.469446951953614e-17
0.0001,240.22488679628626,3.8644687865678484e-06,7.633122652422886e-07,4.5102810375396984e-17
0.0001,280.60295970445543,7.635507909727057e-06,4.209204272943856e-06,4.85722573273506e-17
0.0001,327.76795961890105,1.3704341772155515e-05,7.6038271769468535e-06,5.551115123125783e-17
0.0001,382.86066357208045,2.1124595565719106e-05,8.166962660260957e-06,6.895525817007808e-17
0.0001,447.213595499958,2.61539544796352e-05,7.589248055772657e-06,7.45931094670027e-17
0.0001,522.3832559187591,2.483708524064765e-05,9.777096761143245e-06,7.45931094670027e-17
0.0001,610.1877689098774,1.8299753265615948e-05,1.4191914870509414e-05,7.24247051220317e-17
0.0001,712.7508569783073,1.1171673006238336e-05,1.7093574934734512e-05,3.4867941867133823e-16
0.0001,832.5532074018732,6.123784917266839e-06,1.6902364101456513e-05,2.740863092043355e-16
0.0001,972.4924724660731,3.2139235563999335e-06,1.455163285768446e-05,1.0755285551056204e-16
0.0001,1135.9533548066277,1.683527934059903e-06,1.1464089802237787e-05,3.0878077872387166e-16
0.0001,1326.889473009725,9.016080311230468e-07,8.558681681147817e-06,5.273559366969494e-16
0.0001,1549.918987548337,4.999194845867194e-07,6.204325169623104e-06,6.800116025829084e-16
0.0001,1810.4362999534146,2.885196204172047e-07,4.441402050803234e-06,2.220446049250313e-16
0.0001,2114.7425268811285,1.7341932656567138e-07,3.174336736577743e-06,3.3306690738754696e-16
0.0001,2470.1979048446246,1.082924669937313e-07,2.2792991820619335e-06,6.38378239159465e-16
0.0001,2885.3998118144273,6.995707046986155e-08,1.6484345952694213e-06,2.7755575615628914e-16
0.0001,3370.3907114852836,4.6515387430723365e-08,1.2007018594939467e-06,3.885780586188048e-16
0.0001,3936.9010497450113,3.1670048805665374e-08,8.793417880514909e-07,3.191891195797325e-16
0.0001,4598.632978267703,2.1973663888452677e-08,6.458783956553305e-07,5.134781488891349e-16
0.0001,5371.591767636877,1.54717713085617e-08,4.744853073779254e-07,3.0531133177191805e-16
0.0001,6274.472925867966,1.1016625833804028e-08,3.477269998608534e-07,8.465450562766819e-16
0.0001,7329.114385542688,7.910650690057253e-09,2.5363289613000717e-07,5.342948306008566e-16
0.0001,8561.024696578494,5.715826589813844e-09,1.8378615773695373e-07,6.591949208711867e-16
0.0001,10000.0,4.148768217859811e-09,1.3211007954261333e-07,6.38378239159465e-16
0.0001623776739188721,20.0,6.587721343366722e-11,6.635829174561972e-11,6.938893903907228e-18
0.0001623776739188721,23.361689410840295,1.0746140338257354e-10,1.0860037473253356e-10,6.938893903907228e-18
0.0001623776739188721,27.288426606428374,1.8442819962730984e-10,1.8709364713411815e-10,6.938893903907228e-18
0.0001623776739188721,31.87518734449451,3.322528774460029e-10,3.385510126635658e-10,1.3877787807814457e-17
0.0001623776739188721,37.23291133272139,6.261276232731594e-10,6.412877115186816e-10,6.938893903907228e-18
0.0001623776739188721,43.49118552081964,1.2288602889171801e-09,1.2661333234566426e-09,1.0408340855860843e-17
0.0001623776739188721,50.80137841233114,2.4993467408543357e-09,2.5928467008531388e-09,1.0408340855860843e-17
0.0001623776739188721,59.34030120557235,5.2401321653161234e-09,5.478479797582907e-09,3.469446951953614e-18
0.0001623776739188721,69.31448431551465,1.1264548737581828e-08,1.187748011359166e-08,6.938893903907228e-18
0.0001623776739188721,80.9651727125807,2.46949073205412e-08,2.6264491409977615e-08,6.938893903907228e-18
0.0001623776739188721,94.5741609003176,5.4915174829564886e-08,5.8817460970271573e-08,6.938893903907228e-18
0.0001623776739188721,110.47060866220276,1.2319647413241291e-07,1.320766999731056e-07,6.938893903907228e-18
0.0001623776739188721,129.0390024296432,2.772201654361456e-07,2.924928347749871e-07,7.37257477290143e-18
0.0001623776739188721,150.72845483229952,6.217095685949817e-07,6.188929376322282e-07,7.806255641895632e-18
0.0001623776739188721,176.06356735840254,1.3789598882945134e-06,1.1740817056774336e-06,1.3877787807814457e-17
0.0001623776739188721,205.65711885957793,2.9946246216036587e-06,1.7590403792663856e-06,3.122502256758253e-17
0.0001623776739188721,240.22488679628626,6.275009076666532e-06,1.6115012563683306e-06,4.5102810375396984e-17
0.0001623776739188721,280.60295970445543,1.2398258400582451e-05,4.773826899132083e-07,9.020562075079397e-17
0.0001623776739188721,327.76795961890105,2.2252446499407275e-05,8.005238824188021e-07,7.28583859910259e-17
0.0001623776739188721,382.86066357208045,3.430071942681079e-05,4.781993860863976e-06,6.591949208711867e-17
0.0001623776739188721,447.213595499958,4.246651355160891e-05,8.440062002235127e-06,7.849623728795052e-17
0.0001623776739188721,522.3832559187591,4.0327883625623784e-05,5.445739423792784e-06,6.765421556309548e-17
0.0001623776739188721,610.1877689098774,2.971313435007339e-05,2.973996045319005e-06,7.762887554996212e-17
0.0001623776739188721,712.7508569783073,1.8139392408800248e-05,1.0243618452698833e-05,2.5934115965853266e-16
0.0001623776739188721,832.5532074018732,9.943227246567155e-06,1.314654534756432e-05,1.6653345369377348e-16
0.0001623776739188721,972.4924724660731,5.218507624693558e-06,1.2579950052438171e-05,1.942890293094024e-16
0.0001623776739188721,1135.9533548066277,2.7335951582330154e-06,1.0431007303357553e-05,7.632783294297951e-16
0.0001623776739188721,1326.889473009725,1.4639769018165438e-06,8.005280930367675e-06,1.8041124150158794e-16
0.0001623776739188721,1549.918987548337,8.117430317922114e-07,5.897406979427089e-06,7.771561172376096e-16
0.0001623776739188721,1810.4362999534146,4.6848473944649527e-07,4.2642314516117e-06,5.898059818321144e-16
0.0001623776739188721,2114.7425268811285,2.8159102816172066e-07,3.0678241841330944e-06,5.134781488891349e-16
0.0001623776739188721,2470.1979048446246,1.7584114597735123e-07,2.2127745874511717e-06,7.077671781985373e-16
0.0001623776739188721,2885.3998118144273,1.1359379326059127e-07,1.605452189634704e-06,1.3877787807814457e-16
0.0001623776739188721,3370.3907114852836,7.553012493222155e-08,1.1721176630397068e-06,5.551115123125783e-16
0.0001623776739188721,3936.9010497450113,5.142481640518781e-08,8.598772210932637e-07,6.38378239159465e-16
0.0001623776739188721,4598.632978267703,3.568016548882724e-08,6.323712801181713e-07,5.689893001203927e-16
0.0001623776739188721,5371.591767636877,2.512260799392152e-08,4.649735408923661e-07,5.828670879282072e-16
0.0001623776739188721,6274.472925867966,1.7888484249439784e-08,3.409532519649261e-07,4.579669976578771e-16
0.0001623776739188721,7329.114385542688,1.2845095986868671e-08,2.487682539964453e-07,3.400058012914542e-16
0.0001623776739188721,8561.024696578494,9.281204582656244e-09,1.802707728648656e-07,2.1510571102112408e-16
0.0001623776739188721,10000.0,6.736660451700516e-09,1.2955816885984461e-07,3.95516952522712e-16
0.00026366508987303583,20.0,1.0696988675157511e-10,1.069523019410143e-10,1.0408340855860843e-17
0.00026366508987303583,23.361689410840295,1.7449332731229832e-10,1.7482012083618048e-10,1.0408340855860843e-17
0.00026366508987303583,27.288426606428374,2.99470220811119e-10,3.007443794597175e-10,1.0408340855860843e-17
0.00026366508987303583,31.87518734449451,5.395044932717322e-10,5.433017765603225e-10,3.469446951953614e-18
0.00026366508987303583,37.23291133272139,1.0166914690776935e-09,1.02715129088847e-09,1.3877787807814457e-17
0.00026366508987303583,43.49118552081964,1.9953947495514844e-09,2.0234720148363736e-09,1.3877787807814457e-17
0.00026366508987303583,50.80137841233114,4.05838109033543e-09,4.133246839189628e-09,1.3877787807814457e-17
0.00026366508987303583,59.34030120557235,8.508804674788126e-09,8.708246095577576e-09,6.938893903907228e-18
0.00026366508987303583,69.31448431551465,1.829111200566183e-08,1.8820776984422236e-08,1.0408340855860843e-17
0.00026366508987303583,80.9651727125807,4.009901506359711e-08,4.148680838558967e-08,1.734723475976807e-17
0.00026366508987303583,94.5741609003176,8.916997847583947e-08,9.266907330753894e-08,6.938893903907228e-18
0.00026366508987303583,110.47060866220276,2.000435436609778e-07,2.0801824492143808e-07,6.938893903907228e-18
0.00026366508987303583,129.0390024296432,4.5014352767036407e-07,4.633605889764556e-07,6.938893903907228e-18
0.00026366508987303583,150.72845483229952,1.0095168886266846e-06,1.0019850807002108e-06,1.0408340855860843e-17
0.00026366508987303583,176.06356735840254,2.2391197995177622e-06,2.0233131513159447e-06,1.3877787807814457e-17
0.00026366508987303583,205.65711885957793,4.862586682597911e-06,3.601564667296206e-06,3.122502256758253e-17
0.00026366508987303583,240.22488679628626,1.0189146679252803e-05,5.467627797989261e-06,4.5102810375396984e-17
0.00026366508987303583,280.60295970445543,2.0131735362305392e-05,8.087193095362988e-06,5.551115123125783e-17
0.00026366508987303583,327.76795961890105,3.6132095676363885e-05,1.4446770490658678e-05,7.632783294297951e-17
0.00026366508987303583,382.86066357208045,5.569431778096323e-05,2.5806778304382494e-05,5.551115123125783e-17
0.00026366508987303583,447.213595499958,6.895173573473468e-05,3.446544972995902e-05,7.936359902593892e-17
0.00026366508987303583,522.3832559187591,6.547821282315569e-05,3.0161073124812532e-05,6.591949208711867e-17
0.00026366508987303583,610.1877689098774,4.824333273878434e-05,1.5238904578551704e-05,1.1796119636642288e-16
0.00026366508987303583,712.7508569783073,2.9451923430401372e-05,8.777424463923822e-07,1.196959198423997e-16
0.00026366508987303583,832.5532074018732,1.614444151110117e-05,7.04861793532352e-06,1.9081958235744878e-16
0.00026366508987303583,972.4924724660731,8.473199103797846e-06,9.37867280093041e-06,1.457167719820518e-16
0.00026366508987303583,1135.9533548066277,4.438541688522868e-06,8.753636009162236e-06,3.9898639947466563e-16
0.00026366508987303583,1326.889473009725,2.377083983207129e-06,7.106734315143193e-06,3.3306690738754696e-16
0.00026366508987303583,1549.918987548337,1.3180509622623404e-06,5.399063474187393e-06,4.996003610813204e-16
0.00026366508987303583,1810.4362999534146,7.606969311124701e-07,3.976556601892334e-06,1.1102230246251565e-16
0.00026366508987303583,2114.7425268811285,4.572324169282993e-07,2.8948767279990406e-06,7.91033905045424e-16
0.00026366508987303583,2470.1979048446246,2.855224303655035e-07,2.104756119836182e-06,1.249000902703301e-16
0.00026366508987303583,2885.3998118144273,1.8444866389799586e-07,1.5356597550253426e-06,2.914335439641036e-16
0.00026366508987303583,3370.3907114852836,1.226427960299148e-07,1.1257040617440595e-06,3.191891195797325e-16
0.00026366508987303583,3936.9010497450113,8.350170266346879e-08,8.282715413532316e-07,1.942890293094024e-16
0.00026366508987303583,4598.632978267703,5.7936204167496896e-08,6.104390317673847e-07,4.579669976578771e-16
0.00026366508987303583,5371.591767636877,4.079325743866491e-08,4.4952871125492067e-07,2.498001805406602e-16
0.00026366508987303583,6274.472925867966,2.904675466819384e-08,3.2995428500548485e-07,5.828670879282072e-16
0.00026366508987303583,7329.114385542688,2.0857476412672327e-08,2.408692146849134e-07,4.718447854656915e-16
0.00026366508987303583,8561.024696578494,1.507054769867011e-08,1.7456258505355038e-07,4.0245584642661925e-16
0.00026366508987303583,10000.0,1.0938797534443268e-08,1.2541441296587408e-07,6.245004513516506e-16
0.00042813323987193956,20.0,1.7369521400074743e-10,1.7286791141883813e-10,6.938893903907228e-18
0.00042813323987193956,23.361689410840295,2.8333820619591554e-10,2.823462033835558e-10,6.938893903907228e-18
0.00042813323987193956,27.288426606428374,4.862727789065133e-10,4.852877954900688e-10,1.0408340855860843e-17
0.00042813323987193956,31.87518734449451,8.76034846552208e-10,8.757713027809835e-10,6.938893903907228e-18
0.00042813323987193956,37.23291133272139,1.650879956989395e-09,1.653707594635994e-09,3.469446951953614e-18
0.00042813323987193956,43.49118552081964,3.240075573725937e-09,3.253220961336404e-09,1.3877787807814457e-17
0.00042813323987193956,50.80137841233114,6.589904785541615e-09,6.634512734657837e-09,6.938893903907228e-18
0.00042813323987193956,59.34030120557235,1.3816398988005657e-08,1.3952665406673139e-08,1.0408340855860843e-17
0.00042813323987193956,69.31448431551465,2.9700681648684238e-08,3.009514058891372e-08,6.938893903907228e-18
0.00042813323987193956,80.9651727125807,6.511184523657048e-08,6.620445093313485e-08,6.938893903907228e-18
0.00042813323987193956,94.5741609003176,1.4479212358611566e-07,1.4763652571422783e-07,3.469446951953614e-18
0.00042813323987193956,110.47060866220276,3.248259860880176e-07,3.3133031744430295e-07,1.0408340855860843e-17
0.00042813323987193956,129.0390024296432,7.309322504591223e-07,7.408114628549688e-07,1.0408340855860843e-17
0.00042813323987193956,150.72845483229952,1.639228334634514e-06,1.6240401340132833e-06,1.6479873021779667e-17
0.00042813323987193956,176.06356735840254,3.6358222322112332e-06,3.4022702417868533e-06,2.0816681711721685e-17
0.00042813323987193956,205.65711885957793,7.895715280092919e-06,6.5933884720956876e-06,4.163336342344337e-17
0.00042813323987193956,240.22488679628626,1.6544722459450184e-05,1.1729009821916103e-05,4.5102810375396984e-17
0.00042813323987193956,280.60295970445543,3.2688736379349326e-05,2.0443403076997324e-05,6.245004513516506e-17
0.00042813323987193956,327.76795961890105,5.8668059020119956e-05,3.66037963078214e-05,6.938893903907228e-17
0.00042813323987193956,382.86066357208045,9.042882996640467e-05,5.994256437399925e-05,5.5077470362263625e-17
0.00042813323987193956,447.213595499958,0.00011195062191371452,7.671792759456064e-05,7.502679033599691e-17
0.00042813323987193956,522.3832559187591,0.000106308115321474,7.02849439321307e-05,6.071532165918825e-17
0.00042813323987193956,610.1877689098774,7.832542547869803e-05,4.4806011969655835e-05,6.071532165918825e-17
0.00042813323987193956,712.7508569783073,4.781702129896814e-05,1.8932556000827994e-05,7.719519468096792e-17
0.00042813323987193956,832.5532074018732,2.6211964321398717e-05,2.8512523867485484e-06,2.42861286636753e-16
0.00042813323987193956,972.4924724660731,1.3757286043469819e-05,4.181292121430147e-06,1.5959455978986625e-16
0.00042813323987193956,1135.9533548066277,7.206656222003005e-06,6.030286500591231e-06,4.683753385137379e-16
0.00042813323987193956,1326.889473009725,3.859622577762067e-06,5.647834075417357e-06,1.8041124150158794e-16
0.00042813323987193956,1549.918987548337,2.1401190131165038e-06,4.589925873266232e-06,5.551115123125783e-16
0.00042813323987193956,1810.4362999534146,1.2351553401179771e-06,3.509464894579928e-06,3.95516952522712e-16
0.00042813323987193956,2114.7425268811285,7.424208350315098e-07,2.614062229566727e-06,5.551115123125783e-16
0.00042813323987193956,2470.1979048446246,4.6361326011545856e-07,1.9293650996843326e-06,4.85722573273506e-16
0.00042813323987193956,2885.3998118144273,2.9949739810408715e-07,1.4223360624843195e-06,4.579669976578771e-16
0.00042813323987193956,3370.3907114852836,1.9914118876140918e-07,1.0503407404938159e-06,5.551115123125783e-17
0.00042813323987193956,3936.9010497450113,1.3558622935505582e-07,7.769521088718534e-07,3.3306690738754696e-16
0.00042813323987193956,4598.632978267703,9.407435730413027e-08,5.748265901051042e-07,6.245004513516506e-16
0.00042813323987193956,5371.591767636877,6.623848669562449e-08,4.244501492500774e-07,2.636779683484747e-16
0.00042813323987193956,6274.472925867966,4.716504808932598e-08,3.120946511225853e-07,6.869504964868156e-16
0.00042813323987193956,7329.114385542688,3.3867643023377525e-08,2.2804309707247228e-07,3.885780586188048e-16
0.00042813323987193956,8561.024696578494,2.4471055515284945e-08,1.652938220741973e-07,2.636779683484747e-16
0.00042813323987193956,10000.0,1.776207270154373e-08,1.1868590621411101e-07,2.7755575615628914e-16
0.0006951927961775605,20.0,2.82042248063441e-10,2.79900144213455e-10,1.0408340855860843e-17
0.0006951927961775605,23.361689410840295,4.600779882123294e-10,4.5694455538163384e-10,6.938893903907228e-18
0.0006951927961775605,27.288426606428374,7.895984268171691e-10,7.849451013762672e-10,1.3877787807814457e-17
0.0006951927961775605,31.87518734449451,1.4224850058714572e-09,1.4156275863455754e-09,6.938893903907228e-18
0.0006951927961775605,37.23291133272139,2.680660468395383e-09,2.671095143897198e-09,3.469446951953614e-18
0.0006951927961775605,43.49118552081964,5.261159332140258e-09,5.250058684829178e-09,1.3877787807814457e-17
0.0006951927961775605,50.80137841233114,1.070053403203668e-08,1.0696010069885607e-08,1.0408340855860843e-17
0.0006951927961775605,59.34030120557235,2.2434746976991975e-08,2.246843129626898e-08,1.0408340855860843e-17
0.0006951927961775605,69.31448431551465,4.822727452591033e-08,4.840218903825501e-08,6.938893903907228e-18
0.0006951927961775605,80.9651727125807,1.0572709265228072e-07,1.0634037952484722e-07,6.938893903907228e-18
0.0006951927961775605,94.5741609003176,2.3511004724043136e-07,2.3689137448326073e-07,1.0408340855860843e-17
0.0006951927961775605,110.47060866220276,5.274447040155318e-07,5.315614825087203e-07,6.938893903907228e-18
0.0006951927961775605,129.0390024296432,1.186869892208205e-06,1.1913291821199264e-06,1.0408340855860843e-17
0.0006951927961775605,150.72845483229952,2.6617363394136444e-06,2.634115871682531e-06,1.3010426069826053e-17
0.0006951927961775605,176.06356735840254,5.903741382491667e-06,5.641375039378699e-06,2.6020852139652106e-17
0.0006951927961775605,205.65711885957793,1.2820773695828083e-05,1.145137836902968e-05,2.7755575615628914e-17
0.0006951927961775605,240.22488679628626,2.6864469045772416e-05,2.1895815360294113e-05,4.5102810375396984e-17
0.0006951927961775605,280.60295970445543,5.3077345159420475e-05,4.050601380883173e-05,6.938893903907228e-17
0.0006951927961775605,327.76795961890105,9.525750883017381e-05,7.257808415436773e-05,5.204170427930421e-17
0.0006951927961775605,382.86066357208045,0.00014681960187520882,0.00011536152181293446,5.160802341031001e-17
0.0006951927961775605,447.213595499958,0.00018175223053579215,0.00014530822144875888,9.194034422677078e-17
0.0006951927961775605,522.3832559187591,0.00017258404923825577,0.00013541524078941602,8.847089727481716e-17
0.0006951927961775605,610.1877689098774,0.00012715407293795167,9.27990584477234e-05,1.1796119636642288e-16
0.0006951927961775605,712.7508569783073,7.762748999073921e-05,4.8239543477213154e-05,1.97758476261356e-16
0.0006951927961775605,832.5532074018732,4.2554458745680535e-05,1.8921680770112026e-05,1.3877787807814457e-16
0.0006951927961775605,972.4924724660731,2.2335340550849736e-05,4.256040693761953e-06,1.3183898417423734e-16
0.0006951927961775605,1135.9533548066277,1.1700565249128658e-05,1.609036919703044e-06,4.996003610813204e-16
0.0006951927961775605,1326.889473009725,6.266556112688448e-06,3.2792717814533745e-06,4.787836793695988e-16
0.0006951927961775605,1549.918987548337,3.474807931946877e-06,3.2762278234788056e-06,5.48172618408671e-16
0.0006951927961775605,1810.4362999534146,2.005493541568093e-06,2.751086177088524e-06,4.371503159461554e-16
0.0006951927961775605,2114.7425268811285,1.2054662897886814e-06,2.1581178716312266e-06,4.163336342344337e-16
0.0006951927961775605,2470.1979048446246,7.527743162150102e-07,1.6445873585180237e-06,3.7470027081099033e-16
0.0006951927961775605,2885.3998118144273,4.863009531730356e-07,1.2383332698151506e-06,4.85722573273506e-16
0.0006951927961775605,3370.3907114852836,3.2335204613875845e-07,9.279728231392781e-07,6.106226635438361e-16
0.0006951927961775605,3936.9010497450113,2.2015677469955364e-07,6.936238221566526e-07,6.522560269672795e-16
0.0006951927961775605,4598.632978267703,1.5275284426241598e-07,5.170016906808073e-07,3.3306690738754696e-16
0.0006951927961775605,5371.591767636877,1.0755478385693351e-07,3.837292049668761e-07,5.412337245047638e-16
0.0006951927961775605,6274.472925867966,7.658446365965688e-08,2.830952205989945e-07,8.257283745649602e-16
0.0006951927961775605,7329.114385542688,5.499285293808498e-08,2.072166814803822e-07,6.314393452555578e-16
0.0006951927961775605,8561.024696578494,3.973513806876383e-08,1.5024371768923572e-07,3.122502256758253e-16
0.0006951927961775605,10000.0,2.8841397159418136e-08,1.077605330523923e-07,2.498001805406602e-16
0.0011288378916846883,20.0,4.579736416758951e-10,4.5369659488732686e-10,1.0408340855860843e-17
0.0011288378916846883,23.361689410840295,7.470639352632775e-10,7.404532980682943e-10,6.938893903907228e-18
0.0011288378916846883,27.288426606428374,1.2821315579863123e-09,1.2715216634586954e-09,1.3877787807814457e-17
0.0011288378916846883,31.87518734449451,2.3097980606629452e-09,2.2922336587985655e-09,1.0408340855860843e-17
0.0011288378916846883,37.23291133272139,4.352794102208905e-09,4.323105372977792e-09,1.0408340855860843e-17
0.0011288378916846883,43.49118552081964,8.542948098607707e-09,8.492477304071835e-09,3.469446951953614e-18
0.0011288378916846883,50.80137841233114,1.7375278065835144e-08,1.7290974849571827e-08,1.0408340855860843e-17
0.0011288378916846883,59.34030120557235,3.6429019449656444e-08,3.629613333744038e-08,6.938893903907228e-18
0.0011288378916846883,69.31448431551465,7.831032268132421e-08,7.812874604825465e-08,6.938893903907228e-18
0.0011288378916846883,80.9651727125807,1.7167717506231736e-07,1.7151215512308925e-07,6.938893903907228e-18
0.0011288378916846883,94.5741609003176,3.817661334258333e-07,3.8182126413724427e-07,3.903127820947816e-18
0.0011288378916846883,110.47060866220276,8.564519762756673e-07,8.56691900887746e-07,6.938893903907228e-18
0.0011288378916846883,129.0390024296432,1.927209366227355e-06,1.922867909289047e-06,3.469446951953614e-18
0.0011288378916846883,150.72845483229952,4.322053687370268e-06,4.2742460073159384e-06,1.3010426069826053e-17
0.0011288378916846883,176.06356735840254,9.5862994348387e-06,9.277145335819144e-06,1.9081958235744878e-17
0.0011288378916846883,205.65711885957793,2.081779695849509e-05,1.9339500607921598e-05,3.122502256758253e-17
0.0011288378916846883,240.22488679628626,4.3620670154301266e-05,3.840369697991758e-05,3.469446951953614e-17
0.0011288378916846883,280.60295970445543,8.618084251188485e-05,7.308027320943045e-05,8.326672684688674e-17
0.0011288378916846883,327.76795961890105,0.00015466026392862986,0.00013098234359446015,7.632783294297951e-17
0.0011288378916846883,382.86066357208045,0.00023835842106978422,0.00020532334076472925,5.594483210025203e-17
0.0011288378916846883,447.213595499958,0.00029504443153577364,0.0002566353243069197,8.153200337090993e-17
0.0011288378916846883,522.3832559187591,0.00028014152003696946,0.0002411145622657762,5.551115123125783e-17
0.0011288378916846883,610.1877689098774,0.0002063935831905228,0.00017068337310988113,1.1275702593849246e-16
0.0011288378916846883,712.7508569783073,0.00012600576217669524,9.58011998362096e-05,9.020562075079397e-17
0.0011288378916846883,832.5532074018732,6.907806865119603e-05,4.5003948699551266e-05,2.1510571102112408e-16
0.0011288378916846883,972.4924724660731,3.625859077927007e-05,1.7950974543712306e-05,2.8449465006019636e-16
0.0011288378916846883,1135.9533548066277,1.8995321823478406e-05,5.567813307960634e-06,1.6653345369377348e-16
0.0011288378916846883,1326.889473009725,1.0173882010966473e-05,5.657798339830933e-07,4.0245584642661925e-16
0.0011288378916846883,1549.918987548337,5.641607001338755e-06,1.1434993364423107e-06,2.914335439641036e-16
0.0011288378916846883,1810.4362999534146,3.256149580854739e-06,1.5198433217511464e-06,2.0816681711721685e-16
0.0011288378916846883,2114.7425268811285,1.9572515375099186e-06,1.417860183927644e-06,4.0245584642661925e-16
0.0011288378916846883,2470.1979048446246,1.2222580377807546e-06,1.1822196449573497e-06,4.163336342344337e-16
0.0011288378916846883,2885.3998118144273,7.896021101405637e-07,9.395791296107348e-07,4.996003610813204e-16
0.0011288378916846883,3370.3907114852836,5.250283737767703e-07,7.292885655374448e-07,3.191891195797325e-16
0.0011288378916846883,3936.9010497450113,3.5747229021332316e-07,5.583252137286721e-07,3.469446951953614e-16
0.0011288378916846883,4598.632978267703,2.4802884457386654e-07,4.2311160219909993e-07,1.3877787807814457e-16
0.0011288378916846883,5371.591767636877,1.7464039592240965e-07,3.176102278956705e-07,4.579669976578771e-16
0.0011288378916846883,6274.472925867966,1.243533174211109e-07,2.3600829301972936e-07,9.853229343548264e-16
0.0011288378916846883,7329.114385542688,8.929443462424302e-08,1.7340030422641206e-07,2.636779683484747e-16
0.0011288378916846883,8561.024696578494,6.451995748779638e-08,1.2580629815683864e-07,7.077671781985373e-16
0.0011288378916846883,10000.0,4.683134824379209e-08,9.002049328188377e-08,3.677613769070831e-16
0.0018329807108324356,20.0,7.436469459697666e-10,7.359032283289074e-10,3.469446951953614e-18
0.0018329807108324356,23.361689410840295,1.2130650393687645e-09,1.2008081986712108e-09,1.734723475976807e-17
0.0018329807108324356,27.288426606428374,2.0818953975858517e-09,2.0616133658080474e-09,1.0408340855860843e-17
0.0018329807108324356,31.87518734449451,3.750596354730419e-09,3.7156462037485523e-09,1.0408340855860843e-17
0.0018329807108324356,37.23291133272139,7.067965782092678e-09,7.005601136364243e-09,6.938893903907228e-18
0.0018329807108324356,43.49118552081964,1.387184028349463e-08,1.3757441160290682e-08,6.938893903907228e-18
0.0018329807108324356,50.80137841233114,2.8213571856604627e-08,2.799972493986759e-08,6.938893903907228e-18
0.0018329807108324356,59.34030120557235,5.9152592195234506e-08,5.874923288595648e-08,1.0408340855860843e-17
0.0018329807108324356,69.31448431551465,1.2715847015534049e-07,1.263980314601459e-07,1.3877787807814457e-17
0.0018329807108324356,80.9651727125807,2.7876535423749203e-07,2.773365376519373e-07,1.0408340855860843e-17
0.0018329807108324356,94.5741609003176,6.199027235534492e-07,6.171548958003531e-07,6.938893903907228e-18
0.0018329807108324356,110.47060866220276,1.3906855704439326e-06,1.3846303470507054e-06,1.0408340855860843e-17
0.0018329807108324356,129.0390024296432,3.1293515253697293e-06,3.110719613049883e-06,8.673617379884035e-18
0.0018329807108324356,150.72845483229952,7.018018955650112e-06,6.937431786286242e-06,1.214306433183765e-17
0.0018329807108324356,176.06356735840254,1.5565855805118115e-05,1.5180729679650957e-05,2.0816681711721685e-17
0.0018329807108324356,205.65711885957793,3.3802723743481256e-05,3.214760508462623e-05,3.122502256758253e-17
0.0018329807108324356,240.22488679628626,7.082698721185346e-05,6.520685828024023e-05,5.204170427930421e-17
0.0018329807108324356,280.60295970445543,0.00013992548746066813,0.00012596584406917438,6.245004513516506e-17
0.0018329807108324356,327.76795961890105,0.0002510898146066004,0.00022579158803348598,9.020562075079397e-17
0.0018329807108324356,382.86066357208045,0.00038692533350659364,0.0003513322162763677,4.683753385137379e-17
0.0018329807108324356,447.213595499958,0.00047887386558742584,0.00043727863543213674,9.063930161978817e-17
0.0018329807108324356,522.3832559187591,0.00045463318620408977,0.0004125945627005412,6.765421556309548e-17
0.0018329807108324356,610.1877689098774,0.0003349362379009291,0.00029702979401169394,9.367506770274758e-17
0.0018329807108324356,712.7508569783073,0.00020448943299289368,0.00017296130495425555,2.0209528495129803e-16
0.0018329807108324356,832.5532074018732,0.00011211236661934354,8.7322744870999e-05,2.463307335887066e-16
0.0018329807108324356,972.4924724660731,5.8852098178907575e-05,4.0174232388112685e-05,1.2923689896027213e-16
0.0018329807108324356,1135.9533548066277,3.083418939031635e-05,1.721542844090873e-05,3.226585665316861e-16
0.0018329807108324356,1326.889473009725,1.6515879867728955e-05,6.806742584908321e-06,1.6653345369377348e-16
0.0018329807108324356,1549.918987548337,9.158851126400691e-06,2.3184585037361316e-06,4.0245584642661925e-16
0.0018329807108324356,1810.4362999534146,5.286405380111603e-06,4.789065274346527e-07,5.551115123125783e-16
0.0018329807108324356,2114.7425268811285,3.1777267375243667e-06,2.1609517608656148e-07,4.85722573273506e-16
0.0018329807108324356,2470.1979048446246,1.984464885418369e-06,4.3156356754892045e-07,6.106226635438361e-16
0.0018329807108324356,2885.3998118144273,1.2820266400703773e-06,4.545358378571507e-07,2.7755575615628914e-16
0.0018329807108324356,3370.3907114852836,8.524678083432491e-07,4.067064354185135e-07,5.967448757360216e-16
0.0018329807108324356,3936.9010497450113,5.804204971093796e-07,3.386513524050727e-07,5.273559366969494e-16
0.0018329807108324356,4598.632978267703,4.027232471948139e-07,2.706672223018458e-07,3.469446951953614e-16
0.0018329807108324356,5371.591767636877,2.8356498871229263e-07,2.1025500962501553e-07,3.885780586188048e-16
0.0018329807108324356,6274.472925867966,2.0191476479691772e-07,1.5955398746658744e-07,4.718447854656915e-16
0.0018329807108324356,7329.114385542688,1.4498979317156824e-07,1.184926897712657e-07,4.3021142204224816e-16
0.0018329807108324356,8561.024696578494,1.0476327672037655e-07,8.612706281496685e-08,4.371503159461554e-16
0.0018329807108324356,10000.0,7.60419625045472e-08,6.121567142081119e-08,3.469446951953614e-16
0.002976351441631319,20.0,1.2075166122267698e-09,1.1941437945623464e-09,1.0408340855860843e-17
0.002976351441631319,23.361689410840295,1.9697467921336604e-09,1.9483217768886518e-09,6.938893903907228e-18
0.002976351441631319,27.288426606428374,3.3805333122648856e-09,3.344545889452091e-09,6.938893903907228e-18
0.002976351441631319,31.87518734449451,6.090131095552644e-09,6.026950369493727e-09,1.0408340855860843e-17
0.002976351441631319,37.23291133272139,1.1476798346420937e-08,1.1361375308052094e-08,3.469446951953614e-18
0.002976351441631319,43.49118552081964,2.2524771260972083e-08,2.230656680245538e-08,6.938893903907228e-18
0.002976351441631319,50.80137841233114,4.581254037905975e-08,4.5388343412606884e-08,6.938893903907228e-18
0.002976351441631319,59.34030120557235,9.605059742094071e-08,9.52080500063999e-08,6.938893903907228e-18
0.002976351441631319,69.31448431551465,2.064769389982686e-07,2.0477655746759492e-07,1.0408340855860843e-17
0.002976351441631319,80.9651727125807,4.5265256797823953e-07,4.4917162739710383e-07,6.938893903907228e-18
0.002976351441631319,94.5741609003176,1.006582980480307e-06,9.99283772150643e-07,6.938893903907228e-18
0.002976351441631319,110.47060866220276,2.258159646002355e-06,2.241882500188209e-06,1.0408340855860843e-17
0.002976351441631319,129.0390024296432,5.081351828776495e-06,5.039515388011867e-06,6.938893903907228e-18
0.002976351441631319,150.72845483229952,1.1395613442162934e-05,1.1261799796939437e-05,1.1275702593849246e-17
0.002976351441631319,176.06356735840254,2.5275067934676064e-05,2.476658242442451e-05,2.0816681711721685e-17
0.002976351441631319,205.65711885957793,5.488614997729152e-05,5.294393415390154e-05,2.42861286636753e-17
0.002976351441631319,240.22488679628626,0.00011499866630674052,0.00010872405968717289,6.938893903907228e-17
0.002976351441631319,280.60295970445543,0.000227173587820928,0.00021181976460928065,5.551115123125783e-17
0.002976351441631319,327.76795961890105,0.0004075980317303912,0.00037967149698533986,6.938893903907228e-17
0.002976351441631319,382.86066357208045,0.0006279759547943853,0.000588236158833938,5.377642775528102e-17
0.002976351441631319,447.213595499958,0.0007770247164193833,0.0007302684542520588,8.066464163292153e-17
0.002976351441631319,522.3832559187591,0.0007375536516686654,0.0006906393646766706,7.979727989493313e-17
0.002976351441631319,610.1877689098774,0.0005433327708349589,0.0005018714462794449,1.249000902703301e-16
0.002976351441631319,712.7508569783073,0.00033174026130688983,0.000298069366171827,1.0148132334464322e-16
0.002976351441631319,832.5532074018732,0.0001819006088676911,0.000155952169092477,1.3270634591222574e-16
0.002976351441631319,972.4924724660731,9.550008199965543e-05,7.622229094328414e-05,2.706168622523819e-16
0.002976351441631319,1135.9533548066277,5.004156469556875e-05,3.611278221826719e-05,5.30825383648903e-16
0.002976351441631319,1326.889473009725,2.6806946692436995e-05,1.6933973370658606e-05,6.869504964868156e-16
0.002976351441631319,1549.918987548337,1.4867029831000522e-05,7.936961306187484e-06,5.828670879282072e-16
0.002976351441631319,1810.4362999534146,8.581689695752459e-06,3.723076231310074e-06,5.551115123125783e-16
0.002976351441631319,2114.7425268811285,5.158830709839357e-06,1.734648702234054e-06,2.914335439641036e-16
0.002976351441631319,2470.1979048446246,3.2217762373498715e-06,7.870025064971031e-07,3.469446951953614e-16
0.002976351441631319,2885.3998118144273,2.0814326892049095e-06,3.3289033229966236e-07,4.163336342344337e-16
0.002976351441631319,3370.3907114852836,1.3840564495604113e-06,1.1699806479192887e-07,1.249000902703301e-16
0.002976351441631319,3936.9010497450113,9.423818420062346e-07,1.7994907119955883e-08,6.938893903907228e-17
0.002976351441631319,4598.632978267703,6.538793290156164e-07,2.316367619936699e-08,2.636779683484747e-16
0.002976351441631319,5371.591767636877,4.604145329434317e-07,3.595319597593516e-08,3.7470027081099033e-16
0.002976351441631319,6274.472925867966,3.2784536063701353e-07,3.542080595497765e-08,6.591949208711867e-16
0.002976351441631319,7329.114385542688,2.3541936677862196e-07,2.9342045571034703e-08,3.8163916471489756e-16
0.002976351441631319,8561.024696578494,1.7010497443958883e-07,2.170115731559008e-08,1.6653345369377348e-16
0.002976351441631319,10000.0,1.2347070965645912e-07,1.444574426745504e-08,5.342948306008566e-16
0.004832930238571752,20.0,1.9607373847371073e-09,1.938224165800445e-09,1.0408340855860843e-17
0.004832930238571752,23.361689410840295,3.1984290165378362e-09,3.162116933911035e-09,1.3877787807814457e-17
0.004832930238571752,27.288426606428374,5.489231339844648e-09,5.427741866907438e-09,1.0408340855860843e-17
0.004832930238571752,31.87518734449451,9.889013148829152e-09,9.779992272735023e-09,1.0408340855860843e-17
0.004832930238571752,37.23291133272139,1.863575797562793e-08,1.843417995193216e-08,6.938893903907228e-18
0.004832930238571752,43.49118552081964,3.6575198780937086e-08,3.6188437630216286e-08,1.3877787807814457e-17
0.004832930238571752,50.80137841233114,7.438933392287525e-08,7.362357542600685e-08,6.938893903907228e-18
0.004832930238571752,59.34030120557235,1.5596471045469656e-07,1.5440901956408027e-07,6.938893903907228e-18
0.004832930238571752,69.31448431551465,3.3527237945348096e-07,3.320457403883882e-07,6.938893903907228e-18
0.004832930238571752,80.9651727125807,7.350063682470473e-07,7.281932354137512e-07,1.0408340855860843e-17
0.004832930238571752,94.5741609003176,1.634464335495433e-06,1.619774696449256e-06,3.469446951953614e-18
0.004832930238571752,110.47060866220276,3.666738577519065e-06,3.633863292030375e-06,5.204170427930421e-18
0.004832930238571752,129.0390024296432,8.250937697069959e-06,8.171422231702469e-06,6.5052130349130266e-18
0.004832930238571752,150.72845483229952,1.850371453386958e-05,1.8283473230058453e-05,8.673617379884035e-18
0.004832930238571752,176.06356735840254,4.103999524503188e-05,4.0331207505453145e-05,2.2551405187698492e-17
0.004832930238571752,205.65711885957793,8.911777436810403e-05,8.67094369415948e-05,3.469446951953614e-17
0.004832930238571752,240.22488679628626,0.00018670962490317453,0.00017937270712706233,5.551115123125783e-17
0.004832930238571752,280.60295970445543,0.00036878913919742573,0.00035117349369134104,4.85722573273506e-17
0.004832930238571752,327.76795961890105,0.0006615431526535154,0.0006293559600380333,6.591949208711867e-17
0.004832930238571752,382.86066357208045,0.0010188910058920586,0.0009724363499786781,7.762887554996212e-17
0.004832930238571752,447.213595499958,0.0012602417240810126,0.001205138006608486,7.849623728795052e-17
0.004832930238571752,522.3832559187591,0.0011958617003881011,0.0011410687970211386,8.326672684688674e-17
0.004832930238571752,610.1877689098774,0.0008808595782163753,0.000833655628363017,1.5178830414797062e-16
0.004832930238571752,712.7508569783073,0.0005378697719783387,0.0005007363334011972,1.5308934675495323e-16
0.004832930238571752,832.5532074018732,0.0002949847443232123,0.00026716251940994695,1.5265566588595902e-16
0.004832930238571752,972.4924724660731,0.00015490603261270053,0.00013465745573726373,1.2576745200831851e-16
0.004832930238571752,1135.9533548066277,8.118713149329881e-05,6.675633689257054e-05,5.898059818321144e-16
0.004832930238571752,1326.889473009725,4.34991120126238e-05,3.3360690935069215e-05,3.7470027081099033e-16
0.004832930238571752,1549.918987548337,2.4127828119890893e-05,1.705240057947588e-05,3.95516952522712e-16
0.004832930238571752,1810.4362999534146,1.3928812773178478e-05,8.987316588604521e-06,4.926614671774132e-16
0.004832930238571752,2114.7425268811285,8.37392183528074e-06,4.900497388660163e-06,4.0245584642661925e-16
0.004832930238571752,2470.1979048446246,5.2299912661757375e-06,2.764807346844478e-06,4.0245584642661925e-16
0.004832930238571752,2885.3998118144273,3.3790114036813534e-06,1.6110310708805642e-06,3.0531133177191805e-16
0.004832930238571752,3370.3907114852836,2.2469744119790747e-06,9.671219876050685e-07,4.579669976578771e-16
0.004832930238571752,3936.9010497450113,1.5299766173981766e-06,5.969636966973724e-07,3.469446951953614e-16
0.004832930238571752,4598.632978267703,1.0616135047714081e-06,3.786422191343064e-07,6.245004513516506e-16
0.004832930238571752,5371.591767636877,7.475268404277813e-07,2.470237201457337e-07,4.0245584642661925e-16
0.004832930238571752,6274.472925867966,5.322972165267004e-07,1.6611338615746263e-07,9.71445146547012e-16
0.004832930238571752,7329.114385542688,3.8223768084044707e-07,1.15400121569742e-07,2.914335439641036e-16
0.004832930238571752,8561.024696578494,2.7619352593877267e-07,8.290069675176426e-08,5.620504062164855e-16
0.004832930238571752,10000.0,2.004771090247104e-07,6.149106579478314e-08,5.898059818321144e-16
0.007847599703514606,20.0,3.1837997505859868e-09,3.146444560410064e-09,3.469446951953614e-18
0.007847599703514606,23.361689410840295,5.1935346217027185e-09,5.133049264311644e-09,1.734723475976807e-17
0.007847599703514606,27.288426606428374,8.913286115262709e-09,8.810387006459803e-09,6.938893903907228e-18
0.007847599703514606,31.87518734449451,1.605754936122631e-08,1.5874094313713446e-08,1.3877787807814457e-17
0.007847599703514606,37.23291133272139,3.026030973767111e-08,2.991883525231857e-08,6.938893903907228e-18
0.007847599703514606,43.49118552081964,5.938995477599695e-08,5.872949518273118e-08,6.938893903907228e-18
0.007847599703514606,50.80137841233114,1.2079166081778447e-07,1.1947128262477244e-07,1.0408340855860843e-17
0.007847599703514606,59.34030120557235,2.532518283087748e-07,2.5053815150228925e-07,1.0408340855860843e-17
0.007847599703514606,69.31448431551465,5.444073031310014e-07,5.387023619969188e-07,1.0408340855860843e-17
0.007847599703514606,80.9651727125807,1.1934853406807581e-06,1.1812614688317758e-06,6.938893903907228e-18
0.007847599703514606,94.5741609003176,2.6540007018178817e-06,2.6273106406239557e-06,1.3877787807814457e-17
0.007847599703514606,110.47060866220276,5.953942322887203e-06,5.894115312059158e-06,6.938893903907228e-18
0.007847599703514606,129.0390024296432,1.3397566790825923e-05,1.3256868867402623e-05,6.5052130349130266e-18
0.007847599703514606,150.72845483229952,3.0045327785930154e-05,2.968474793531772e-05,1.3010426069826053e-17
0.007847599703514606,176.06356735840254,6.663696293656048e-05,6.560294459452293e-05,1.214306433183765e-17
0.007847599703514606,205.65711885957793,0.0001446939784947119,0.00014152892216011577,3.469446951953614e-17
0.007847599703514606,240.22488679628626,0.0003031153461696412,0.0002940545645495514,4.163336342344337e-17
0.007847599703514606,280.60295970445543,0.0005985939275102228,0.0005773108913875516,4.85722573273506e-17
0.007847599703514606,327.76795961890105,0.001073394890672097,0.0010343080888019773,7.28583859910259e-17
0.007847599703514606,382.86066357208045,0.0016523412680024552,0.0015950315695153483,6.071532165918825e-17
0.007847599703514606,447.213595499958,0.002042477577167523,0.0019739057843355945,8.153200337090993e-17
0.007847599703514606,522.3832559187591,0.0019371849410144693,0.001869699473211528,6.418476861114186e-17
0.007847599703514606,610.1877689098774,0.0014266630520667345,0.0013702121761254293,3.122502256758253e-17
0.007847599703514606,712.7508569783073,0.0008712718594532376,0.0008285601309369062,1.5092094240998222e-16
0.007847599703514606,832.5532074018732,0.0004779870480944304,0.00044714287225466887,2.220446049250313e-16
0.007847599703514606,972.4924724660731,0.00025109936574807534,0.00022928326705051738,2.7755575615628914e-16
0.007847599703514606,1135.9533548066277,0.00013164766943996042,0.00011640538092827502,4.544975507059235e-16
0.007847599703514606,1326.889473009725,7.055548507839404e-05,5.998757531056054e-05,6.730727086790012e-16
0.007847599703514606,1549.918987548337,3.9144209452057765e-05,3.183342119050803e-05,4.0245584642661925e-16
0.007847599703514606,1810.4362999534146,2.2601647487796583e-05,1.752587356562696e-05,6.106226635438361e-16
0.007847599703514606,2114.7425268811285,1.3589824681470297e-05,1.003658777187777e-05,5.689893001203927e-16
0.007847599703514606,2470.1979048446246,8.488506702319931e-06,5.97401699931055e-06,7.494005416219807e-16
0.007847599703514606,2885.3998118144273,5.484729389770848e-06,3.685224853944291e-06,6.938893903907228e-17
0.007847599703514606,3370.3907114852836,3.64746663517046e-06,2.3468607144305764e-06,5.412337245047638e-16
0.007847599703514606,3936.9010497450113,2.4837049762416186e-06,1.5366973422636931e-06,5.273559366969494e-16
0.007847599703514606,4598.632978267703,1.723452868640507e-06,1.0308622907517773e-06,2.220446049250313e-16
0.007847599703514606,5371.591767636877,1.2135964073678451e-06,7.063824215558512e-07,2.42861286636753e-16
0.007847599703514606,6274.472925867966,8.641988366031583e-07,4.932798259860149e-07,3.400058012914542e-16
0.007847599703514606,7329.114385542688,6.205874317766202e-07,3.503801871973522e-07,3.677613769070831e-16
0.007847599703514606,8561.024696578494,4.4842660062993644e-07,2.527206310887209e-07,3.0531133177191805e-16
0.007847599703514606,10000.0,3.254990683654313e-07,1.8477681429374115e-07,3.885780586188048e-16
0.012742749857031334,20.0,5.169779960270378e-09,5.108324722290702e-09,1.0408340855860843e-17
0.012742749857031334,23.361689410840295,8.433140668287964e-09,8.333403309562304e-09,1.0408340855860843e-17
0.012742749857031334,27.288426606428374,1.4473186530597915e-08,1.4303047418868543e-08,1.0408340855860843e-17
0.012742749857031334,31.87518734449451,2.6073874709819055e-08,2.5769555186136786e-08,1.0408340855860843e-17
0.012742749857031334,37.23291133272139,4.9135985541958437e-08,4.8567350431226366e-08,1.0408340855860843e-17
0.012742749857031334,43.49118552081964,9.64360212112091e-08,9.533113643563247e-08,1.734723475976807e-17
0.012742749857031334,50.80137841233114,1.9613866473474706e-07,1.9391770790478866e-07,1.0408340855860843e-17
0.012742749857031334,59.34030120557235,4.1122432075323644e-07,4.06630333016193e-07,1.0408340855860843e-17
0.012742749857031334,69.31448431551465,8.839954199943954e-07,8.742662680669405e-07,3.469446951953614e-18
0.012742749857031334,80.9651727125807,1.9379513532509843e-06,1.9169416419996445e-06,3.469446951953614e-18
0.012742749857031334,94.5741609003176,4.309492827015717e-06,4.263316726113445e-06,6.938893903907228e-18
0.012742749857031334,110.47060866220276,9.667813757933096e-06,9.56422302484934e-06,6.938893903907228e-18
0.012742749857031334,129.0390024296432,2.1754356959865226e-05,2.151431203131532e-05,8.673617379884035e-18
0.012742749857031334,150.72845483229952,4.8785392422751386e-05,4.8196935896009045e-05,8.673617379884035e-18
0.012742749857031334,176.06356735840254,0.00010819609801432893,0.00010663401873666888,1.734723475976807e-17
0.012742749857031334,205.65711885957793,0.00023491541753101718,0.00023052203682478838,2.7755575615628914e-17
0.012742749857031334,240.22488679628626,0.0004920350998086805,0.0004801780257902809,4.163336342344337e-17
0.012742749857031334,280.60295970445543,0.0009713577700685011,0.0009441336620946983,4.163336342344337e-17
0.012742749857031334,327.76795961890105,0.0017408386226804157,0.0016905976329262273,4.85722573273506e-17
0.012742749857031334,382.86066357208045,0.0026774849797334133,0.0026026759493445184,5.334274688628682e-17
0.012742749857031334,447.213595499958,0.0033063567901129853,0.003216141600373701,6.808789643208968e-17
0.012742749857031334,522.3832559187591,0.003133418835600421,0.0030455859385647988,9.194034422677078e-17
0.012742749857031334,610.1877689098774,0.0023069962884150197,0.002235733469520995,1.0234868508263162e-16
0.012742749857031334,712.7508569783073,0.0014092209790111943,0.0013575664942657717,1.3877787807814457e-16
0.012742749857031334,832.5532074018732,0.0007735136676791932,0.0007378165181514129,2.636779683484747e-16
0.012742749857031334,972.4924724660731,0.00040659080134419767,0.00038225248202550244,1.5612511283791264e-16
0.012742749857031334,1135.9533548066277,0.00021328773522044653,0.0001967373618684265,2.706168622523819e-16
0.012742749857031334,1326.889473009725,0.0001143628737895197,0.00010310161046311883,3.3306690738754696e-16
0.012742749857031334,1549.918987548337,6.347199117862079e-05,5.578078958712318e-05,1.5265566588595902e-16
0.012742749857031334,1810.4362999534146,3.665886910364513e-05,3.136586078444914e-05,4.510281037539698e-16
0.012742749857031334,2114.7425268811285,2.204694623686443e-05,1.8364496500500316e-05,4.0245584642661925e-16
0.012742749857031334,2470.1979048446246,1.3773347567913596e-05,1.117898998037603e-05,2.914335439641036e-16
0.012742749857031334,2885.3998118144273,8.900626053742755e-06,7.0500351682101225e-06,4.996003610813204e-16
0.012742749857031334,3370.3907114852836,5.919725305059131e-06,4.585476051643944e-06,1.249000902703301e-16
0.012742749857031334,3936.9010497450113,4.031307809126972e-06,3.0616073172229363e-06,9.71445146547012e-17
0.012742749857031334,4598.632978267703,2.7975264043078596e-06,2.089334477650695e-06,4.0245584642661925e-16
0.012742749857031334,5371.591767636877,1.970029029130238e-06,1.4519288470404845e-06,3.3306690738754696e-16
0.012742749857031334,6274.472925867966,1.4029154101757868e-06,1.0243139821897174e-06,2.914335439641036e-16
0.012742749857031334,7329.114385542688,1.0074813406868444e-06,7.318063978134504e-07,6.522560269672795e-16
0.012742749857031334,8561.024696578494,7.280128232478589e-07,5.28390802556622e-07,4.579669976578771e-16
0.012742749857031334,10000.0,5.284561046536851e-07,3.8491609877233657e-07,1.249000902703301e-16
0.0206913808111479,20.0,8.394568401569411e-09,8.293980066815827e-09,1.0408340855860843e-17
0.0206913808111479,23.361689410840295,1.3693537536226203e-08,1.3530063691169839e-08,1.3877787807814457e-17
0.0206913808111479,27.288426606428374,2.3501223280392213e-08,2.3221901414082835e-08,6.938893903907228e-18
0.0206913808111479,31.87518734449451,4.233815011856694e-08,4.18375736656654e-08,1.3877787807814457e-17
0.0206913808111479,37.23291133272139,7.978586634486929e-08,7.884837308107717e-08,1.734723475976807e-17
0.0206913808111479,43.49118552081964,1.5659055251814524e-07,1.54764020420862e-07,6.938893903907228e-18
0.0206913808111479,50.80137841233114,3.1848533714809446e-07,3.1480204147442403e-07,1.3877787807814457e-17
0.0206913808111479,59.34030120557235,6.677362039463151e-07,6.6008901017454e-07,1.0408340855860843e-17
0.0206913808111479,69.31448431551465,1.4354098941468793e-06,1.4191463182701165e-06,1.0408340855860843e-17
0.0206913808111479,80.9651727125807,3.1467940498959178e-06,3.1115180778872086e-06,3.469446951953614e-18
0.0206913808111479,94.5741609003176,6.997623154903453e-06,6.919805988061427e-06,6.938893903907228e-18
0.0206913808111479,110.47060866220276,1.5698214767591485e-05,1.552356115812098e-05,1.0408340855860843e-17
0.0206913808111479,129.0390024296432,3.532342689554547e-05,3.492206368624481e-05,6.938893903907228e-18
0.0206913808111479,150.72845483229952,7.921259919744378e-05,7.825412660226972e-05,1.1275702593849246e-17
0.0206913808111479,176.06356735840254,0.0001756666609117061,0.00017324723691973,2.0816681711721685e-17
0.0206913808111479,205.65711885957793,0.000381357150273591,0.00037497034873797304,3.122502256758253e-17
0.0206913808111479,240.22488679628626,0.0007985426758103549,0.0007821526242176718,3.122502256758253e-17
0.0206913808111479,280.60295970445543,0.001575622253828332,0.0015387878186797627,6.245004513516506e-17
0.0206913808111479,327.76795961890105,0.0028211715818469985,0.0027529476757952864,6.938893903907228e-17
0.0206913808111479,382.86066357208045,0.004333075436531053,0.004230182609177513,6.938893903907228e-17
0.0206913808111479,447.213595499958,0.005342149318919964,0.005217377418365421,5.724587470723463e-17
0.0206913808111479,522.3832559187591,0.005056242862228444,0.0049360511222881764,4.85722573273506e-17
0.0206913808111479,610.1877689098774,0.0037210017168342047,0.0036262137071242373,1.231653667943533e-16
0.0206913808111479,712.7508569783073,0.002273804786098954,0.002207927979915536,2.463307335887066e-16
0.0206913808111479,832.5532074018732,0.0012491292585052882,0.0012056923673200437,2.1163626406917047e-16
0.0206913808111479,972.4924724660731,0.0006572292817823566,0.0006288556111916366,2.498001805406602e-16
0.0206913808111479,1135.9533548066277,0.0003450757533720594,0.00032642642261315746,4.0245584642661925e-16
0.0206913808111479,1326.889473009725,0.00018516536377444215,0.0001727888242396558,2.7755575615628914e-16
0.0206913808111479,1549.918987548337,0.00010282918528492502,9.452489101446915e-05,6.106226635438361e-16
0.0206913808111479,1810.4362999534146,5.9417561887986636e-05,5.377392007055448e-05,4.2327252813834093e-16
0.0206913808111479,2114.7425268811285,3.574696671293509e-05,3.185571502828388e-05,2.636779683484747e-16
0.0206913808111479,2470.1979048446246,2.2338274876410047e-05,1.961473881584297e-05,3.7470027081099033e-16
0.0206913808111479,2885.3998118144273,1.4438542303096824e-05,1.2505266633655587e-05,3.885780586188048e-16
0.0206913808111479,3370.3907114852836,9.604552750785977e-06,8.215820885837388e-06,3.3306690738754696e-16
0.0206913808111479,3936.9010497450113,6.54153267065638e-06,5.53506688905081e-06,3.608224830031759e-16
0.0206913808111479,4598.632978267703,4.539986189655565e-06,3.806509125459101e-06,3.3306690738754696e-16
0.0206913808111479,5371.591767636877,3.1973575000954213e-06,2.661608946241678e-06,3.469446951953614e-16
0.0206913808111479,6274.472925867966,2.2770976181307745e-06,1.886038663800882e-06,6.938893903907228e-17
0.0206913808111479,7329.114385542688,1.6353605365448942e-06,1.3508176035514907e-06,4.0245584642661925e-16
0.0206913808111479,8561.024696578494,1.1817827583193719e-06,9.758083336919299e-07,4.2327252813834093e-16
0.0206913808111479,10000.0,8.578793589952838e-07,7.097678482725911e-07,2.5673907444456745e-16
0.03359818286283781,20.0,1.3630904787927459e-08,1.3466773040508948e-08,6.938893903907228e-18
0.03359818286283781,23.361689410840295,2.2235247415210505e-08,2.1968279744014876e-08,1.3877787807814457e-17
0.03359818286283781,27.288426606428374,3.8160738782095586e-08,3.770412849594734e-08,3.469446951953614e-18
0.03359818286283781,31.87518734449451,6.87477003463938e-08,6.792844644773217e-08,6.938893903907228e-18
0.03359818286283781,37.23291133272139,1.2955442324768e-07,1.2801798666181152e-07,6.938893903907228e-18
0.03359818286283781,43.49118552081964,2.5426805577195713e-07,2.512697294125739e-07,1.734723475976807e-17
0.03359818286283781,50.80137841233114,5.171489126870404e-07,5.110911046844746e-07,1.0408340855860843e-17
0.03359818286283781,59.34030120557235,1.0842537705533367e-06,1.0716488495102574e-06,1.0408340855860843e-17
0.03359818286283781,69.31448431551465,2.330781752830696e-06,2.3039077206147597e-06,6.938893903907228e-18
0.03359818286283781,80.9651727125807,5.109674425273869e-06,5.051233180555868e-06,6.938893903907228e-18
0.03359818286283781,94.5741609003176,1.136249582734067e-05,1.1233300402029023e-05,1.0408340855860843e-17
0.03359818286283781,110.47060866220276,2.5489983804275525e-05,2.5199938996546154e-05,6.938893903907228e-18
0.03359818286283781,129.0390024296432,5.7355271049619634e-05,5.669196055477048e-05,8.673617379884035e-18
0.03359818286283781,150.72845483229952,0.00012861306689658384,0.00012705378364156463,1.3877787807814457e-17
0.03359818286283781,176.06356735840254,0.0002851916501585821,0.00028138037704142707,1.5612511283791264e-17
0.03359818286283781,205.65711885957793,0.0006189936870328733,0.0006093729298601979,2.7755575615628914e-17
0.03359818286283781,240.22488679628626,0.0012955687112829704,0.0012718380500757742,4.85722573273506e-17
0.03359818286283781,280.60295970445543,0.002554129093881488,0.002501785669856156,6.245004513516506e-17
0.03359818286283781,327.76795961890105,0.004566352141520763,0.004469264610973259,5.898059818321144e-17
0.03359818286283781,382.86066357208045,0.0069978339329417605,0.00685019907018769,7.41594285980085e-17
0.03359818286283781,447.213595499958,0.008604992587319893,0.00842562380810108,8.066464163292153e-17
0.03359818286283781,522.3832559187591,0.008127691907823309,0.007956705091590244,7.979727989493313e-17
0.03359818286283781,610.1877689098774,0.005977006955832143,0.005845368304000509,8.673617379884035e-17
0.03359818286283781,712.7508569783073,0.003654564593523313,0.003566361195948331,2.680147770384167e-16
0.03359818286283781,832.5532074018732,0.002010373806883514,0.001954731225568107,2.0122792321330962e-16
0.03359818286283781,972.4924724660731,0.0010594054590343793,0.0010246350088369827,1.7694179454963432e-16
0.03359818286283781,1135.9533548066277,0.0005570409790148778,0.0005350485603448085,4.544975507059235e-16
0.03359818286283781,1326.889473009725,0.00029926707838490163,0.0002851071348610734,2.7755575615628914e-16
0.03359818286283781,1549.918987548337,0.0001663547258410336,0.00015706695710338003,1.6653345369377348e-16
0.03359818286283781,1810.4362999534146,9.619656264059362e-05,8.99890834704653e-05,3.191891195797325e-16
0.03359818286283781,2114.7425268811285,5.790750471623696e-05,5.36798545136552e-05,2.3592239273284576e-16
0.03359818286283781,2470.1979048446246,3.620250797775615e-05,3.327055080193375e-05,3.608224830031759e-16
0.03359818286283781,2885.3998118144273,2.3407905846539734e-05,2.134107251705597e-05,2.914335439641036e-16
0.03359818286283781,3370.3907114852836,1.5575226688491206e-05,1.409841258925848e-05,4.163336342344337e-16
0.03359818286283781,3936.9010497450113,1.0610375149822104e-05,9.544428466901067e-06,4.0245584642661925e-16
0.03359818286283781,4598.632978267703,7.365150681892807e-06,6.5907424066091735e-06,5.273559366969494e-16
0.03359818286283781,5371.591767636877,5.187765411251988e-06,4.62343444096458e-06,3.608224830031759e-16
0.03359818286283781,6274.472925867966,3.6950646091771233e-06,3.2838222261410976e-06,3.469446951953614e-16
0.03359818286283781,7329.114385542688,2.6539738557929127e-06,2.355058483560768e-06,3.7470027081099033e-16
0.03359818286283781,8561.024696578494,1.9180356339854043e-06,1.7017629322380046e-06,6.175615574477433e-16
0.03359818286283781,10000.0,1.3924370030338196e-06,1.236912695157244e-06,5.134781488891349e-16
0.05455594781168514,20.0,2.21335458183865e-08,2.18662337542197e-08,6.938893903907228e-18
0.05455594781168514,23.361689410840295,3.610507671650406e-08,3.567005817643352e-08,1.0408340855860843e-17
0.05455594781168514,27.288426606428374,6.196451755115283e-08,6.122003044523733e-08,1.0408340855860843e-17
0.05455594781168514,31.87518734449451,1.1163090879649199e-07,1.1029419385032201e-07,1.0408340855860843e-17
0.05455594781168514,37.23291133272139,2.103674308750591e-07,2.078584439704832e-07,6.938893903907228e-18
0.05455594781168514,43.49118552081964,4.1287444641901084e-07,4.079733874591345e-07,3.469446951953614e-18
0.05455594781168514,50.80137841233114,8.397339280826789e-07,8.298204408002468e-07,6.938893903907228e-18
0.05455594781168514,59.34030120557235,1.7605840868319708e-06,1.7399289174218832e-06,3.469446951953614e-18
0.05455594781168514,69.31448431551465,3.7846601124942375e-06,3.740557039809693e-06,1.0408340855860843e-17
0.05455594781168514,80.9651727125807,8.296926824600441e-06,8.200870216254182e-06,1.0408340855860843e-17
0.05455594781168514,94.5741609003176,1.8449940534866704e-05,1.8237317678827087e-05,1.0408340855860843e-17
0.05455594781168514,110.47060866220276,4.138895604211229e-05,4.091153918920633e-05,1.3877787807814457e-17
0.05455594781168514,129.0390024296432,9.312665040105031e-05,9.203798973783563e-05,7.806255641895632e-18
0.05455594781168514,150.72845483229952,0.0002088112024731096,0.00020627637163320948,1.1275702593849246e-17
0.05455594781168514,176.06356735840254,0.0004629510764487983,0.00045688051535179314,1.734723475976807e-17
0.05455594781168514,205.65711885957793,0.0010044616540580576,0.000989597379544599,3.122502256758253e-17
0.05455594781168514,240.22488679628626,0.0021008554089283933,0.0020652576081190976,4.5102810375396984e-17
0.05455594781168514,280.60295970445543,0.00413596215303641,0.004058686323732151,7.28583859910259e-17
0.05455594781168514,327.76795961890105,0.00737650941867124,0.007233426661335418,6.245004513516506e-17
0.05455594781168514,382.86066357208045,0.011263622380280086,0.011045547009354395,5.204170427930421e-17
0.05455594781168514,447.213595499958,0.013792635890429006,0.013528472854290152,7.26415455565288e-17
0.05455594781168514,522.3832559187591,0.012984751401800998,0.012735702923118986,7.45931094670027e-17
0.05455594781168514,610.1877689098774,0.009537782253731919,0.009349706914688283,8.326672684688674e-17
0.05455594781168514,712.7508569783073,0.005837291738463257,0.005714774386882504,1.8561541192951836e-16
0.05455594781168514,832.5532074018732,0.003218026943865082,0.003143485097892529,2.402592014227878e-16
0.05455594781168514,972.4924724660731,0.0017000310179121625,0.0016552720735641957,2.749536709423239e-16
0.05455594781168514,1135.9533548066277,0.0008959600491750264,0.0008687068894742689,4.40619762898109e-16
0.05455594781168514,1326.889473009725,0.000482288992858404,0.0004653044772804371,4.0245584642661925e-16
0.05455594781168514,1549.918987548337,0.0002685095570500451,0.0002576561416397505,6.314393452555578e-16
0.05455594781168514,1810.4362999534146,0.00015545702052022214,0.0001483483568960331,4.85722573273506e-16
0.05455594781168514,2114.7425268811285,9.366798004839527e-05,8.890101122316363e-05,2.914335439641036e-16
0.05455594781168514,2470.1979048446246,5.860136721103082e-05,5.5334475221546775e-05,6.38378239159465e-16
0.05455594781168514,2885.3998118144273,3.791183056489622e-05,3.5629973426765105e-05,2.636779683484747e-16
0.05455594781168514,3370.3907114852836,2.5236998860034277e-05,2.361816947149542e-05,3.7470027081099033e-16
0.05455594781168514,3936.9010497450113,1.7198333614132366e-05,1.6036374773986672e-05,4.440892098500626e-16
0.05455594781168514,4598.632978267703,1.1941537758408671e-05,1.1100997810431501e-05,4.0245584642661925e-16
0.05455594781168514,5371.591767636877,8.41316707400619e-06,7.80262077126892e-06,4.996003610813204e-16
0.05455594781168514,6274.472925867966,5.993552895655618e-06,5.549654909842161e-06,4.996003610813204e-16
0.05455594781168514,7329.114385542688,4.3055463589958265e-06,3.983364885939977e-06,3.8163916471489756e-16
0.05455594781168514,8561.024696578494,3.112049757780788e-06,2.8790988193527767e-06,6.245004513516506e-16
0.05455594781168514,10000.0,2.25951174415151e-06,2.091977696405678e-06,5.412337245047638e-16
0.08858667904100823,20.0,3.593993603699837e-08,3.5505082172194525e-08,6.938893903907228e-18
0.08858667904100823,23.361689410840295,5.8626581560770885e-08,5.7918685921284517e-08,6.938893903907228e-18
0.08858667904100823,27.288426606428374,1.0061653583760366e-07,9.94046010290993e-08,1.0408340855860843e-17
0.08858667904100823,31.87518734449451,1.8126365225137496e-07,1.7908669602842106e-07,6.938893903907228e-18
0.08858667904100823,37.23291133272139,3.4158966697329235e-07,3.375014752540024e-07,6.938893903907228e-18
0.08858667904100823,43.49118552081964,6.704156373799606e-07,6.624249645986822e-07,6.938893903907228e-18
0.08858667904100823,50.80137841233114,1.3635392408523224e-06,1.3473649875695858e-06,6.938893903907228e-18
0.08858667904100823,59.34030120557235,2.8587903061288132e-06,2.8250633144754353e-06,3.469446951953614e-18
0.08858667904100823,69.31448431551465,6.14541911078952e-06,6.0733398484446276e-06,6.938893903907228e-18
0.08858667904100823,80.9651727125807,1.3472241690825064e-05,1.3315105780616868e-05,6.938893903907228e-18
0.08858667904100823,94.5741609003176,2.9958015071509646e-05,2.9609923090392854e-05,6.938893903907228e-18
0.08858667904100823,110.47060866220276,6.720355888853403e-05,6.64218851143387e-05,6.938893903907228e-18
0.08858667904100823,129.0390024296432,0.00015120237690807703,0.00014942302647970415,1.0408340855860843e-17
0.08858667904100823,150.72845483229952,0.00033898974932045165,0.0003348709428793754,9.540979117872439e-18
0.08858667904100823,176.06356735840254,0.000751369543640976,0.0007416324471358074,1.9081958235744878e-17
0.08858667904100823,205.65711885957793,0.0016293208804711058,0.0016059626995768295,2.7755575615628914e-17
0.08858667904100823,240.22488679628626,0.0034038047346942185,0.003349074637475767,4.85722573273506e-17
0.08858667904100823,280.60295970445543,0.006686072789942599,0.006568962984259859,6.938893903907228e-17
0.08858667904100823,327.76795961890105,0.011878152975919001,0.011662624694704554,5.898059818321144e-17
0.08858667904100823,382.86066357208045,0.018032788854826426,0.01770593065707088,6.418476861114186e-17
0.08858667904100823,447.213595499958,0.02193495708558041,0.02154272613632957,7.22078646875346e-17
0.08858667904100823,522.3832559187591,0.020542795783877688,0.020177872214205417,7.26415455565288e-17
0.08858667904100823,610.1877689098774,0.015061933186889753,0.01479055836872023,1.231653667943533e-16
0.08858667904100823,712.7508569783073,0.009231967883508885,0.00905851040858252,2.0209528495129803e-16
0.08858667904100823,832.5532074018732,0.005106855533511534,0.00500391286289148,1.2836953722228372e-16
0.08858667904100823,972.4924724660731,0.002708552725147584,0.0026485755638546715,1.97758476261356e-16
0.08858667904100823,1135.9533548066277,0.0014327600575438915,0.00139738988444571,3.0531133177191805e-16
0.08858667904100823,1326.889473009725,0.0007736538975640084,0.0007522651201168351,2.42861286636753e-16
0.08858667904100823,1549.918987548337,0.00043180132666786886,0.0004184861669944695,6.661338147750939e-16
0.08858667904100823,1810.4362999534146,0.0002504844708385301,0.00024194961643375645,6.175615574477433e-16
0.08858667904100823,2114.7425268811285,0.00015115239917262713,0.0001455276506933112,3.885780586188048e-16
0.08858667904100823,2470.1979048446246,9.467523319006688e-05,9.087357817283426e-05,2.7755575615628914e-16
0.08858667904100823,2885.3998118144273,6.130503306367441e-05,5.8678836392322964e-05,4.579669976578771e-16
0.08858667904100823,3370.3907114852836,4.083834673829223e-05,3.8991557632983564e-05,2.0816681711721685e-16
0.08858667904100823,3936.9010497450113,2.784602762229138e-05,2.652966243232857e-05,3.885780586188048e-16
0.08858667904100823,4598.632978267703,1.934355364241469e-05,1.8396499335882055e-05,2.914335439641036e-16
0.08858667904100823,5371.591767636877,1.3633219023589938e-05,1.2948143712665505e-05,2.498001805406602e-16
0.08858667904100823,6274.472925867966,9.715338368687654e-06,9.218724135728884e-06,1.6653345369377348e-16
0.08858667904100823,7329.114385542688,6.980945134626992e-06,6.621172660925545e-06,2.498001805406602e-16
0.08858667904100823,8561.024696578494,5.0469255639118416e-06,4.787008039408569e-06,6.245004513516506e-16
0.08858667904100823,10000.0,3.665006381492475e-06,3.478042210791621e-06,7.494005416219807e-16
0.14384498882876628,20.0,5.8358429986230973e-08,5.765152563623325e-08,6.938893903907228e-18
0.14384498882876628,23.361689410840295,9.519647369216544e-08,9.404548654960189e-08,6.938893903907228e-18
0.14384498882876628,27.288426606428374,1.6337877355220107e-07,1.614078079846342e-07,6.938893903907228e-18
0.14384498882876628,31.87518734449451,2.9433164727357556e-07,2.90790326640814e-07,1.0408340855860843e-17
0.14384498882876628,37.23291133272139,5.546651605579218e-07,5.480126921946892e-07,1.3877787807814457e-17
0.14384498882876628,43.49118552081964,1.088604566329887e-06,1.0755970481643928e-06,1.0408340855860843e-17
0.14384498882876628,50.80137841233114,2.214080194516666e-06,2.1877398453466193e-06,1.0408340855860843e-17
0.14384498882876628,59.34030120557235,4.642023539677979e-06,4.587070784430199e-06,6.938893903907228e-18
0.14384498882876628,69.31448431551465,9.978725468984587e-06,9.861218924310218e-06,3.469446951953614e-18
0.14384498882876628,80.9651727125807,2.1875609226077656e-05,2.1619293246675597e-05,3.469446951953614e-18
0.14384498882876628,94.5741609003176,4.864362728447069e-05,4.807555947785485e-05,4.7704895589362195e-18
0.14384498882876628,110.47060866220276,0.00010911602191432542,0.00010784028573477384,6.938893903907228e-18
0.14384498882876628,129.0390024296432,0.00024548064806172035,0.00024257973123443556,8.673617379884035e-18
0.14384498882876628,150.72845483229952,0.000550251222180559,0.000543560663408603,1.5612511283791264e-17
0.14384498882876628,176.06356735840254,0.0012191091288330054,0.0012034239074497242,3.122502256758253e-17
0.14384498882876628,205.65711885957793,0.002641179799310148,0.002604083514438601,3.8163916471489756e-17
0.14384498882876628,240.22488679628626,0.005507299576253413,0.0054218615084154,4.85722573273506e-17
0.14384498882876628,280.60295970445543,0.010778866314335167,0.010598747670091092,7.632783294297951e-17
0.14384498882876628,327.76795961890105,0.01902949653167868,0.01870199174532304,6.765421556309548e-17
0.14384498882876628,382.86066357208045,0.028624686815818867,0.028135017538446355,5.117434254131581e-17
0.14384498882876628,447.213595499958,0.034455235375099036,0.033878231635129874,7.632783294297951e-17
0.14384498882876628,522.3832559187591,0.03200731362491066,0.03147995086145089,5.377642775528102e-17
0.14384498882876628,610.1877689098774,0.023401414664157905,0.023014374918268743,1.1102230246251565e-16
0.14384498882876628,712.7508569783073,0.014376793689168998,0.014131923006060032,1.3357370765021415e-16
0.14384498882876628,832.5532074018732,0.007995125529664526,0.007851555092569629,1.734723475976807e-16
0.14384498882876628,972.4924724660731,0.004266739119158536,0.0041844923166868275,1.3183898417423734e-16
0.14384498882876628,1135.9533548066277,0.00227017951316677,0.0022226822986297634,2.498001805406602e-16
0.14384498882876628,1326.889473009725,0.0012319138208563007,0.0012038305733736987,2.498001805406602e-16
0.14384498882876628,1549.918987548337,0.0006903120099133186,0.0006732035716174867,2.498001805406602e-16
0.14384498882876628,1810.4362999534146,0.00040169397928124795,0.0003909381606074236,7.771561172376096e-16
0.14384498882876628,2114.7425268811285,0.00024298390000732084,0.0002360124529395824,2.7755575615628914e-16
0.14384498882876628,2470.1979048446246,0.00015247907055304655,0.00014783257066608435,3.191891195797325e-16
0.14384498882876628,2885.3998118144273,9.887864086599585e-05,9.570578410722508e-05,5.412337245047638e-16
0.14384498882876628,3370.3907114852836,6.594364871992386e-05,6.373357045730277e-05,6.522560269672795e-16
0.14384498882876628,3936.9010497450113,4.500553979858157e-05,4.344235108033612e-05,6.800116025829084e-16
0.14384498882876628,4598.632978267703,3.1286774788252814e-05,3.0169032619209446e-05,2.0816681711721685e-16
0.14384498882876628,5371.591767636877,2.206410894611821e-05,2.1259360036274266e-05,4.371503159461554e-16
0.14384498882876628,6274.472925867966,1.573127347453962e-05,1.514986922468431e-05,6.522560269672795e-16
0.14384498882876628,7329.114385542688,1.1308424682887619e-05,1.0888105290152161e-05,3.469446951953614e-16
0.14384498882876628,8561.024696578494,8.178388072543896e-06,7.874984970124288e-06,8.187894806610529e-16
0.14384498882876628,10000.0,5.940798203485365e-06,5.722470315605577e-06,4.0245584642661925e-16
0.23357214690901212,20.0,9.476105545589537e-08,9.361240183844216e-08,1.3877787807814457e-17
0.23357214690901212,23.361689410840295,1.5457780448932556e-07,1.5270733562359356e-07,3.469446951953614e-18
0.23357214690901212,27.288426606428374,2.652906075612069e-07,2.6208714536745206e-07,1.3877787807814457e-17
0.23357214690901212,31.87518734449451,4.779287376635187e-07,4.721719933968788e-07,6.938893903907228e-18
0.23357214690901212,37.23291133272139,9.006518715531779e-07,8.898355888373915e-07,6.938893903907228e-18
0.23357214690901212,43.49118552081964,1.7676487922354427e-06,1.7464950310935434e-06,6.938893903907228e-18
0.23357214690901212,50.80137841233114,3.5951637245276507e-06,3.5523158797995673e-06,6.938893903907228e-18
0.23357214690901212,59.34030120557235,7.537573825774988e-06,7.448155056819503e-06,1.0408340855860843e-17
0.23357214690901212,69.31448431551465,1.620305583886273e-05,1.6011785012875145e-05,6.938893903907228e-18
0.23357214690901212,80.9651727125807,3.5520305333304686e-05,3.510294064667163e-05,1.0408340855860843e-17
0.23357214690901212,94.5741609003176,7.898243383404888e-05,7.805716336753464e-05,3.469446951953614e-18
0.23357214690901212,110.47060866220276,0.000177160144569873,0.00017508211706185892,6.938893903907228e-18
0.23357214690901212,129.0390024296432,0.00039850493726265707,0.0003937827485463075,9.540979117872439e-18
0.23357214690901212,150.72845483229952,0.0008929781098505813,0.0008821123868724373,1.214306433183765e-17
0.23357214690901212,176.06356735840254,0.0019770677342528208,0.0019517391177465001,2.7755575615628914e-17
0.23357214690901212,205.65711885957793,0.004276935092966137,0.004217675142382863,3.8163916471489756e-17
0.23357214690901212,240.22488679628626,0.00889103958895707,0.008756669941673723,5.551115123125783e-17
0.23357214690901212,280.60295970445543,0.01730049723347537,0.017022302521982426,4.85722573273506e-17
0.23357214690901212,327.76795961890105,0.030239205400035565,0.029743811897649658,6.331740687315346e-17
0.23357214690901212,382.86066357208045,0.04483222324189151,0.04411105955644498,5.724587470723463e-17
0.23357214690901212,447.213595499958,0.0530946268519904,0.05227057109667971,7.37257477290143e-17
0.23357214690901212,522.3832559187591,0.04871563699164139,0.04798152336546302,9.540979117872439e-17
0.23357214690901212,610.1877689098774,0.03546553431292132,0.03493370806530671,8.239936510889834e-17
0.23357214690901212,712.7508569783073,0.021864797706921957,0.021529052730859255,1.6132928326584306e-16
0.23357214690901212,832.5532074018732,0.01225766870356182,0.012060585848214456,2.480654570646834e-16
0.23357214690901212,972.4924724660731,0.006603866415573645,0.006491143713057812,1.1796119636642288e-16
0.23357214690901212,1135.9533548066277,0.003545494640224689,0.003480817703913064,1.249000902703301e-16
0.23357214690901212,1326.889473009725,0.0019388830267419443,0.001901041886779975,1.5265566588595902e-16
0.23357214690901212,1549.918987548337,0.0010932946275313826,0.0010705315063086474,4.2327252813834093e-16
0.23357214690901212,1810.4362999534146,0.0006393380675788762,0.0006252135411637383,8.049116928532385e-16
0.23357214690901212,2114.7425268811285,0.0003882226103300024,0.00037918118053537064,3.7470027081099033e-16
0.23357214690901212,2470.1979048446246,0.00024434866616696027,0.00023839021945648575,1.1102230246251565e-16
0.23357214690901212,2885.3998118144273,0.00015882386538856874,0.00015479533928342004,5.134781488891349e-16
0.23357214690901212,3370.3907114852836,0.00010611745597055577,0.00010333517153160443,2.0816681711721685e-16
0.23357214690901212,3936.9010497450113,7.253040004051581e-05,7.057650726205456e-05,3.885780586188048e-16
0.23357214690901212,4598.632978267703,5.0481640007982165e-05,4.909262231289624e-05,5.828670879282072e-16
0.23357214690901212,5371.591767636877,3.563560037578295e-05,3.464002613606798e-05,3.469446951953614e-16
0.23357214690901212,6274.472925867966,2.542808002659047e-05,2.4711105153452095e-05,5.273559366969494e-16
0.23357214690901212,7329.114385542688,1.8291353793276066e-05,1.777400554303643e-05,8.187894806610529e-16
0.23357214690901212,8561.024696578494,1.3236062112009783e-05,1.2862838060678783e-05,3.8163916471489756e-16
0.23357214690901212,10000.0,9.619334958577141e-06,9.350567438892732e-06,7.424616477180734e-16
0.3792690190732246,20.0,1.5387078262357593e-07,1.520048267766817e-07,6.938893903907228e-18
0.3792690190732246,23.361689410840295,2.509998033925617e-07,2.4796105672008576e-07,6.938893903907228e-18
0.3792690190732246,27.288426606428374,4.3077260006174774e-07,4.255678381572968e-07,1.0408340855860843e-17
0.3792690190732246,31.87518734449451,7.760491854568081e-07,7.666950866557127e-07,1.734723475976807e-17
0.3792690190732246,37.23291133272139,1.4624562033730727e-06,1.4448788115898736e-06,6.938893903907228e-18
0.3792690190732246,43.49118552081964,2.8702617693651677e-06,2.8358803121885648e-06,1.0408340855860843e-17
0.3792690190732246,50.80137841233114,5.837721624782897e-06,5.76806922546766e-06,1.734723475976807e-17
0.3792690190732246,59.34030120557235,1.2239242075148327e-05,1.2093857898467998e-05,6.938893903907228e-18
0.3792690190732246,69.31448431551465,2.6309706276307805e-05,2.5998657365910462e-05,6.938893903907228e-18
0.3792690190732246,80.9651727125807,5.767493613295519e-05,5.699605795534931e-05,6.938893903907228e-18
0.3792690190732246,94.5741609003176,0.0001282394076867027,0.00012673409107409248,1.3877787807814457e-17
0.3792690190732246,110.47060866220276,0.00028761602945496373,0.0002842351465206076,1.0408340855860843e-17
0.3792690190732246,129.0390024296432,0.0006468173452455061,0.0006391375924534465,1.3877787807814457e-17
0.3792690190732246,150.72845483229952,0.0014486619086890532,0.001431019039341972,1.1275702593849246e-17
0.3792690190732246,176.06356735840254,0.0032037608642880603,0.0031628152184391906,2.42861286636753e-17
0.3792690190732246,205.65711885957793,0.006913990655008988,0.006819126225114507,3.8163916471489756e-17
0.3792690190732246,240.22488679628626,0.014302770139268645,0.014091342809059316,5.551115123125783e-17
0.3792690190732246,280.60295970445543,0.027572970059073026,0.027146008037820656,5.551115123125783e-17
0.3792690190732246,327.76795961890105,0.04744022254939079,0.046705223768902585,7.806255641895632e-17
0.3792690190732246,382.86066357208045,0.06877715236487131,0.06775372366365412,7.28583859910259e-17
0.3792690190732246,447.213595499958,0.0794835530648294,0.07836988252909077,8.109832250191573e-17
0.3792690190732246,522.3832559187591,0.07161046581242347,0.07065516689698448,4.85722573273506e-17
0.3792690190732246,610.1877689098774,0.05181045499056913,0.05112869247676777,1.5092094240998222e-16
0.3792690190732246,712.7508569783073,0.032104362475842474,0.03167152563859543,2.5760643618255585e-16
0.3792690190732246,832.5532074018732,0.018211974283204646,0.017953938481528153,3.0704605524789486e-16
0.3792690190732246,972.4924724660731,0.00995108648586518,0.00980119221194553,1.4224732503009818e-16
0.3792690190732246,1135.9533548066277,0.005415683343841238,0.005328757548070162,5.100087019371813e-16
0.3792690190732246,1326.889473009725,0.00299679541571507,0.0029456910774636746,4.3021142204224816e-16
0.3792690190732246,1549.918987548337,0.001706281222948025,0.001675537845420183,5.689893001203927e-16
0.3792690190732246,1810.4362999534146,0.0010055199640629509,0.0009865026867476034,7.771561172376096e-16
0.3792690190732246,2114.7425268811285,0.00061427805592007,0.0006021635372291945,2.914335439641036e-16
0.3792690190732246,2470.1979048446246,0.0003884592983244284,0.0003805201436130057,3.608224830031759e-16
0.3792690190732246,2885.3998118144273,0.00025343260668619916,0.0002480953213270798,4.0245584642661925e-16
0.3792690190732246,3370.3907114852836,0.00016982861193148846,0.00016616215026954428,4.0245584642661925e-16
0.3792690190732246,3936.9010497450113,0.00011635058168790735,0.00011378804473038961,3.469446951953614e-16
0.3792690190732246,4598.632978267703,8.113600996839665e-05,7.932161414092587e-05,8.326672684688674e-17
0.3792690190732246,5371.591767636877,5.736503560249684e-05,5.606862476603691e-05,2.914335439641036e-16
0.3792690190732246,6274.472925867966,4.098673287511456e-05,4.005508004001346e-05,3.7470027081099033e-16
0.3792690190732246,7329.114385542688,2.9515454829098786e-05,2.8843889732788064e-05,5.48172618408671e-16
0.3792690190732246,8561.024696578494,2.1377725117566193e-05,2.089318192333156e-05,5.759281940243e-16
0.3792690190732246,10000.0,1.554839347917003e-05,1.5198995134690918e-05,1.3877787807814457e-16
0.615848211066026,20.0,2.498517580985045e-07,2.4682106345580174e-07,1.3877787807814457e-17
0.615848211066026,23.361689410840295,4.0756753700259404e-07,4.0263176768229087e-07,1.3877787807814457e-17
0.615848211066026,27.288426606428374,6.994782177357573e-07,6.910237909667661e-07,3.469446951953614e-18
0.615848211066026,31.87518734449451,1.2601296092688721e-06,1.2449342067696314e-06,6.938893903907228e-18
0.615848211066026,37.23291133272139,2.37469879045668e-06,2.3461428560293818e-06,6.938893903907228e-18
0.615848211066026,43.49118552081964,4.660650526568404e-06,4.6047902016133025e-06,1.3877787807814457e-17
0.615848211066026,50.80137841233114,9.47909962064822e-06,9.365922431830032e-06,6.938893903907228e-18
0.615848211066026,59.34030120557235,1.9873546180405053e-05,1.9637285896227403e-05,6.938893903907228e-18
0.615848211066026,69.31448431551465,4.2719931886571905e-05,4.22143865342323e-05,1.0408340855860843e-17
0.615848211066026,80.9651727125807,9.364565832947064e-05,9.25421240184673e-05,6.938893903907228e-18
0.615848211066026,94.5741609003176,0.00020820466881599263,0.00020575741221436409,6.938893903907228e-18
0.615848211066026,110.47060866220276,0.0004668858700611041,0.0004613891559181115,1.0408340855860843e-17
0.615848211066026,129.0390024296432,0.0010495870304646597,0.0010371044055270014,1.0408340855860843e-17
0.615848211066026,150.72845483229952,0.0023487902719679346,0.0023201504176449087,1.3877787807814457e-17
0.615848211066026,176.06356735840254,0.005184984936545609,0.005118798817498471,2.42861286636753e-17
0.615848211066026,205.65711885957793,0.011146366680360262,0.01099471819204133,4.85722573273506e-17
0.615848211066026,240.22488679628626,0.02287760508591703,0.02254712814146051,6.245004513516506e-17
0.615848211066026,280.60295970445543,0.04345796593663034,0.04281451921839273,6.245004513516506e-17
0.615848211066026,327.76795961890105,0.07296448533068974,0.07191413057169398,8.673617379884035e-17
0.615848211066026,382.86066357208045,0.10228073140736202,0.10091710330594625,6.591949208711867e-17
0.615848211066026,447.213595499958,0.11408314475108522,0.11270653288429533,7.719519468096792e-17
0.615848211066026,522.3832559187591,0.1001834866133744,0.09906711366431831,7.762887554996212e-17
0.615848211066026,610.1877689098774,0.07186419159057389,0.07108294320705089,1.3183898417423734e-16
0.615848211066026,712.7508569783073,0.044844102780545736,0.044341060645271435,2.2898349882893854e-16
0.615848211066026,832.5532074018732,0.02586196737440516,0.02555230536798192,2.1163626406917047e-16
0.615848211066026,972.4924724660731,0.014417316297290816,0.014230934292851272,1.0408340855860843e-16
0.615848211066026,1135.9533548066277,0.00800275534804229,0.007891289132863522,1.8041124150158794e-16
0.615848211066026,1326.889473009725,0.00450647275449767,0.004439393323829699,5.759281940243e-16
0.615848211066026,1549.918987548337,0.0026035540388799072,0.002562546389410114,4.718447854656915e-16
0.615848211066026,1810.4362999534146,0.001552450319920573,0.0015268238524070998,4.579669976578771e-16
0.615848211066026,2114.7425268811285,0.0009572935236310531,0.0009408721699554201,3.608224830031759e-16
0.615848211066026,2470.1979048446246,0.0006098498784155026,0.0005990561509535697,7.771561172376096e-16
0.615848211066026,2885.3998118144273,0.0004001927056503929,0.0003929282482419971,6.245004513516506e-16
0.615848211066026,3370.3907114852836,0.0002694226685392431,0.000264432177110141,6.938893903907228e-16
0.615848211066026,3936.9010497450113,0.00018527493106379467,0.0001817887305827215,5.967448757360216e-16
0.615848211066026,4598.632978267703,0.00012959426285641396,0.0001271273504355186,6.38378239159465e-16
0.615848211066026,5371.591767636877,9.185652388055132e-05,9.009457284614442e-05,3.191891195797325e-16
0.615848211066026,6274.472925867966,6.576775015387781e-05,6.450146991243688e-05,9.853229343548264e-16
0.615848211066026,7329.114385542688,4.7443792660750717e-05,4.653038596114101e-05,2.914335439641036e-16
0.615848211066026,8561.024696578494,3.441380757540635e-05,3.3753805404379555e-05,6.591949208711867e-16
0.615848211066026,10000.0,2.5061116463831468e-05,2.458408237693277e-05,5.967448757360216e-16
1.0,20.0,4.057033687218886e-07,4.007813979994563e-07,6.938893903907228e-18
1.0,23.361689410840295,6.61798408627866e-07,6.537822972161103e-07,6.938893903907228e-18
1.0,27.288426606428374,1.1357956418390157e-06,1.1220644823599292e-06,6.938893903907228e-18
1.0,31.87518734449451,2.0461664939972054e-06,2.0214861102979293e-06,3.469446951953614e-18
1.0,37.23291133272139,3.855971233414368e-06,3.8095885677982486e-06,6.938893903907228e-18
1.0,43.49118552081964,7.567819608322065e-06,7.477082285117667e-06,6.938893903907228e-18
1.0,50.80137841233114,1.53917912815048e-05,1.5207939085102695e-05,1.0408340855860843e-17
1.0,59.34030120557235,3.226954179673348e-05,3.188571695098339e-05,1.0408340855860843e-17
1.0,69.31448431551465,6.936458080056696e-05,6.854320727557627e-05,1.3877787807814457e-17
1.0,80.9651727125807,0.00015204498018117412,0.00015025185585068016,5.204170427930421e-18
1.0,94.5741609003176,0.00033800541559084977,0.0003340284678173546,4.7704895589362195e-18
1.0,110.47060866220276,0.0007577538778557023,0.000748820835211636,6.071532165918825e-18
1.0,129.0390024296432,0.0017024522508266252,0.0016821702579057096,1.3877787807814457e-17
1.0,150.72845483229952,0.0038046783226822955,0.003758207055765854,2.949029909160572e-17
1.0,176.06356735840254,0.008374217930820015,0.00826738925816645,4.5102810375396984e-17
1.0,205.65711885957793,0.01789051809592538,0.017649424056432647,4.85722573273506e-17
1.0,240.22488679628626,0.03626304037900755,0.03575429532203748,6.938893903907228e-17
1.0,280.60295970445543,0.06731651328549092,0.06637856523020633,7.806255641895632e-17
1.0,327.76795961890105,0.1089193288565446,0.10750775122928755,7.632783294297951e-17
1.0,382.86066357208045,0.14543287075586955,0.143785857001065,7.45931094670027e-17
1.0,447.213595499958,0.1544898370819789,0.15300560417573428,7.632783294297951e-17
1.0,522.3832559187591,0.13115339614233557,0.13004798672129347,9.71445146547012e-17
1.0,610.1877689098774,0.09304222008486074,0.09229039763911451,1.0928757898653885e-16
1.0,712.7508569783073,0.05858788948260485,0.058091389596683585,1.700029006457271e-16
1.0,832.5532074018732,0.034526528841558934,0.034203767647301375,1.8561541192951836e-16
1.0,972.4924724660731,0.019772502199088438,0.01956595658107363,2.949029909160572e-16
1.0,1135.9533548066277,0.011277951388231955,0.011147316988787681,3.400058012914542e-16
1.0,1326.889473009725,0.006509833489750205,0.006427503886483055,3.7470027081099033e-16
1.0,1549.918987548337,0.0038412977879374033,0.0037891257529665268,2.498001805406602e-16
1.0,1810.4362999534146,0.002330682155086361,0.0022971874694796,5.273559366969494e-16
1.0,2114.7425268811285,0.0014574752523914825,0.0014355825671316103,4.85722573273506e-16
1.0,2470.1979048446246,0.0009389637446122201,0.0009243651773381822,3.469446951953614e-16
1.0,2885.3998118144273,0.0006217121460685426,0.000611783853184722,6.245004513516506e-16
1.0,3370.3907114852836,0.00042158632520683526,0.00041471351910327137,5.828670879282072e-16
1.0,3936.9010497450113,0.00029161555223367053,0.00028678681169258535,2.220446049250313e-16
1.0,4598.632978267703,0.00020495708653023303,0.0002015247563996736,9.71445146547012e-17
1.0,5371.591767636877,0.00014585163035185644,0.00014339087767289982,2.914335439641036e-16
1.0,6274.472925867966,0.00010477405497233416,0.0001029994674502932,2.7755575615628914e-16
1.0,7329.114385542688,7.579330292450948e-05,7.450887608606571e-05,4.649058915617843e-16
1.0,8561.024696578494,5.510719902479533e-05,5.4175770697661996e-05,3.2612801348363973e-16
1.0,10000.0,4.02111335808808e-05,3.953526265121354e-05,3.400058012914542e-16
