top,bottom,logmid,h
2.943479223049220828e+00,5.120722929088561415e-01,-6.242257295516376869e-01,2.077192927426655178e+00
2.930271318951378046e+00,5.324968783563240882e-01,-5.452775458390137775e-01,2.289425790054798071e+00
2.974138722957690550e+00,3.877619960371661567e-01,-5.735138374960492280e-01,1.913261954298203671e+00
2.997085351357793304e+00,4.629251552114828638e-01,-5.721749689620000412e-01,1.950423153104626550e+00
2.914785849756447611e+00,4.743619131885329909e-01,-5.872497105535289252e-01,1.991027428218504980e+00
2.970845725085413669e+00,3.930902735601891629e-01,-5.426501555475140570e-01,2.144164964211869862e+00
2.995258476785469970e+00,4.223171980384722302e-01,-5.695601364934692601e-01,1.884803933476762117e+00
2.926871388520909001e+00,3.826361719959696095e-01,-4.901137051229055852e-01,2.043126992091091942e+00
2.962055247321119467e+00,3.230276043383268902e-01,-5.098349907191420671e-01,1.808566562847145232e+00
2.999998999999999416e+00,5.098457170734943533e-01,-6.324193458905472687e-01,2.175524046729430339e+00
2.999998999999999416e+00,4.703114576922248213e-01,-5.966830553320927599e-01,2.011923246096339213e+00
2.999998999999999416e+00,4.437448818139215767e-01,-6.027357978200975630e-01,2.045438837712453495e+00
2.908384487934813745e+00,4.685381313622570820e-01,-5.309340590424779238e-01,2.370067512796821596e+00
2.946754900207628314e+00,4.457594539221060304e-01,-5.403579117056722669e-01,2.043325468525757582e+00
2.999649507724994280e+00,4.806839552306360619e-01,-6.643331952316304800e-01,1.813849131810089998e+00
2.999998999999999416e+00,4.039460422261710315e-01,-5.790385826800946711e-01,1.945280307990367996e+00
2.999998999999999416e+00,3.557149111583795542e-01,-5.747041280885570869e-01,1.773511178799980659e+00
2.999998999999999416e+00,4.380716969472032707e-01,-6.283886175555503106e-01,1.904571870476661433e+00
2.999998999999999416e+00,4.247986010424026904e-01,-5.993144762020166105e-01,1.862899083448547044e+00
2.961459007801495513e+00,3.545356631201006525e-01,-5.574982769361511714e-01,1.874498991577802087e+00
2.967435169734212952e+00,3.462455571403622590e-01,-5.211992650190142573e-01,2.121799237843387420e+00
2.994118021746617675e+00,4.366226601810717090e-01,-6.061643050184746251e-01,1.910601717377335529e+00
2.897505217793374666e+00,4.490500304969086143e-01,-5.166609686029405291e-01,2.187649755342190971e+00
2.999998999999999416e+00,4.527758329964944872e-01,-5.442973750452525517e-01,1.811713565723042318e+00
2.954629106921011328e+00,5.912887439942423606e-01,-6.206157151476625611e-01,2.250845578811600856e+00
2.999998999999999416e+00,5.231308785362362990e-01,-5.939267852493831379e-01,2.074386079984648745e+00
2.904089119684108322e+00,4.263915517136772637e-01,-5.546595604030712945e-01,1.929345463198244737e+00
2.953019515045987919e+00,3.906189961500611263e-01,-5.052778591945586983e-01,2.002243900388280373e+00
2.985751782555025713e+00,4.630307231630881315e-01,-5.886658385940343186e-01,2.028021890784170722e+00
2.999998999999999416e+00,4.365617669668362955e-01,-5.522164914809858383e-01,2.027146446553616865e+00
2.948177187559277268e+00,4.129597563853839581e-01,-5.921229638818494845e-01,1.954354266590193401e+00
2.931435479433726954e+00,4.120920257117201002e-01,-5.679973647024291195e-01,1.862672026396828162e+00
2.996624559915339603e+00,4.099797412171408140e-01,-5.861401966280660458e-01,1.957511913988006835e+00
2.969025662318690362e+00,4.919771353652182544e-01,-6.210174692241944294e-01,2.065681020020535996e+00
2.969609489054505502e+00,4.292859379916607598e-01,-5.543114590697119093e-01,1.970456233527686951e+00
2.892861755800999468e+00,6.001675180402615828e-01,-6.236328377835903547e-01,2.495991698469409936e+00
2.999998999999999416e+00,4.818747003417264696e-01,-6.204108234462581972e-01,1.835025699512397468e+00
2.971696637030458277e+00,4.749468390168553600e-01,-5.879961459468714402e-01,2.046091964501875360e+00
2.999998999999999416e+00,5.131941390600052166e-01,-6.495000370736733197e-01,1.939364189046855147e+00
2.994058102341563998e+00,3.849431388742259319e-01,-5.855445358378201792e-01,1.823243662699034262e+00
2.960553571029976183e+00,4.112326392915020556e-01,-5.320670906358068164e-01,1.958930205692952287e+00
2.999998999999999416e+00,4.432756680649626579e-01,-5.955085006082369015e-01,1.786869544745027572e+00
2.999998999999999416e+00,4.353304248663933396e-01,-6.046690118559489013e-01,1.902789897851152823e+00
2.898408779534095370e+00,5.188487444240228452e-01,-6.536239067914161316e-01,2.208043817546810228e+00
2.999998999999999416e+00,4.618232946832930286e-01,-6.401145442693925158e-01,2.074930405944313883e+00
2.974140630103964344e+00,4.351079236144298479e-01,-5.525608015134209072e-01,1.986666286428370398e+00
2.916237930213712914e+00,3.766994756741591233e-01,-5.221546801422712880e-01,1.986708027859215520e+00
2.957017864723726408e+00,5.146716392987720212e-01,-5.905285921887848399e-01,2.170413367869626686e+00
2.995639089034154878e+00,5.538827669714064816e-01,-6.012829568041685446e-01,2.339462110871256328e+00
2.938074905770308387e+00,4.819356805275992750e-01,-6.033847941305051643e-01,1.957501446167259296e+00
2.960471268721737825e+00,5.017540690308827100e-01,-5.934593769047012968e-01,2.133934210232391937e+00
2.966602181818683182e+00,4.614423677140860880e-01,-5.851441413055780139e-01,2.005018708668588889e+00
2.999998999999999416e+00,4.901506294335291058e-01,-6.868410591967092360e-01,1.846246376447964632e+00
2.949920543368688364e+00,4.293898451779441516e-01,-4.444148503929585825e-01,2.312369678242203186e+00
2.930879391465811779e+00,4.905391918724218425e-01,-5.691738822520120422e-01,2.110025945599296904e+00
2.953362390101359036e+00,4.186445551087732975e-01,-5.403899712883780682e-01,2.160356941834355560e+00
2.999998999999999416e+00,4.851095500063165034e-01,-5.971706500671101203e-01,1.799662092800409452e+00
2.904306534860761513e+00,5.034705102272057919e-01,-6.096336580843846331e-01,2.284951435698343136e+00
2.949678108969489898e+00,4.056549402878431021e-01,-5.232187375026600140e-01,2.005341996278863004e+00
2.970163809940165933e+00,3.816688749248537960e-01,-5.276310388591514133e-01,1.940106378675487964e+00
2.999998999999999416e+00,5.159727588070851523e-01,-6.056853825618142562e-01,2.028821576455693165e+00
2.999998999999999416e+00,5.113022714565054194e-01,-6.406735476750353708e-01,2.070228949056300838e+00
2.857225709686947113e+00,3.503636042115835791e-01,-5.282617188936185038e-01,1.903042395902303952e+00
2.941274190457967563e+00,5.047942736241961548e-01,-5.852732376153972904e-01,2.243262600204544377e+00
2.988642388041639730e+00,4.785937051105171869e-01,-6.405942448962351765e-01,1.980847487605619905e+00
2.997444684360651479e+00,4.171005262299364302e-01,-5.734170588538374247e-01,2.072245838273035545e+00
2.981620107856358004e+00,4.853497496744247353e-01,-6.272781424571663988e-01,2.000546116933500151e+00
2.969111486821002899e+00,4.048965754044241416e-01,-5.124031258929024890e-01,2.056369836464990719e+00
2.981281195572433873e+00,5.257892867124497327e-01,-6.411488758272900768e-01,1.953556334779074533e+00
2.921717654960567234e+00,4.765324112871364703e-01,-5.602335828712294852e-01,2.105588781891369887e+00
2.934560750321494105e+00,4.858354817624459532e-01,-6.390851485655268949e-01,2.282715497404506966e+00
2.924887893972651476e+00,4.370578568667729535e-01,-5.534842947072018404e-01,2.040703265198968719e+00
2.897197959778077259e+00,4.916086499407656407e-01,-5.778914681321369873e-01,2.173144811269140941e+00
2.964662523283935869e+00,4.431519020870834935e-01,-5.515530433707772628e-01,1.900109380887635258e+00
2.994411342662181230e+00,4.097580528655797583e-01,-6.093703251527264886e-01,1.905038646104430411e+00
2.994522263480288604e+00,3.906851797353688704e-01,-5.694458621037297164e-01,1.774510828193638812e+00
2.999998999999999416e+00,4.283641284896118062e-01,-5.362744525527112227e-01,1.960108643482638691e+00
2.999998999999999416e+00,5.070500209746284792e-01,-6.137486645188680034e-01,2.192574036726048003e+00
2.989027847151507711e+00,5.265578918361729643e-01,-6.703414482315890321e-01,2.013877490798178460e+00
2.964494343007167743e+00,4.196955374958054041e-01,-5.723214118252597515e-01,1.986483218950165330e+00
2.901820060404667778e+00,5.263750932605091304e-01,-5.442006431897367102e-01,2.242556684133847344e+00
2.890035981140922861e+00,5.176351653125323971e-01,-5.426135804257180562e-01,2.165558959332318789e+00
2.856905438983788237e+00,4.413515247234651162e-01,-5.387989767154937049e-01,2.052174686951806937e+00
2.946989409175232666e+00,3.773619788090152305e-01,-5.394909961574940738e-01,1.977428930493400738e+00
2.999998999999999416e+00,5.252097788931172628e-01,-6.063524176660568532e-01,1.927671754477680466e+00
2.893513194731371030e+00,4.274430597135112642e-01,-5.398308696160633025e-01,2.002564666123784587e+00
2.976886921978971756e+00,4.728906516116378467e-01,-5.732291183917760380e-01,2.088400333434365042e+00
2.999998999999999416e+00,4.793979767994764329e-01,-6.010562386891663555e-01,2.056435635624311420e+00
2.999448425654217321e+00,4.399400680904441696e-01,-6.008218533260279992e-01,1.852800864390742097e+00
2.999998999999999416e+00,4.849337631071369281e-01,-6.357033611944069573e-01,1.904977440071158101e+00
2.976060086338315536e+00,4.910119553134370540e-01,-5.937530934819403861e-01,2.133553698834778523e+00
2.888504974527023705e+00,5.194872585402253717e-01,-5.534003344609602637e-01,2.283203779608169004e+00
2.999998999999999416e+00,5.185870709057811556e-01,-6.826330732530769829e-01,2.092118518842023711e+00
2.958702980216338041e+00,4.217932941620895493e-01,-5.424939334513327882e-01,1.877679172555423381e+00
2.981071168285407413e+00,3.936050186671433138e-01,-5.362768530140269441e-01,2.103208241082971330e+00
2.889566719191163813e+00,5.072977011450053864e-01,-5.670085961202074865e-01,2.198174511811133769e+00
2.884189366223526285e+00,5.205891082558146143e-01,-5.623957371679657591e-01,2.267527872735660033e+00
2.999998999999999416e+00,4.702974117813201183e-01,-6.055617851095750348e-01,1.898895365393246104e+00
2.975320141568885024e+00,4.732279292219068179e-01,-6.175090023654180582e-01,2.055206763354369137e+00
2.999998999999999416e+00,5.039568346415153055e-01,-6.059684247928948109e-01,2.027145490687257912e+00
2.947616596457145466e+00,4.400887714199459566e-01,-5.774877587084134012e-01,1.827202983484021548e+00
2.941148005615753735e+00,5.070429050113194336e-01,-5.952888050842443102e-01,2.122324893743197993e+00
2.954938875827713751e+00,4.941157057551479603e-01,-5.983643067606269073e-01,2.198776438026975644e+00
2.965795139768871991e+00,4.032494928230733189e-01,-5.543639776049150703e-01,1.780759131628493863e+00
2.940928004499561155e+00,5.127186477470747628e-01,-5.783485599781816866e-01,2.215952316278528400e+00
2.947238778401441106e+00,4.838016195984071177e-01,-5.866936974111244263e-01,2.240775718837738850e+00
2.999998999999999416e+00,4.164246949939336417e-01,-5.394351277491307162e-01,1.868993600060401494e+00
2.999998999999999416e+00,4.325954210012729617e-01,-5.129587199477968484e-01,2.081560727948852385e+00
2.892535172825527301e+00,4.618249784096372657e-01,-5.829055774554288138e-01,2.020433238328181780e+00
2.909212984724156570e+00,5.420235468136738177e-01,-5.913476525279481866e-01,2.343905724410861868e+00
2.876604336298778541e+00,4.363924677485218617e-01,-4.899108603604567791e-01,2.073817900875627007e+00
2.954553069631411510e+00,5.747886244441123837e-01,-6.027152039323326882e-01,2.098844510827264198e+00
2.999998999999999416e+00,4.299809962822933040e-01,-5.840811457288063169e-01,1.902465320381520719e+00
2.940495646617315106e+00,5.224504584388007800e-01,-6.281054086517843249e-01,2.063407669531608146e+00
2.974894528315985109e+00,4.564623765063944849e-01,-5.580213440848446060e-01,2.246089631184573499e+00
2.934436934156279708e+00,4.279459590447908801e-01,-5.746707260329356748e-01,2.319638612429719693e+00
2.890984763967526128e+00,3.804187990560674582e-01,-4.679360233593265472e-01,1.775244407655344858e+00
2.966563189696044045e+00,5.002293788384090112e-01,-5.619993437603220121e-01,2.009175820534067736e+00
2.936759732374720766e+00,4.773705262147293071e-01,-5.996085533610403528e-01,1.950148948040003605e+00
2.944185878225092257e+00,4.758409191361563928e-01,-5.739583442170573813e-01,2.227541682032330161e+00
2.952425849756797227e+00,4.815835208270879964e-01,-5.507055124014742509e-01,2.073204322523381382e+00
2.901847826644411654e+00,3.653922220476548133e-01,-5.072671480432251467e-01,2.098012286271977889e+00
2.999998999999999416e+00,3.980102501671300974e-01,-5.909819386469408187e-01,1.684555489804422157e+00
2.909170824031561242e+00,4.488390854810032082e-01,-5.589130922565451742e-01,2.120718365268082550e+00
2.983697812223585100e+00,3.659851455416107124e-01,-4.857834748317104157e-01,1.712413398661166042e+00
2.956326590379324770e+00,4.267151075239638547e-01,-5.568056445650921837e-01,2.208807655582828211e+00
2.979972462732392025e+00,4.512481774315213467e-01,-5.556984403256205463e-01,2.111055697385008756e+00
2.986042839300168783e+00,5.117877380664554998e-01,-6.140506271968669827e-01,2.074279253493131137e+00
2.925361591475135636e+00,4.414103505560954543e-01,-5.217748076315344985e-01,1.999109933801162198e+00
2.999998999999999416e+00,3.669526088987012935e-01,-5.728805197818710448e-01,1.849980384926617427e+00
2.953910866592671880e+00,4.175404786974483695e-01,-5.352363668920983031e-01,2.109852591102071795e+00
2.994977222577043907e+00,4.087532466152716260e-01,-5.946187591747872370e-01,1.924204602360400695e+00
2.999998999999999416e+00,3.707904917051003113e-01,-5.479546719519917675e-01,1.904008018098483523e+00
2.996446213745611153e+00,3.114080386724525917e-01,-5.399506278136435578e-01,1.766274140821842531e+00
2.945040990014130777e+00,5.499577804842568085e-01,-6.232600533270434839e-01,2.091610111793726023e+00
2.991129137168331287e+00,4.253677690424088609e-01,-5.847121300519808607e-01,1.965725103821087005e+00
2.999998999999999416e+00,5.482608583199205521e-01,-6.791331259614187266e-01,2.291245881609090151e+00
2.999998999999999416e+00,3.823247848898553847e-01,-5.654936468382918413e-01,1.936790449049616170e+00
2.999998999999999416e+00,3.558966305598465496e-01,-5.384242148527987881e-01,1.802820044750639950e+00
2.961677844257739611e+00,5.573193915283474187e-01,-5.930755470455822964e-01,2.144751626215704920e+00
2.911149092967433738e+00,4.467736266420075375e-01,-5.258539890258014937e-01,1.885869602243495757e+00
2.912580202985681765e+00,4.744788116824189550e-01,-5.650432248782325528e-01,2.357442433251654368e+00
2.951125931874498232e+00,4.544798543157296811e-01,-5.822898304635037992e-01,2.034756095033064760e+00
2.970673094250341428e+00,4.735894261902231506e-01,-6.308799361515189386e-01,1.991676583802763467e+00
2.943511066717266811e+00,4.938765364776487865e-01,-6.063861799850462919e-01,2.027085058929334327e+00
2.980535358312362604e+00,4.091966987856892057e-01,-5.665242729213378903e-01,1.938213374940286338e+00
2.999998999999999416e+00,4.678010215326075527e-01,-5.977520366892996595e-01,2.026365654923300230e+00
2.999998999999999416e+00,3.965113998903332937e-01,-5.844273426592359044e-01,1.954778776088618830e+00
2.999998999999999416e+00,4.538359474415411543e-01,-6.659493907905349452e-01,2.042935966921848756e+00
2.895455377554029042e+00,3.334355190537268698e-01,-4.612622481145574049e-01,1.805833161362737638e+00
2.915018208392431642e+00,3.921664049316094802e-01,-5.682179645139989743e-01,2.007390131860481208e+00
2.999998999999999416e+00,3.937958440122295012e-01,-5.368634004573676899e-01,1.957074239289352313e+00
2.890869553018640570e+00,4.163758462351318523e-01,-5.478369530696369782e-01,1.970267060576546658e+00
2.999998999999999416e+00,4.585362580965475221e-01,-5.541435321959280458e-01,1.890208100155301718e+00
2.982834942949350143e+00,5.200719425659185990e-01,-6.377869839288131670e-01,1.930634241472050538e+00
2.980861781172282399e+00,3.905674690723965337e-01,-5.890463375247128042e-01,1.995113228683339957e+00
2.955792657633339982e+00,4.427202769780045899e-01,-5.588502421859140590e-01,1.820183358947336849e+00
2.897734931828180649e+00,4.977045669282276208e-01,-5.695632914646088230e-01,1.989183357349512571e+00
2.926307258700941993e+00,5.193678778440751209e-01,-5.908045729091140341e-01,2.250246059261999498e+00
2.999998999999999416e+00,4.842816541664640706e-01,-6.311647548898556837e-01,1.972488793554690645e+00
2.999998999999999416e+00,4.184293497931173000e-01,-5.634262750853499258e-01,2.114425108145031817e+00
2.989265348317237780e+00,4.627071354681117077e-01,-6.080043419132344917e-01,2.187830334645006314e+00
2.977854224546516271e+00,5.120215104329707279e-01,-5.890761344955677270e-01,2.093320042462651909e+00
2.908116371656145116e+00,4.899192608684829198e-01,-5.162582857160463723e-01,2.310439213904337041e+00
2.999998999999999416e+00,4.146521625326703986e-01,-5.583214902912643218e-01,1.984860740804003765e+00
2.999998999999999416e+00,4.347053453365991582e-01,-5.830325232831398141e-01,1.988320190363019879e+00
2.893386084220570531e+00,4.782597691820222874e-01,-5.367287591565433891e-01,2.102015464662541966e+00
2.995764405681791587e+00,4.294334480204948234e-01,-5.464444747698630200e-01,1.890377298416424656e+00
2.999998999999999416e+00,4.170407453613294013e-01,-5.709466719677155355e-01,2.328792874061698548e+00
2.913014418144571405e+00,4.478665609912775847e-01,-5.702692434502234509e-01,2.281701194428320090e+00
2.926748089672636777e+00,5.649351009800018808e-01,-6.473275771952415880e-01,2.427897889398380915e+00
2.983256618527391435e+00,5.221436545874929003e-01,-6.144423408586345836e-01,2.196668414677647618e+00
2.999998999999999416e+00,4.913466235599733278e-01,-6.553739433186085428e-01,2.026081309871365033e+00
2.975867060406667264e+00,3.649858284042400980e-01,-4.937468748984891742e-01,1.758750667521165933e+00
2.911150628625863490e+00,5.746726952850411685e-01,-5.046167072746545745e-01,2.603302934458560092e+00
2.983754110656843483e+00,5.307137210114144521e-01,-6.336575871454788178e-01,2.139404227451137341e+00
2.999998999999999416e+00,4.264696259476105644e-01,-5.223955821477429540e-01,1.902235985904112470e+00
2.992341309654916515e+00,4.209006875678674708e-01,-5.017579029545846669e-01,2.046243121418665822e+00
2.972599444478335240e+00,4.208103453983580433e-01,-5.757416154763609351e-01,2.179167175757988684e+00
2.994425888960709603e+00,3.867880846085848257e-01,-6.107905025911170016e-01,1.807172828781031138e+00
2.956197548204824610e+00,4.223620181730345924e-01,-5.879796031981168181e-01,1.943958815951172925e+00
2.980467332574587846e+00,5.508867068476782647e-01,-5.972244135553668176e-01,2.405245719784856018e+00
2.931362224907733793e+00,4.235677730420867038e-01,-5.083772653270705044e-01,2.080607580183091887e+00
2.926940316927403529e+00,4.043342416015472396e-01,-4.776153686527037645e-01,2.069764263028054607e+00
2.998659060429929468e+00,3.771895059058387734e-01,-5.253057389211936989e-01,1.990974753698776967e+00
2.916823303528818911e+00,3.973536338839120385e-01,-5.229909666987950789e-01,2.240070945479823994e+00
2.932096704428036382e+00,4.863734512063079274e-01,-5.586963644066547108e-01,1.969036600009652194e+00
2.999998999999999416e+00,4.318907456647829712e-01,-5.810557642579271542e-01,1.699088543306148003e+00
2.880722272117177241e+00,4.312732106762123818e-01,-5.334909936786512707e-01,1.845032978877627405e+00
2.953451881912274590e+00,5.232321173376396350e-01,-6.033030499546622183e-01,2.059653879491283757e+00
2.990715417144819366e+00,5.410083486797783170e-01,-6.253696586023935744e-01,2.454420495327636953e+00
2.957670630563548286e+00,4.803397573562599443e-01,-5.614836124205322410e-01,2.184646639829934678e+00
2.981715572208941900e+00,4.449811194209309373e-01,-5.289758595494383764e-01,1.946620598593974183e+00
2.878905872259109433e+00,3.549188503282736384e-01,-4.631939041996566142e-01,1.843294614123349495e+00
2.950481334089655849e+00,4.654192899963901509e-01,-5.805596067245326619e-01,2.169148448352725467e+00
2.908869189379603259e+00,5.237694147399150069e-01,-6.168348662990077447e-01,2.222633505309405066e+00
2.940431736104645921e+00,5.128810760488689002e-01,-5.533663617385888855e-01,2.060689924123647820e+00
2.956106330982367414e+00,5.323650569777805819e-01,-5.886194191176451485e-01,2.165090991097428752e+00
2.940283777333852822e+00,3.639396755646082116e-01,-5.678212469092498438e-01,1.732355176761382287e+00
2.874234641749643160e+00,5.058691611870759219e-01,-5.588864315406729677e-01,2.356220980825240563e+00
2.946030003649789286e+00,4.819758784548641706e-01,-6.111269528407143881e-01,2.105627331826847470e+00
2.928789607579030285e+00,4.934350963967356063e-01,-5.574918133671362686e-01,1.962566081387173700e+00
2.999710567385858617e+00,3.715261831795716452e-01,-5.497054353771164692e-01,1.678023567496172319e+00
2.945066567298565197e+00,4.256689866326559546e-01,-6.004211277263367119e-01,1.871678353272411499e+00
2.999998999999999416e+00,4.332674432897147820e-01,-5.774226384177246763e-01,1.876711337616558506e+00
2.862147692917130559e+00,5.080456970586494370e-01,-5.242132494522749875e-01,2.459996758594464872e+00
2.918685066663374794e+00,4.061148645511008515e-01,-5.100631496438360335e-01,2.099920811268611409e+00
2.972963176842756461e+00,3.965663472276015344e-01,-5.247820043101557586e-01,1.998433996583577121e+00
2.912498887326508523e+00,4.984839508940100417e-01,-6.019599774821881022e-01,2.206582117013625499e+00
2.899760770464581583e+00,3.803447979478339347e-01,-5.235700509312033457e-01,2.038119388349114214e+00
2.999998999999999416e+00,4.542811164167102622e-01,-5.639392998227440446e-01,2.093209932235474469e+00
2.999998999999999416e+00,3.521019168229259089e-01,-5.189247129812509796e-01,1.885446164374001476e+00
2.999998999999999416e+00,3.401255545384407331e-01,-5.219373355798033742e-01,1.788892663617743795e+00
2.933341280128556328e+00,4.198607500785079272e-01,-6.007344441498477794e-01,1.936324401374225568e+00
2.995418294003946436e+00,3.850689205809179616e-01,-5.613429485868078883e-01,1.972038999917902213e+00
2.999348910409275870e+00,4.465354375334782411e-01,-5.546572348531523255e-01,1.924516510286748527e+00
2.886470543643675501e+00,4.204863991343141261e-01,-5.022729304472123291e-01,1.968190275141377121e+00
2.999998999999999416e+00,4.031911901406490806e-01,-6.020188148343359469e-01,1.893882429953078095e+00
2.977591345177318161e+00,4.530728665752919437e-01,-5.721961452877121213e-01,1.739869626247086076e+00
2.927127700878834560e+00,4.227872196397559623e-01,-5.259456305870074955e-01,2.209358540366010537e+00
2.999998999999999416e+00,4.905047188941016323e-01,-6.084853525722409007e-01,2.034499855460726980e+00
2.937370859979512527e+00,3.956176434804798969e-01,-5.680522737866742222e-01,1.994377228990298789e+00
2.961824768086463777e+00,4.127414847489283556e-01,-5.589128615519134424e-01,1.886484517561985541e+00
2.990459586216295929e+00,3.808901725496638968e-01,-5.124740945058632313e-01,1.850007379935659335e+00
2.870957373445378824e+00,4.706301678899526553e-01,-5.551642042482038963e-01,2.256409409263401944e+00
2.967230470835974465e+00,3.929681857796753497e-01,-5.119515940355879868e-01,1.886218520344328464e+00
2.999998999999999416e+00,4.512312097640182040e-01,-6.036537362185691036e-01,2.046190508618942694e+00
2.965124725354019830e+00,4.270285376837490987e-01,-5.441736848796374648e-01,2.150668777935643039e+00
2.937739989170137456e+00,5.742580204695676427e-01,-5.997199981382728140e-01,2.626802758362910772e+00
2.965216388365056854e+00,3.861379313674425107e-01,-5.096940697347979166e-01,1.950419261400575976e+00
2.958617637363122999e+00,3.888569071662925647e-01,-5.610749723413134271e-01,2.010363267099916751e+00
2.980895136934346823e+00,4.727001917411446374e-01,-5.984488008726511765e-01,1.998855688186257362e+00
2.936393604011249270e+00,4.905953545379840852e-01,-5.435552841949142788e-01,1.979226055221325220e+00
2.892906564638054512e+00,4.779929834203612282e-01,-5.736105299182582273e-01,2.259057400381114356e+00
2.910656782287507127e+00,4.745094470779221418e-01,-5.916514886910128057e-01,2.024283038407785895e+00
2.950274992155148102e+00,4.959732256332849420e-01,-5.994856984615083428e-01,2.100217575200476361e+00
2.930689528669534027e+00,4.833735349745936771e-01,-5.669702799009835870e-01,2.079005966404800176e+00
2.946397474691825114e+00,4.865357668350073772e-01,-6.009381458177356361e-01,2.112597682422875156e+00
2.999998999999999416e+00,4.692795932787003355e-01,-5.992047880591993003e-01,2.208785968076562245e+00
2.999998999999999416e+00,2.812099887983467439e-01,-5.479440269687886333e-01,1.754585655365174635e+00
2.977012724744156902e+00,3.740032845010511919e-01,-5.695998386908249778e-01,1.882284971077459179e+00
2.995616045961655427e+00,3.142137294422543414e-01,-5.361098765284944001e-01,1.733170318899437401e+00
2.999998999999999416e+00,3.814417766170639656e-01,-6.104302162261298070e-01,1.946348062849671212e+00
2.915843044867656442e+00,4.688660965853960749e-01,-5.551771872250024220e-01,2.071988437141785599e+00
2.922686290497932049e+00,4.279052772098898005e-01,-5.291094082849367997e-01,2.168828313930520668e+00
2.978324142402717367e+00,4.809075724506818861e-01,-6.280493919323060226e-01,2.059828458842740240e+00
2.947601679275163367e+00,4.438101291077051758e-01,-5.733935477840794714e-01,2.093140638838477230e+00
2.999998999999999416e+00,4.136048767466161680e-01,-5.410407179664538102e-01,1.981985667170636178e+00
2.884014583594272541e+00,4.973513853061241052e-01,-5.379842678221309349e-01,2.142469095505496579e+00
2.972327023841945248e+00,5.185142139561343955e-01,-6.633973044090198945e-01,2.237500005662271807e+00
2.999998999999999416e+00,5.695533551799475402e-01,-6.847881690738591987e-01,2.161282781871933789e+00
2.898273277281369076e+00,4.259702057643160455e-01,-5.131435670011382788e-01,2.224964534449438869e+00
2.959805064869167612e+00,5.565430375235572713e-01,-6.547126884715283035e-01,2.414773224940971907e+00
2.999998999999999416e+00,4.800143586929020989e-01,-6.164348748265234823e-01,1.882100676037230746e+00
2.889441469018048103e+00,4.104886538437854671e-01,-4.743078501070429054e-01,1.896825537317953891e+00
2.866284713355484737e+00,5.071188277171563286e-01,-5.741171264482771708e-01,2.234503040663835538e+00
2.999998999999999416e+00,4.512167449781644413e-01,-6.049704017104885478e-01,1.925039982029464136e+00
2.942428081963868181e+00,3.752954759043575228e-01,-5.318747908431160631e-01,1.826666289862532100e+00
2.946711086909574284e+00,4.119682935155078440e-01,-5.540270457727952680e-01,2.016530728486984891e+00
2.999998999999999416e+00,5.337667782974705455e-01,-6.366966824694595406e-01,2.040293560954550056e+00
2.999998999999999416e+00,5.363256683809131120e-01,-6.765246886876596921e-01,1.879259889186514210e+00
2.933320761387623765e+00,3.492754059541652301e-01,-4.970935019392467291e-01,1.773458967764313332e+00
2.982704371065753701e+00,4.253182419793628544e-01,-5.807264533591198763e-01,1.755267807929115520e+00
2.936739054434996277e+00,4.177181178139680595e-01,-5.273982093961906426e-01,2.084971771383686168e+00
2.966489368527225334e+00,4.467943692527113764e-01,-5.970893194697491912e-01,1.982349093667742812e+00
2.999998999999999416e+00,4.353199362396705796e-01,-6.693417057451265251e-01,1.935807244469156307e+00
2.989006808400684889e+00,4.790842486493126495e-01,-6.015187325661085493e-01,1.998166240708695751e+00
2.933359111259146168e+00,5.234280380677627242e-01,-6.232828893618914678e-01,2.249636632206120090e+00
2.999998999999999416e+00,4.601022274070570850e-01,-6.550490733916249919e-01,1.866549536336290283e+00
2.999998999999999416e+00,5.017703766778219832e-01,-6.553397192023502349e-01,1.971271307012145479e+00
2.994265239089449082e+00,3.975789908937354400e-01,-5.599248086981272188e-01,2.023785732483282196e+00
2.974082202309446199e+00,5.123619641100645161e-01,-6.047846618888256254e-01,2.181549718799170368e+00
2.996353911453382146e+00,4.903494267775888038e-01,-6.192581478847740684e-01,1.932862362266623890e+00
2.973766185033912546e+00,3.700137845587669894e-01,-5.396744015707791720e-01,2.167344136717725522e+00
2.999998999999999416e+00,4.676338838118250241e-01,-6.003286668121270431e-01,2.062089950815329420e+00
2.947675111020541472e+00,3.906978868586946096e-01,-5.396088722395397941e-01,2.007380835611564329e+00
2.981886459286213320e+00,4.667433850295801268e-01,-5.807353198745290879e-01,2.055335524469953157e+00
2.999998999999999416e+00,4.569015291801066248e-01,-5.968914147273828297e-01,1.905130024403924205e+00
2.965592890591087549e+00,4.778218431715062220e-01,-6.270406590784168843e-01,1.926797333681113722e+00
2.893778207242311939e+00,5.425142907261005787e-01,-5.638859525467102563e-01,2.428090873799550575e+00
2.999998999999999416e+00,4.654762630034701698e-01,-6.154437694626899713e-01,1.804224749526567528e+00
2.916913886500517972e+00,4.913068002283399460e-01,-5.519033141937728093e-01,2.358474711619953368e+00
2.927661400035008299e+00,3.742823675403268435e-01,-5.144570014056519813e-01,2.068822183192529973e+00
2.999998999999999416e+00,4.782264866543766701e-01,-6.138739383433571284e-01,1.892183746487169582e+00
2.999998999999999416e+00,3.518606518984361275e-01,-5.738574278857914157e-01,1.754975414901309483e+00
2.885984316293560337e+00,6.157391058488222990e-01,-6.036127916896110168e-01,2.793969730918818950e+00
2.999998999999999416e+00,5.386657949769565468e-01,-6.764198818073885455e-01,2.253542251411815300e+00
2.961066674966529533e+00,4.606975225491203307e-01,-5.471825915679799923e-01,2.112228979702013731e+00
2.995333370529730477e+00,4.717325392278551854e-01,-6.194007348599599450e-01,2.098786052543185399e+00
2.999998999999999416e+00,4.235982093765868761e-01,-5.778557483008271989e-01,1.855747793783012911e+00
2.990593388765999894e+00,3.898302370582173992e-01,-6.172591092087610365e-01,1.843281956789625475e+00
2.943241674163288302e+00,4.630132234039706640e-01,-5.379939886503373181e-01,1.986960400132549598e+00
2.933455460248712843e+00,4.648926306902713690e-01,-5.385405207649252013e-01,2.197175741021697437e+00
2.901170793646066226e+00,4.581355793898515549e-01,-4.864435740360477101e-01,2.229625903418352095e+00
2.932894901019309053e+00,4.767031568591172386e-01,-6.195880017863372169e-01,2.119734930839371145e+00
2.999998999999999416e+00,5.562489454411415624e-01,-6.739296160789918222e-01,1.916135361483628508e+00
2.982506457870297112e+00,4.738127537383109433e-01,-5.896716402138858504e-01,1.935455146811072780e+00
2.902940779545123640e+00,5.233985207405860152e-01,-6.226096403418138747e-01,2.376634667201166895e+00
2.951083140586109543e+00,4.142932982559054400e-01,-5.819003859927724953e-01,2.063834699180365995e+00
2.999998999999999416e+00,3.694946901389928318e-01,-5.594426067201938579e-01,1.942175978949735038e+00
