J,SSE,loss_vs_reference,top,bottom,logmid,h,success
-1.500000000000000000e+00,1.967881020280409440e-02,3.355631369392315655e+00,2.918913730673152074e+00,4.923263531911626911e-01,-5.609862907791033360e-01,4.606970445951854565e+00,1.000000000000000000e+00
-1.449999999999999956e+00,1.966270970581580554e-02,3.345809381065752319e+00,2.919853222214205068e+00,4.917162677306080032e-01,-5.628284454265374270e-01,4.509987675986984357e+00,1.000000000000000000e+00
-1.399999999999999911e+00,1.966349484059354280e-02,3.346288533195624471e+00,2.920817520108908383e+00,4.910816102050369891e-01,-5.646151174955500451e-01,4.413429480853981346e+00,1.000000000000000000e+00
-1.350000000000000089e+00,1.967491930419751345e-02,3.353258492208066599e+00,2.921809950227705510e+00,4.904179098122696256e-01,-5.663383356734950080e-01,4.317300387369111370e+00,1.000000000000000000e+00
-1.300000000000000044e+00,1.969071669470564070e-02,3.362889668814939448e+00,2.922833979341183941e+00,4.897207401858724163e-01,-5.679902933011339305e-01,4.221607985492656923e+00,1.000000000000000000e+00
-1.250000000000000000e+00,1.970470364547783834e-02,3.371410629620507748e+00,2.923893254846636758e+00,4.889855888749569113e-01,-5.695633978282101939e-01,4.126362116000240832e+00,1.000000000000000000e+00
-1.199999999999999956e+00,1.971089355369910062e-02,3.375179640090673505e+00,2.924991580950084824e+00,4.882081470894156228e-01,-5.710505285973843659e-01,4.031575748235427525e+00,1.000000000000000000e+00
-1.149999999999999911e+00,1.970361956748530388e-02,3.370750417012962963e+00,2.926132832415296647e+00,4.873842104993119650e-01,-5.724450604867622472e-01,3.937265004016692327e+00,1.000000000000000000e+00
-1.100000000000000089e+00,1.967766486658608857e-02,3.354932931099977811e+00,2.927321028513131917e+00,4.865099568926485873e-01,-5.737411826665186343e-01,3.843449779104160857e+00,1.000000000000000000e+00
-1.050000000000000044e+00,1.962839754802222364e-02,3.324850643734612810e+00,2.928560201266909413e+00,4.855818620665816043e-01,-5.749339126637993402e-01,3.750153601360722622e+00,1.000000000000000000e+00
-1.000000000000000000e+00,1.955190661484944303e-02,3.277995858717632327e+00,2.929854333316242787e+00,4.845968345242611663e-01,-5.760192716231365972e-01,3.657404488191488667e+00,1.000000000000000000e+00
-9.499999999999999556e-01,1.944513467865077380e-02,3.212284902526756802e+00,2.931207303074436332e+00,4.835524776432926775e-01,-5.769945381054910616e-01,3.565235649546475649e+00,1.000000000000000000e+00
-8.999999999999999112e-01,1.930600205265727010e-02,3.126114594913351752e+00,2.932622787819325172e+00,4.824469452765235422e-01,-5.778582560084247755e-01,3.473685374570147033e+00,1.000000000000000000e+00
-8.499999999999999778e-01,1.913351598049126134e-02,3.018420905496056683e+00,2.934104159011401869e+00,4.812792607455842475e-01,-5.786104890238542575e-01,3.382798137933741511e+00,1.000000000000000000e+00
-7.999999999999999334e-01,1.892785788741676092e-02,2.888739767688601745e+00,2.935654340448477395e+00,4.800491150670932461e-01,-5.792527697059692837e-01,3.292624614163627950e+00,1.000000000000000000e+00
-7.500000000000000000e-01,1.869044085830999860e-02,2.737268687295466574e+00,2.937275632704787753e+00,4.787570646877443714e-01,-5.797882285507789391e-01,3.203222677296888588e+00,1.000000000000000000e+00
-6.999999999999999556e-01,1.842392917293268415e-02,2.564925996667076546e+00,2.938969586198572959e+00,4.774043873938857430e-01,-5.802215678720276104e-01,3.114657367267053445e+00,1.000000000000000000e+00
-6.499999999999999112e-01,1.813221183010828991e-02,2.373402366051271972e+00,2.940736781032787572e+00,4.759931927078081548e-01,-5.805590940317232329e-01,3.027001776405068956e+00,1.000000000000000000e+00
-5.999999999999999778e-01,1.782032275816364947e-02,2.165196586037827942e+00,2.942576638819614399e+00,4.745261502456135094e-01,-5.808085385662954403e-01,2.940336976134144020e+00,1.000000000000000000e+00
-5.499999999999999334e-01,1.749430203878821546e-02,1.943624939459043022e+00,2.944487234167162182e+00,4.730064552907515263e-01,-5.809789851725684073e-01,2.854752467772959879e+00,1.000000000000000000e+00
-5.000000000000000000e-01,1.716099514658931888e-02,1.712791193175198678e+00,2.946465057137516830e+00,4.714376647998865799e-01,-5.810806536288067869e-01,2.770346328849791817e+00,1.000000000000000000e+00
-4.499999999999999556e-01,1.682779104963495059e-02,1.477503163819406273e+00,2.948504804081390596e+00,4.698233352214817860e-01,-5.811245540470167947e-01,2.687225003108666410e+00,1.000000000000000000e+00
-3.999999999999999112e-01,1.650230503753275305e-02,1.243123022656356991e+00,2.950599233776388441e+00,4.681667635795251359e-01,-5.811221736711377206e-01,2.605502716716504796e+00,1.000000000000000000e+00
-3.499999999999998668e-01,1.619201817830986240e-02,1.015343167250077672e+00,2.952738941816898777e+00,4.664708468594381818e-01,-5.810851486821422274e-01,2.525301799647087009e+00,1.000000000000000000e+00
-2.999999999999998224e-01,1.590389195026501584e-02,7.998884501630749710e-01,2.954912258862675500e+00,4.647376274455863876e-01,-5.810247533332579817e-01,2.446751380304645895e+00,1.000000000000000000e+00
-2.500000000000000000e-01,1.564398316303159536e-02,6.021587455546679735e-01,2.957105164447750845e+00,4.629678831070209721e-01,-5.809513512208519526e-01,2.369986162880854064e+00,1.000000000000000000e+00
-1.999999999999999556e-01,1.541708979510643049e-02,4.268416309224085103e-01,2.959301242764418305e+00,4.611612223452618009e-01,-5.808741061203106515e-01,2.295145895200267461e+00,1.000000000000000000e+00
-1.499999999999999112e-01,1.522646162676299063e-02,2.775399068804203506e-01,2.961481679579827997e+00,4.593155861840899634e-01,-5.808002775464690126e-01,2.222373241118714038e+00,1.000000000000000000e+00
-9.999999999999986677e-02,1.507360925693828485e-02,1.564679790658087266e-01,2.963625375644527438e+00,4.574274127915445853e-01,-5.807349139635094026e-01,2.151812102008008765e+00,1.000000000000000000e+00
-4.999999999999982236e-02,1.495824016270848669e-02,6.427013125817407357e-02,2.965709180286005608e+00,4.554916983430107869e-01,-5.806804770938842619e-01,2.083605507871070905e+00,1.000000000000000000e+00
0.000000000000000000e+00,1.487834031438785808e-02,2.664535259100375303e-15,2.967708082054786090e+00,4.535024489038460005e-01,-5.806366073846305209e-01,2.017893617186831801e+00,1.000000000000000000e+00
5.000000000000004441e-02,1.483040479942920702e-02,-3.872440094579310960e-02,2.969595658300816510e+00,4.514531145582150184e-01,-5.805999838204028984e-01,1.954811018119035904e+00,1.000000000000000000e+00
1.000000000000000888e-01,1.480980237558976453e-02,-5.540641159632752472e-02,2.971344586046748226e+00,4.493375114317872399e-01,-5.805644939973194640e-01,1.894484660343705107e+00,1.000000000000000000e+00
1.500000000000001332e-01,1.481123948433436116e-02,-5.424201602710731346e-02,2.972927256278747876e+00,4.471507876719139074e-01,-5.805215080394189320e-01,1.837031749674166603e+00,1.000000000000000000e+00
2.000000000000001776e-01,1.482927249303077344e-02,-3.964063996308498511e-02,2.974316596032609006e+00,4.448905138827833339e-01,-5.804604004686892971e-01,1.782557712691937635e+00,1.000000000000000000e+00
2.500000000000000000e-01,1.485880647589855885e-02,-1.576520418988098388e-02,2.975486972544277187e+00,4.425578514833544141e-01,-5.803692634123073235e-01,1.731154800817559458e+00,1.000000000000000000e+00
3.000000000000000444e-01,1.489551763142491804e-02,1.384622897639458880e-02,2.976415249285215836e+00,4.401585276405945990e-01,-5.802357533106843324e-01,1.682900763963992352e+00,1.000000000000000000e+00
3.500000000000000888e-01,1.493614575720593821e-02,4.653215764557304401e-02,2.977081937352923369e+00,4.377037179552176194e-01,-5.800481276252833496e-01,1.637858272835890361e+00,1.000000000000000000e+00
4.000000000000001332e-01,1.497862211899215687e-02,8.061008772343683515e-02,2.977472365303734048e+00,4.352104109902167894e-01,-5.797961906367404827e-01,1.596074214212374054e+00,1.000000000000000000e+00
4.500000000000001776e-01,1.502202340850052227e-02,1.153303964553347438e-01,2.977577912369925528e+00,4.327013652152499334e-01,-5.794722692868522484e-01,1.557579145381506214e+00,1.000000000000000000e+00
5.000000000000000000e-01,1.506636960983437010e-02,1.507031597006846246e-01,2.977397093598421751e+00,4.302045014451604810e-01,-5.790720118402540306e-01,1.522386567626647924e+00,1.000000000000000000e+00
5.500000000000002665e-01,1.511230742468733235e-02,1.872358548464102268e-01,2.976936506084464806e+00,4.277518927787036240e-01,-5.785950491868213641e-01,1.490491977881455377e+00,1.000000000000000000e+00
6.000000000000000888e-01,1.516073718677971721e-02,2.256302514684451754e-01,2.976211501783376345e+00,4.253780818895247506e-01,-5.780453148757683790e-01,1.461871028486119162e+00,1.000000000000000000e+00
6.499999999999999112e-01,1.521244733274460317e-02,2.664901323745680894e-01,2.975246484179794315e+00,4.231180991389779100e-01,-5.774311105019674928e-01,1.436477079524596467e+00,1.000000000000000000e+00
7.000000000000001776e-01,1.526781584895006705e-02,3.100870607427845815e-01,2.974074638085714373e+00,4.210052830509649069e-01,-5.767648218685923478e-01,1.414238289200118182e+00,1.000000000000000000e+00
7.500000000000000000e-01,1.532662377794950966e-02,3.562193662026664764e-01,2.972737057436985353e+00,4.190689561611659619e-01,-5.760623156634271380e-01,1.395054135278202878e+00,1.000000000000000000e+00
8.000000000000002665e-01,1.538800425098295691e-02,4.041813116469197276e-01,2.971281019351722730e+00,4.173323523734945861e-01,-5.753419024244447177e-01,1.378792576541742143e+00,1.000000000000000000e+00
8.500000000000000888e-01,1.545052503525533305e-02,4.528380054986694270e-01,2.969757597914914893e+00,4.158109652730311301e-01,-5.746231607041609735e-01,1.365288074141282948e+00,1.000000000000000000e+00
9.000000000000003553e-01,1.551237762018990371e-02,5.007813146114619141e-01,2.968218499352672346e+00,4.145115064970683605e-01,-5.739253692568128118e-01,1.354342053791732781e+00,1.000000000000000000e+00
9.500000000000001776e-01,1.557162655905534182e-02,5.465275526660020589e-01,2.966712641398104644e+00,4.134318495812532301e-01,-5.732661086265379291e-01,1.345726390185623567e+00,1.000000000000000000e+00
1.000000000000000000e+00,1.562646408990819857e-02,5.887128937716523680e-01,2.965282738424505293e+00,4.125618581019028230e-01,-5.726598991902004387e-01,1.339190545934916043e+00,1.000000000000000000e+00
1.050000000000000266e+00,1.567541979720690759e-02,6.262485877060276485e-01,2.963962769279669285e+00,4.118848644963226668e-01,-5.721173061963689133e-01,1.334470813847238313e+00,1.000000000000000000e+00
1.100000000000000089e+00,1.571749189286488282e-02,6.584128835916286393e-01,2.962776376048418037e+00,4.113798473617991669e-01,-5.716445670232269682e-01,1.331301735928567709e+00,1.000000000000000000e+00
1.150000000000000355e+00,1.575218978418068544e-02,6.848748522120784443e-01,2.961736733674269040e+00,4.110234308188583374e-01,-5.712436965143897760e-01,1.329426379365739486e+00,1.000000000000000000e+00
1.200000000000000178e+00,1.577949905386067178e-02,7.056610092608217588e-01,2.960847448669311710e+00,4.107918916212719429e-01,-5.709130509056827840e-01,1.328605487786625350e+00,1.000000000000000000e+00
1.250000000000000000e+00,1.579979355569601646e-02,7.210846641578361194e-01,2.960104336789543211e+00,4.106625892210126194e-01,-5.706482542614711440e-01,1.328623483321803356e+00,1.000000000000000000e+00
1.300000000000000266e+00,1.581372298379586649e-02,7.316594540776210076e-01,2.959497519550387867e+00,4.106149221198856503e-01,-5.704429811990476828e-01,1.329291776372184097e+00,1.000000000000000000e+00
1.350000000000000089e+00,1.582210002360911680e-02,7.380145585479529480e-01,2.959013562630692373e+00,4.106307909971635972e-01,-5.702899433717104616e-01,1.330449299715787070e+00,1.000000000000000000e+00
1.400000000000000355e+00,1.582580301596653652e-02,7.408227009033085952e-01,2.958637202494067697e+00,4.106948556501845982e-01,-5.701814781795981890e-01,1.331961846989712983e+00,1.000000000000000000e+00
1.450000000000000178e+00,1.582570163272452313e-02,7.407458262701648311e-01,2.958352842949706130e+00,4.107943074506715808e-01,-5.701101799583930818e-01,1.333719295467413080e+00,1.000000000000000000e+00
1.500000000000000000e+00,1.582260655213842127e-02,7.383987202615484025e-01,2.958145480311445308e+00,4.109187396145050908e-01,-5.700691632093575212e-01,1.335633101499301922e+00,1.000000000000000000e+00
