# Fig 3A: curves of constant local coefficient nu*eta = c; reference lines nu = 1 (independent ladder) and nu = 3 (trimer ceiling)
nu,eta_c1,eta_c2,eta_c3,eta_c4,eta_c6
0.55,1.8181818181818181,3.6363636363636362,5.454545454545454,7.2727272727272725,10.909090909090908
0.5581939799331104,1.791491911324146,3.582983822648292,5.374475733972439,7.165967645296584,10.748951467944877
0.5663879598662208,1.7655742545025093,3.5311485090050185,5.296722763507528,7.062297018010037,10.593445527015056
0.5745819397993311,1.7403958090803258,3.4807916181606515,5.221187427240977,6.961583236321303,10.442374854481955
0.5827759197324415,1.715925394548063,3.431850789096126,5.147776183644189,6.863701578192252,10.295552367288378
0.5909698996655519,1.6921335597057157,3.3842671194114313,5.076400679117147,6.768534238822863,10.152801358234294
0.5991638795986622,1.6689924644152943,3.3379849288305885,5.006977393245883,6.675969857661177,10.013954786491766
0.6073578595317726,1.64647577092511,3.29295154185022,4.93942731277533,6.58590308370044,9.87885462555066
0.615551839464883,1.6245585438739472,3.2491170877478943,4.8736756316218415,6.498234175495789,9.747351263243683
0.6237458193979933,1.6032171581769437,3.2064343163538873,4.809651474530831,6.412868632707775,9.619302949061662
0.6319397993311038,1.582429214077798,3.164858428155596,4.7472876422333945,6.329716856311192,9.494575284466789
0.6401337792642141,1.5621734587251828,3.1243469174503655,4.686520376175548,6.248693834900731,9.373040752351097
0.6483277591973244,1.5424297136961567,3.0848594273923133,4.62728914108847,6.169718854784627,9.25457828217694
0.6565217391304349,1.5231788079470197,3.0463576158940393,4.5695364238410585,6.092715231788079,9.139072847682117
0.6647157190635452,1.5044025157232703,3.0088050314465407,4.513207547169811,6.017610062893081,9.026415094339622
0.6729096989966555,1.4860834990059641,2.9721669980119283,4.458250497017892,5.944333996023857,8.916500994035784
0.681103678929766,1.4682052541124477,2.9364105082248955,4.404615762337343,5.872821016449791,8.809231524674686
0.6892976588628763,1.450752062105774,2.901504124211548,4.352256186317321,5.803008248423096,8.704512372634643
0.6974916387959866,1.4337089426995924,2.8674178853991847,4.301126828098777,5.7348357707983695,8.602253656197554
0.7056856187290971,1.4170616113744074,2.834123222748815,4.251184834123222,5.66824644549763,8.502369668246445
0.7138795986622074,1.4007964394471772,2.8015928788943545,4.202389318341532,5.603185757788709,8.404778636683064
0.7220735785953178,1.384900416859657,2.769800833719314,4.154701250578971,5.539601667438628,8.309402501157942
0.7302675585284282,1.3693611174719487,2.7387222349438973,4.1080833524158455,5.477444469887795,8.216166704831691
0.7384615384615385,1.3541666666666665,2.708333333333333,4.0625,5.416666666666666,8.125
0.7466555183946488,1.339305711086226,2.678611422172452,4.0179171332586785,5.357222844344904,8.035834266517357
0.7548494983277593,1.3247673903411608,2.6495347806823215,3.9743021710234823,5.299069561364643,7.9486043420469645
0.7630434782608696,1.3105413105413104,2.621082621082621,3.9316239316239314,5.242165242165242,7.863247863247863
0.77123745819398,1.2966175195143104,2.5932350390286207,3.889852558542931,5.1864700780572415,7.779705117085862
0.7794314381270904,1.282986483587213,2.565972967174426,3.848959450761639,5.131945934348852,7.697918901523278
0.7876254180602007,1.2696390658174097,2.5392781316348194,3.8089171974522293,5.078556263269639,7.617834394904459
0.7958193979933111,1.2565665055683966,2.513133011136793,3.76969951670519,5.026266022273586,7.53939903341038
0.8040133779264215,1.2437603993344426,2.487520798668885,3.7312811980033276,4.97504159733777,7.462562396006655
0.8122073578595319,1.2312126827259624,2.462425365451925,3.693638048177887,4.92485073090385,7.387276096355774
0.8204013377926422,1.2189156135344474,2.437831227068895,3.6567468406033425,4.87566245413779,7.313493681206685
0.8285953177257526,1.2068617558022199,2.4137235116044398,3.6205852674066596,4.8274470232088795,7.241170534813319
0.8367892976588629,1.1950439648281375,2.390087929656275,3.5851318944844124,4.78017585931255,7.170263788968825
0.8449832775919733,1.1834553730457154,2.3669107460914307,3.550366119137146,4.733821492182861,7.100732238274292
0.8531772575250838,1.1720893767150136,2.344178753430027,3.5162681301450407,4.688357506860054,7.032536260290081
0.8613712374581941,1.1609396233741018,2.3218792467482037,3.4828188701223057,4.643758493496407,6.9656377402446115
0.8695652173913044,1.15,2.3,3.4499999999999997,4.6,6.8999999999999995
0.8777591973244148,1.13926462183273,2.27852924366546,3.41779386549819,4.55705848733092,6.83558773099638
0.8859531772575251,1.1287278218195544,2.257455643639109,3.3861834654586636,4.514911287278218,6.772366930917327
0.8941471571906355,1.118384140639611,2.236768281279222,3.3551524219188327,4.473536562558444,6.710304843837665
0.902341137123746,1.1082283172720533,2.2164566345441066,3.3246849518161596,4.432913269088213,6.649369903632319
0.9105351170568563,1.0982552800734617,2.1965105601469235,3.294765840220385,4.393021120293847,6.58953168044077
0.9187290969899666,1.0884601383327266,2.176920276665453,3.2653804149981798,4.353840553330906,6.5307608299963595
0.926923076923077,1.0788381742738589,2.1576763485477177,3.236514522821577,4.3153526970954355,6.473029045643154
0.9351170568561874,1.069384835479256,2.138769670958512,3.2081545064377677,4.277539341917024,6.416309012875535
0.9433110367892977,1.060095727707853,2.120191455415706,3.1802871831235593,4.240382910831412,6.360574366247119
0.9515050167224082,1.0509666080843583,2.1019332161687165,3.1528998242530752,4.203866432337433,6.3057996485061505
0.9596989966555185,1.0419933786373932,2.0839867572747863,3.1259801359121795,4.167973514549573,6.251960271824359
0.9678929765886288,1.0331720801658604,2.0663441603317207,3.099516240497581,4.1326883206634415,6.199032480995162
0.9760869565217392,1.024498886414254,2.048997772828508,3.0734966592427617,4.097995545657016,6.146993318485523
0.9842809364548496,1.0159700985389057,2.0319401970778115,3.0479102956167172,4.063880394155623,6.0958205912334344
0.99247491638796,1.007582139848357,2.015164279696714,3.0227464195450713,4.030328559393428,6.045492839090143
1.0006688963210704,0.9993315508021389,1.9986631016042777,2.9979946524064167,3.9973262032085555,5.995989304812833
1.0088628762541807,0.9912149842532736,1.9824299685065472,2.9736449527598205,3.9648599370130944,5.947289905519641
1.017056856187291,0.9832292009207497,1.9664584018414994,2.949687602762249,3.932916803682999,5.899375205524498
1.0252508361204016,0.975371065079106,1.950742130158212,2.926113195237318,3.901484260316424,5.852226390474636
1.0334448160535117,0.9676375404530745,1.935275080906149,2.9029126213592233,3.870550161812298,5.805825242718447
1.0416387959866222,0.960025686305988,1.920051372611976,2.880077058917964,3.840102745223952,5.760154117835928
1.0498327759197326,0.952532653711373,1.905065307422746,2.8575979611341187,3.810130614845492,5.715195922268237
1.058026755852843,0.9451556819977872,1.8903113639955744,2.8354670459933615,3.780622727991149,5.670934091986723
1.0662207357859534,0.9378920953575908,1.8757841907151815,2.813676286072772,3.751568381430363,5.627352572145544
1.0744147157190636,0.930739299610895,1.86147859922179,2.7922178988326847,3.72295719844358,5.584435797665369
1.082608695652174,0.9236947791164657,1.8473895582329314,2.771084337349397,3.6947791164658628,5.542168674698794
1.0908026755852844,0.916756093821861,1.833512187643722,2.750268281465583,3.667024375287444,5.500536562931166
1.0989966555183948,0.9099208764455264,1.8198417528910529,2.7297626293365793,3.6396835057821058,5.459525258673159
1.107190635451505,0.9031868297840204,1.8063736595680409,2.7095604893520613,3.6127473191360817,5.419120978704123
1.1153846153846154,0.896551724137931,1.793103448275862,2.689655172413793,3.586206896551724,5.379310344827586
1.123578595317726,0.890013394850424,1.780026789700848,2.670040184551272,3.560053579401696,5.340080369102544
1.1317725752508363,0.8835697399527186,1.7671394799054372,2.6507092198581557,3.5342789598108744,5.301418439716311
1.1399665551839466,0.8772187179111045,1.754437435822209,2.6316561537333136,3.508874871644418,5.263312307466627
1.148160535117057,0.8709583454704339,1.7419166909408679,2.612875036411302,3.4838333818817357,5.225750072822604
1.1563545150501673,0.8647866955892985,1.729573391178597,2.5943600867678955,3.459146782357194,5.188720173535791
1.1645484949832778,0.8587018954623777,1.7174037909247555,2.5761056863871334,3.434807581849511,5.152211372774267
1.172742474916388,0.8527021246256952,1.7054042492513903,2.5581063738770853,3.4108084985027807,5.116212747754171
1.1809364548494985,0.8467856131407532,1.6935712262815064,2.5403568394222598,3.3871424525630127,5.0807136788445195
1.1891304347826088,0.8409506398537476,1.6819012797074953,2.522851919561243,3.3638025594149905,5.045703839122486
1.1973244147157192,0.835195530726257,1.670391061452514,2.5055865921787706,3.340782122905028,5.011173184357541
1.2055183946488297,0.8295186572340129,1.6590373144680257,2.4885559717020387,3.3180746289360514,4.977111943404077
1.2137123745819398,0.8239184348305318,1.6478368696610637,2.4717553044915954,3.2956737393221274,4.943510608983191
1.2219063545150504,0.8183933214725604,1.6367866429451208,2.4551799644176815,3.2735732858902415,4.910359928835363
1.2301003344481607,0.8129418162044588,1.6258836324089176,2.4388254486133767,3.2517672648178353,4.877650897226753
1.238294314381271,0.8075624577987845,1.615124915597569,2.4226873733963536,3.230249831195138,4.845374746792707
1.2464882943143816,0.8022538234504962,1.6045076469009925,2.4067614703514884,3.209015293801985,4.813522940702977
1.2546822742474917,0.7970145275223244,1.5940290550446488,2.391043582566973,3.1880581100892975,4.782087165133946
1.2628762541806022,0.7918432203389829,1.5836864406779658,2.3755296610169485,3.1673728813559316,4.751059322033897
1.2710702341137126,0.7867385870280225,1.573477174056045,2.3602157610840675,3.14695434811209,4.720431522168135
1.279264214046823,0.7816993464052286,1.5633986928104573,2.345098039215686,3.1267973856209146,4.690196078431372
1.2874581939799332,0.7767242499025847,1.5534484998051694,2.3301727497077542,3.106896999610339,4.6603454994155085
1.2956521739130435,0.7718120805369127,1.5436241610738255,2.315436241610738,3.087248322147651,4.630872483221476
1.303846153846154,0.766961651917404,1.533923303834808,2.300884955752212,3.067846607669616,4.601769911504424
1.3120401337792642,0.7621718072903391,1.5243436145806781,2.2865154218710173,3.0486872291613563,4.573030843742035
1.3202341137123748,0.7574414186193793,1.5148828372387586,2.2723242558581376,3.029765674477517,4.544648511716275
1.328428093645485,0.7527693856998993,1.5055387713997985,2.2583081570996977,3.011077542799597,4.516616314199395
1.3366220735785954,0.7481546353058927,1.4963092706117853,2.244463905917678,2.9926185412235706,4.488927811835356
1.344816053511706,0.7435961203680674,1.4871922407361349,2.2307883611042025,2.9743844814722697,4.461576722208405
1.353010033444816,0.7390928191818069,1.4781856383636138,2.217278457545421,2.9563712767272277,4.434556915090842
1.3612040133779266,0.7346437346437346,1.4692874692874691,2.203931203931204,2.9385749385749382,4.407862407862408
1.369397993311037,0.7302478935156917,1.4604957870313835,2.190743680547075,2.920991574062767,4.38148736109415
1.3775919732441473,0.7259043457149793,1.4518086914299586,2.177713037144938,2.903617382859917,4.355426074289876
1.3857859531772578,0.7216121636297814,1.4432243272595628,2.1648364908893445,2.8864486545191257,4.329672981778689
1.393979933110368,0.7173704414587332,1.4347408829174664,2.1521113243761993,2.8694817658349328,4.304222648752399
1.4021739130434785,0.7131782945736433,1.4263565891472867,2.13953488372093,2.8527131782945734,4.27906976744186
1.4103678929765888,0.7090348589044343,1.4180697178088686,2.127104576713303,2.836139435617737,4.254209153426606
1.4185618729096992,0.7049392903453966,1.4098785806907932,2.11481787103619,2.8197571613815864,4.22963574207238
1.4267558528428095,0.7008907641819033,1.4017815283638067,2.10267229254571,2.8035630567276133,4.20534458509142
1.4349498327759198,0.6968884745367673,1.3937769490735346,2.0906654236103015,2.787553898147069,4.181330847220603
1.4431438127090304,0.6929316338354575,1.385863267670915,2.078794901506373,2.77172653534183,4.157589803012746
1.4513377926421407,0.6890194722894342,1.3780389445788683,2.0670584168683024,2.7560778891577367,4.134116833736605
1.459531772575251,0.6851512373968836,1.370302474793767,2.0554537121906504,2.740604949587534,4.110907424381301
1.4677257525083613,0.68132619346018,1.36265238692036,2.0439785803805397,2.72530477384072,4.087957160761079
1.4759197324414717,0.6775436211194198,1.3550872422388396,2.0326308633582597,2.710174484477679,4.065261726716519
1.4841137123745822,0.6738028169014083,1.3476056338028166,2.021408450704225,2.6952112676056332,4.04281690140845
1.4923076923076923,0.6701030927835051,1.3402061855670102,2.0103092783505154,2.6804123711340204,4.020618556701031
1.5005016722408029,0.6664437757717596,1.3328875515435192,1.9993313273152789,2.6657751030870385,3.9986626546305577
1.5086956521739132,0.6628242074927954,1.3256484149855907,1.988472622478386,2.6512968299711814,3.976945244956772
1.5168896321070235,0.6592437437989196,1.3184874875978392,1.9777312313967588,2.6369749751956784,3.9554624627935175
1.525083612040134,0.6557017543859648,1.3114035087719296,1.9671052631578942,2.622807017543859,3.9342105263157885
1.5332775919732442,0.6521976224233831,1.3043952448467662,1.9565928672701494,2.6087904896935323,3.9131857345402987
1.5414715719063548,0.6487307441961379,1.2974614883922757,1.9461922325884136,2.5949229767845514,3.892384465176827
1.549665551839465,0.6453005287579583,1.2906010575159166,1.9359015862738749,2.581202115031833,3.8718031725477497
1.5578595317725754,0.6419063975955345,1.283812795191069,1.9257191927866035,2.567625590382138,3.851438385573207
1.5660535117056857,0.6385477843032568,1.2770955686065135,1.9156433529097703,2.554191137213027,3.8312867058195406
1.574247491638796,0.6352241342681113,1.2704482685362226,1.905672402804334,2.5408965370724452,3.811344805608668
1.5824414715719066,0.6319349043643664,1.2638698087287328,1.895804713093099,2.5277396174574656,3.791609426186198
1.590635451505017,0.6286795626576954,1.2573591253153908,1.8860386879730864,2.5147182506307817,3.7720773759461728
1.5988294314381273,0.6254575881183976,1.2509151762367952,1.8763727643551928,2.5018303524735903,3.7527455287103857
1.6070234113712376,0.6222684703433923,1.2445369406867846,1.8668054110301768,2.489073881373569,3.7336108220603537
1.615217391304348,0.6191117092866756,1.2382234185733512,1.8573351278600267,2.4764468371467023,3.7146702557200535
1.6234113712374585,0.6159868149979397,1.2319736299958794,1.8479604449938192,2.463947259991759,3.6959208899876383
1.6316053511705688,0.6128933073690682,1.2257866147381364,1.8386799221072048,2.451573229476273,3.6773598442144095
1.6397993311036791,0.6098307158882316,1.2196614317764631,1.8294921476646948,2.4393228635529263,3.6589842953293896
1.6479933110367895,0.6067985794013191,1.2135971588026382,1.8203957382039573,2.4271943176052764,3.6407914764079146
1.6561872909698998,0.6037964458804523,1.2075928917609047,1.8113893376413568,2.4151857835218093,3.6227786752827136
1.6643812709030101,0.6008238721993369,1.2016477443986737,1.8024716165980106,2.4032954887973474,3.604943233196021
1.6725752508361207,0.5978804239152169,1.1957608478304338,1.7936412717456505,2.3915216956608676,3.587282543491301
1.680769230769231,0.5949656750572081,1.1899313501144162,1.7848970251716245,2.3798627002288324,3.569794050343249
1.6889632107023413,0.592079207920792,1.184158415841584,1.776237623762376,2.368316831683168,3.552475247524752
1.6971571906354517,0.5892206128682628,1.1784412257365255,1.7676618386047884,2.356882451473051,3.535323677209577
1.705351170568562,0.5863894881349284,1.1727789762698568,1.7591684644047851,2.3455579525397137,3.5183369288095703
1.7135451505016726,0.5835854396408704,1.1671708792817408,1.7507563189226112,2.3343417585634816,3.5015126378452224
1.7217391304347829,0.5808080808080807,1.1616161616161613,1.7424242424242422,2.3232323232323226,3.4848484848484844
1.7299331103678932,0.5780570323827935,1.156114064765587,1.7341710971483806,2.312228129531174,3.468342194296761
1.7381270903010035,0.5753319222628439,1.1506638445256878,1.7259957667885317,2.3013276890513756,3.4519915335770635
1.7463210702341139,0.572632385329886,1.145264770659772,1.717897155989658,2.290529541319544,3.435794311979316
1.7545150501672242,0.5699580632863134,1.1399161265726268,1.70987418985894,2.2798322531452535,3.41974837971788
1.7627090301003348,0.5673086044967269,1.1346172089934539,1.701925813490181,2.2692344179869077,3.403851626980362
1.770903010033445,0.5646836638338054,1.1293673276676108,1.6940509915014161,2.2587346553352217,3.3881019830028323
1.7790969899665554,0.5620829025284331,1.1241658050568661,1.6862487075852992,2.2483316101137323,3.3724974151705984
1.7872909698996657,0.559505988023952,1.119011976047904,1.6785179640718562,2.238023952095808,3.3570359281437123
1.795484949832776,0.5569525938344043,1.1139051876688086,1.670857781503213,2.2278103753376173,3.341715563006426
1.8036789297658864,0.5544223994066382,1.1088447988132764,1.6632671982199145,2.2176895976265527,3.326534396439829
1.811872909698997,0.5519150899861559,1.1038301799723118,1.6557452699584676,2.2076603599446236,3.311490539916935
1.8200668896321073,0.5494303564865858,1.0988607129731716,1.6482910694597572,2.197721425946343,3.2965821389195145
1.8282608695652176,0.5469678953626634,1.0939357907253269,1.6409036860879902,2.1878715814506537,3.2818073721759804
1.836454849498328,0.5445274084866144,1.0890548169732288,1.6335822254598433,2.1781096339464576,3.2671644509196867
1.8446488294314383,0.5421086030278306,1.0842172060556612,1.6263258090834918,2.1684344121113224,3.2526516181669836
1.8528428093645488,0.53971119133574,1.07942238267148,1.61913357400722,2.15884476534296,3.23826714801444
1.8610367892976591,0.5373348908257705,1.074669781651541,1.6120046724773114,2.149339563303082,3.2240093449546228
1.8692307692307695,0.5349794238683127,1.0699588477366253,1.604938271604938,2.1399176954732506,3.209876543209876
1.8774247491638798,0.5326445176805914,1.0652890353611828,1.5979335530417742,2.1305780707223656,3.1958671060835484
1.8856187290969901,0.5303299042213551,1.0606598084427101,1.590989712664065,2.1213196168854203,3.18197942532813
1.8938127090301005,0.5280353200883002,1.0560706401766005,1.5841059602649006,2.112141280353201,3.168211920529801
1.902006688963211,0.5257605064181465,1.051521012836293,1.5772815192544396,2.103042025672586,3.154563038508879
1.9102006688963213,0.5235052087892847,1.0470104175785695,1.5705156263678541,2.094020835157139,3.1410312527357083
1.9183946488294317,0.5212691771269177,1.0425383542538353,1.563807531380753,2.0850767085076707,3.127615062761506
1.926588628762542,0.5190521656106241,1.0381043312212481,1.557156496831872,2.0762086624424962,3.114312993663744
1.9347826086956523,0.5168539325842696,1.0337078651685392,1.5505617977528088,2.0674157303370784,3.1011235955056176
1.9429765886287629,0.5146742404681985,1.029348480936397,1.5440227214045956,2.058696961872794,3.0880454428091912
1.9511705685618732,0.5125128556736372,1.0250257113472745,1.5375385670209116,2.050051422694549,3.0750771340418233
1.9593645484949835,0.5103695485192454,1.0207390970384909,1.5311086455577365,2.0414781940769817,3.062217291115473
1.9675585284280939,0.5082440931497535,1.016488186299507,1.5247322794492604,2.032976372599014,3.0494645588985207
1.9757525083612042,0.5061362674566229,1.0122725349132458,1.5184088023698687,2.0245450698264915,3.0368176047397375
1.9839464882943145,0.5040458530006743,1.0080917060013486,1.5121375590020227,2.016183412002697,3.0242751180040455
1.992140468227425,0.5019726349366238,1.0039452698732476,1.5059179048098714,2.0078905397464952,3.011835809619743
2.0003344481605354,0.49991640193947495,0.9998328038789499,1.4997492058184247,1.9996656077578998,2.9994984116368495
2.008528428093646,0.49787694613271155,0.9957538922654231,1.4936308383981347,1.9915077845308462,2.9872616767962694
2.016722408026756,0.4958540630182421,0.9917081260364842,1.4875621890547261,1.9834162520729683,2.9751243781094523
2.024916387959866,0.4938475514080436,0.9876951028160872,1.4815426542241308,1.9753902056321744,2.9630853084482616
2.033110367892977,0.49185721335745997,0.9837144267149199,1.47557164007238,1.9674288534298399,2.95114328014476
2.0413043478260873,0.4898828541001064,0.9797657082002128,1.4696485623003193,1.9595314164004256,2.9392971246006385
2.0494983277591974,0.4879242819843342,0.9758485639686684,1.4637728459530026,1.9516971279373367,2.927545691906005
2.057692307692308,0.4859813084112149,0.9719626168224298,1.4579439252336448,1.9439252336448596,2.9158878504672896
2.0658862876254185,0.48405374777400023,0.9681074955480005,1.4521612433220006,1.936214991096001,2.904322486644001
2.0740802675585286,0.48214141739901634,0.9642828347980327,1.446424252197049,1.9285656695960653,2.892848504394098
2.082274247491639,0.48024413748795364,0.9604882749759073,1.440732412463861,1.9209765499518145,2.881464824927722
2.0904682274247497,0.47836173106151497,0.9567234621230299,1.435085193184545,1.9134469242460599,2.87017038636909
2.09866220735786,0.4764940239043824,0.9529880478087648,1.4294820717131471,1.9059760956175296,2.8589641434262942
2.10685618729097,0.47464084451146915,0.9492816890229383,1.4239225335344075,1.8985633780458766,2.847845067068815
2.1150501672240805,0.4728020240354206,0.9456040480708412,1.4184060721062617,1.8912080961416824,2.8368121442125234
2.123244147157191,0.4709773962353311,0.9419547924706622,1.4129321887059934,1.8839095849413243,2.8258643774119867
2.131438127090301,0.46916679742664363,0.9383335948532873,1.407500392279931,1.8766671897065745,2.815000784559862
2.1396321070234117,0.4673700664322,0.9347401328644,1.4021101992966,1.8694802657288,2.8042203985932
2.147826086956522,0.46558704453441285,0.9311740890688257,1.3967611336032386,1.8623481781376514,2.7935222672064772
2.1560200668896323,0.4638175754285271,0.9276351508570542,1.3914527262855811,1.8552703017141083,2.7829054525711623
2.1642140468227424,0.4620615051769433,0.9241230103538866,1.3861845155308299,1.848246020707773,2.7723690310616598
2.1724080267558534,0.46031868216457533,0.9206373643291507,1.380956046493726,1.8412747286583013,2.761912092987452
2.1806020066889635,0.45858895705521463,0.9171779141104293,1.375766871165644,1.8343558282208585,2.751533742331288
2.1887959866220736,0.4568721827488731,0.9137443654977462,1.3706165482466193,1.8274887309954924,2.7412330964932385
2.196989966555184,0.45516821434008214,0.9103364286801643,1.3655046430202464,1.8206728573603286,2.731009286040493
2.2051839464882947,0.4534769090771213,0.9069538181542426,1.360430727231364,1.8139076363084852,2.720861454462728
2.213377926421405,0.45179812632215166,0.9035962526443033,1.355394378966455,1.8071925052886066,2.71078875793291
2.2215719063545154,0.4501317275122318,0.9002634550244636,1.3503951825366953,1.8005269100489272,2.7007903650733907
2.229765886287626,0.4484775761211938,0.8969551522423876,1.3454327283635814,1.7939103044847753,2.690865456727163
2.237959866220736,0.44683553762235667,0.8936710752447133,1.34050661286707,1.7873421504894267,2.68101322573414
2.246153846153846,0.4452054794520548,0.8904109589041096,1.3356164383561644,1.7808219178082192,2.671232876712329
2.2543478260869567,0.44358727097396333,0.8871745419479267,1.3307618129218899,1.7743490838958533,2.6615236258437798
2.2625418060200673,0.441980783444198,0.883961566888396,1.325942350332594,1.767923133776792,2.651884700665188
2.2707357859531774,0.4403858899771706,0.8807717799543412,1.3211576699315117,1.7615435599086824,2.6423153398630235
2.278929765886288,0.4388024655121808,0.8776049310243615,1.3164073965365422,1.755209862048723,2.6328147930730843
2.2871237458193985,0.4372303867807267,0.8744607735614534,1.31169116034218,1.7489215471229067,2.62338232068436
2.2953177257525086,0.4356695322745155,0.871339064549031,1.3070085968235465,1.742678129098062,2.614017193647093
2.3035117056856187,0.4341197822141561,0.8682395644283122,1.3023593466424683,1.7364791288566244,2.6047186932849367
2.3117056856187297,0.43258101851851843,0.8651620370370369,1.2977430555555551,1.7303240740740737,2.5954861111111103
2.31989966555184,0.4310531247747422,0.8621062495494844,1.2931593743242267,1.724212499098969,2.5863187486484533
2.32809364548495,0.429535986208878,0.859071972417756,1.2886079586266341,1.718143944835512,2.5772159172532683
2.3362876254180605,0.4280294896571469,0.8560589793142938,1.2840884689714407,1.7121179586285875,2.5681769379428814
2.344481605351171,0.42653352353780305,0.8530670470756061,1.2796005706134093,1.7061340941512122,2.5592011412268185
2.352675585284281,0.4250479778235837,0.8500959556471674,1.2751439334707513,1.700191911294335,2.5502878669415026
2.3608695652173917,0.4235727440147329,0.8471454880294658,1.2707182320441988,1.6942909760589315,2.5414364640883975
2.369063545150502,0.4221077151125855,0.844215430225171,1.2663231453377564,1.688430860450342,2.5326462906755127
2.3772575250836123,0.4206527855936972,0.8413055711873944,1.2619583567810915,1.6826111423747887,2.523916713562183
2.3854515050167224,0.41920785138450756,0.8384157027690151,1.2576235541535226,1.6768314055380302,2.515247108307045
2.393645484949833,0.41777280983652365,0.8355456196730473,1.253318429509571,1.6710912393460946,2.506636859019142
2.4018394648829435,0.41634755970201204,0.8326951194040241,1.249042679106036,1.6653902388080482,2.498085358212072
2.4100334448160536,0.4149320011101859,0.8298640022203718,1.2447960033305578,1.6597280044407436,2.4895920066611157
2.418227424749164,0.41352603554387657,0.8270520710877531,1.2405781066316297,1.6541041421755063,2.4811562132632594
2.4264214046822747,0.4121295658166781,0.8242591316333562,1.2363886974500342,1.6485182632667124,2.4727773949000684
2.434615384615385,0.4107424960505529,0.8214849921011058,1.2322274881516586,1.6429699842022116,2.4644549763033172
2.4428093645484954,0.4093647316538882,0.8187294633077764,1.2280941949616646,1.6374589266155528,2.456188389923329
2.451003344481606,0.4079961792999931,0.8159923585999862,1.2239885378999793,1.6319847171999724,2.4479770757999586
2.459197324414716,0.4066367469060247,0.8132734938120494,1.2199102407180742,1.6265469876240988,2.4398204814361484
2.467391304347826,0.4052863436123348,0.8105726872246696,1.2158590308370043,1.6211453744493391,2.4317180616740086
2.4755852842809367,0.40394487976222637,0.8078897595244527,1.2118346392866792,1.6157795190489055,2.4236692785733585
2.4837792642140473,0.40261226688211127,0.8052245337642225,1.2078368006463338,1.610449067528445,2.4156736012926676
2.4919732441471574,0.40128841766205875,0.8025768353241175,1.2038652529861762,1.605153670648235,2.4077305059723524
2.500167224080268,0.39997324593672656,0.7999464918734531,1.1999197378101798,1.5998929837469062,2.3998394756203596
2.5083612040133785,0.39866666666666656,0.7973333333333331,1.1959999999999997,1.5946666666666662,2.3919999999999995
2.5165551839464886,0.3973685959199946,0.7947371918399893,1.1921057877599839,1.5894743836799785,2.3842115755199678
2.5247491638795987,0.3960789508544178,0.7921579017088356,1.1882368525632534,1.5843158034176712,2.376473705126507
2.5329431438127092,0.39479764969961045,0.7895952993992209,1.1843929490988314,1.5791905987984418,2.368785898197663
2.54113712374582,0.3935246117399315,0.787049223479863,1.1805738352197945,1.574098446959726,2.361147670439589
2.54933110367893,0.3922597572974746,0.7845195145949492,1.1767792718924237,1.5690390291898983,2.3535585437848474
2.557525083612041,0.39100300771544383,0.7820060154308877,1.1730090231463315,1.5640120308617753,2.346018046292663
2.565719063545151,0.38975428534184964,0.7795085706836993,1.169262856025549,1.5590171413673986,2.338525712051098
2.573913043478261,0.3885135135135135,0.777027027027027,1.1655405405405403,1.554054054054054,2.3310810810810807
2.582107023411371,0.3872806165403795,0.774561233080759,1.1618418496211385,1.549122466161518,2.323683699242277
2.590301003344482,0.3860555196901226,0.7721110393802452,1.1581665590703678,1.5442220787604903,2.3163331181407356
2.5984949832775923,0.3848381491730484,0.7696762983460969,1.1545144475191451,1.5393525966921937,2.3090288950382902
2.6066889632107024,0.3836284321272774,0.7672568642545547,1.1508852963818321,1.5345137285091095,2.3017705927636642
2.6148829431438134,0.38242629660420785,0.7648525932084157,1.1472788898126236,1.5297051864168314,2.294557779625247
2.6230769230769235,0.38123167155425214,0.7624633431085043,1.1436950146627565,1.5249266862170086,2.287390029325513
2.6312709030100336,0.3800444868128376,0.7600889736256752,1.1401334604385127,1.5201779472513504,2.2802669208770254
2.6394648829431437,0.37886467308667005,0.7577293461733401,1.1365940192600101,1.5154586923466802,2.2731880385200203
2.6476588628762547,0.3776921619402513,0.7553843238805026,1.1330764858207538,1.5107686477610052,2.2661529716415076
2.655852842809365,0.376526885782647,0.753053771565294,1.129580657347941,1.506107543130588,2.259161314695882
2.664046822742475,0.3753687778544975,0.750737555708995,1.1261063335634927,1.50147511141799,2.2522126671269853
2.672240802675586,0.374217772215269,0.748435544430538,1.122653316645807,1.496871088861076,2.245306633291614
2.680434782608696,0.373073803730738,0.746147607461476,1.1192214111922139,1.492295214922952,2.2384428223844277
2.688628762541806,0.37193680806070406,0.7438736161214081,1.115810424182112,1.4877472322428162,2.231620848364224
2.696822742474917,0.3708067216469274,0.7416134432938548,1.1124201649407823,1.4832268865877096,2.2248403298815647
2.7050167224080273,0.3696834817012858,0.7393669634025716,1.1090504451038574,1.4787339268051432,2.218100890207715
2.7132107023411374,0.36856702619414483,0.7371340523882897,1.1057010785824344,1.4742681047765793,2.2114021571648688
2.7214046822742475,0.3674572938429397,0.7349145876858794,1.102371881528819,1.4698291753717587,2.204743763057638
2.7295986622073585,0.36635422410096175,0.7327084482019235,1.0990626723028853,1.465416896403847,2.1981253446057707
2.7377926421404686,0.3652577571463474,0.7305155142926948,1.095773271439042,1.4610310285853896,2.191546542878084
2.7459866220735787,0.3641678338712624,0.7283356677425248,1.0925035016137872,1.4566713354850496,2.1850070032275744
2.7541806020066897,0.363084395871281,0.726168791742562,1.0892531876138432,1.452337583485124,2.1785063752276863
2.7623745819398,0.36200738543495364,0.7240147708699073,1.0860221563048609,1.4480295417398146,2.1720443126097218
2.77056856187291,0.36093674553355864,0.7218734910671173,1.082810236600676,1.4437469821342346,2.165620473201352
2.77876254180602,0.3598724198110369,0.7197448396220738,1.0796172594331106,1.4394896792441476,2.159234518866221
2.786956521739131,0.3588143525741029,0.7176287051482058,1.0764430577223087,1.4352574102964115,2.1528861154446175
2.795150501672241,0.35776248878253064,0.7155249775650613,1.0732874663475918,1.4310499551301226,2.1465749326951835
2.803344481605351,0.35671677403960866,0.7134335480792173,1.070150322118826,1.4268670961584347,2.140300644237652
2.811538461538462,0.3556771545827633,0.7113543091655266,1.0670314637482898,1.422708618331053,2.1340629274965797
2.8197324414715723,0.35464357727434465,0.7092871545486893,1.063930731823034,1.4185743090973786,2.127861463646068
2.8279264214046824,0.35361598959257284,0.7072319791851457,1.0608479687777186,1.4144639583702914,2.121695937555437
2.8361204013377934,0.3525943396226414,0.7051886792452828,1.0577830188679243,1.4103773584905657,2.1155660377358485
2.8443143812709035,0.35157857604797454,0.7031571520959491,1.0547357281439236,1.4063143041918982,2.109471456287847
2.8525083612040136,0.3505686481416344,0.7011372962832688,1.0517059444249033,1.4022745925665376,2.1034118888498066
2.8607023411371237,0.3495645057578769,0.6991290115157538,1.0486935172736307,1.3982580230315076,2.0973870345472614
2.8688963210702347,0.34856609932385163,0.6971321986477033,1.045698297971555,1.3942643972954065,2.09139659594311
2.877090301003345,0.3475733798314443,0.6951467596628886,1.0427201394943328,1.3902935193257773,2.0854402789886657
2.885284280936455,0.34658629882925696,0.6931725976585139,1.0397588964877709,1.3863451953170278,2.0795177929755417
2.893478260869566,0.3456048084147257,0.6912096168294514,1.036814425244177,1.3824192336589027,2.073628850488354
2.901672240802676,0.34462886122637154,0.6892577224527431,1.0338865836791147,1.3785154449054862,2.0677731673582294
2.909866220735786,0.3436584104361818,0.6873168208723636,1.0309752313085454,1.3746336417447271,2.061950462617091
2.9180602006688963,0.34269340974212037,0.6853868194842407,1.028080229226361,1.3707736389684815,2.056160458452722
2.9262541806020073,0.3417338133607634,0.6834676267215268,1.0252014400822902,1.3669352534430537,2.0504028801645804
2.9344481605351174,0.3407795760200592,0.6815591520401184,1.0223387280601777,1.3631183040802368,2.0446774561203553
2.9426421404682275,0.33983065295220777,0.6796613059044155,1.0194919588566234,1.359322611808831,2.0389839177132467
2.9508361204013385,0.33888699988665977,0.6777739997733195,1.0166609996599794,1.355547999546639,2.0333219993199587
2.9590301003344486,0.3379485730432325,0.675897146086465,1.0138457191296975,1.35179429217293,2.027691438259395
2.9672240802675587,0.3370153291253381,0.6740306582506762,1.0110459873760145,1.3480613165013524,2.022091974752029
2.9754180602006697,0.33608722531332536,0.6721744506266507,1.008261675939976,1.3443489012533014,2.016523351879952
2.98361204013378,0.33516421925793066,0.6703284385158613,1.005492657773792,1.3406568770317226,2.010985315547584
2.99180602006689,0.334246269073836,0.668492538147672,1.002738807221508,1.336985076295344,2.005477614443016
3.0,0.3333333333333333,0.6666666666666666,1.0,1.3333333333333333,2.0
