# Fig 4A: the bounded fixed-exponent fits h = 1, 2, 3 as curves, on the grid of Fig3A_fit.csv
glutamine_mM,fit_h1,fit_h2,fit_h3
0.01,2.9603344575786403,2.970230380929841,2.8409838198055097
0.010216739517934467,2.9594863585058104,2.970195137038718,2.840982935019724
0.01043817663773238,2.9586203794799135,2.970158349893754,2.8409819914483827
0.010664413174990074,2.957736154495619,2.9701199519672548,2.840980985185802
0.0108955531520502,2.9568333105279856,2.97007987278104,2.840979912066814
0.011131702845830671,2.955911467418385,2.9700380387779113,2.84097876764953
0.011372970836690179,2.95497023775951,2.9699943731875584,2.840977547196953
0.011619468058352877,2.9540092267794833,2.969948795886661,2.840976245657378
0.011871307848915111,2.9530280322251277,2.969901223252941,2.84097485764348
0.012128606002957657,2.952026244244432,2.9698515680129076,2.8409733774100214
0.012391480824787469,2.951003445268264,2.9697997390830246,2.840971798830077
0.012660053182833331,2.9499592098913894,2.9697456414040215,2.840970115369674
0.012934446565220532,2.948893104752844,2.9696891757680564,2.8409683200607567
0.013214787136550034,2.947804688415723,2.96963023863843,2.8409664054723485
0.013501203795908278,2.9466935112464503,2.9695687219615308,2.840964363679802
0.013793828236134294,2.9455591152935954,2.9695045129706865,2.8409621862320065
0.014092795004371345,2.9444010341663063,2.96943749398158,2.840959864116416
0.014398241563931016,2.943218792912446,2.9693675421788703,2.840957387721758
0.014710308357498057,2.9420119078964873,2.969294529393655,2.840954746798263
0.015029138871705205,2.940779886677285,2.969218321871382,2.840951930415254
0.01535487970310756,2.9395222278857855,2.9691387800298212,2.840948926915919
0.015687680625586876,2.9382384211027825,2.969055758206664,2.8409457238690856
0.016027694659216836,2.9369279467368212,2.9689691043963347,2.8409423080177816
0.016375078140620784,2.9355902759023422,2.968878659975554,2.8409386652243978
0.016729990794854523,2.934224870298194,2.96878425941719,2.840934780412193
0.017092595808847005,2.932831182086613,2.968685729991916,2.8409306375029244
0.017463059906432824,2.9314086537728063,2.968582891457162,2.840926219350342
0.017841553425010922,2.929956718085256,2.968475555732841,2.840921507669254
0.01822825039386481,2.928474797856886,2.9683635265633135,2.8409164829599
0.018623328614180302,2.926962305907231,2.968246599165011,2.8409111244272958
0.019026969740797563,2.925418644925752,2.9681245598591457,2.8409054098952238
0.019439359365734977,2.923843207356454,2.9679971856888954,2.8408993157145237
0.019860687103523404,2.9222353752839747,2.9678642440204324,2.8408928166652894
0.02029114667838989,2.9205945203212993,2.967725492127141,2.8408858858525825
0.020730936013331067,2.918920003499293,2.967580676756355,2.8408784945952257
0.02118025732111703,2.917211175158221,2.967429533677907,2.8408706123072136
0.021639317197267718,2.915467374841464,2.9672717872137646,2.8408622063712667
0.0221083267150444,2.9136879311916117,2.967107149748006,2.840853242003993
0.022587501522500043,2.9118721618491588,2.9669353212163494,2.840843682112106
0.02307706194163311,2.9100193733540136,2.9667559885744406,2.840833487139116
0.02357723306969045,2.9081288610500393,2.966568825244061,2.8408226149018514
0.024088244882665765,2.906199908992878,2.9663734905363968,2.840811020416142
0.024610332341041402,2.9042317898612877,2.966169629051489,2.8407986557109557
0.025143735497821836,2.9022237648722533,2.965956870052932,2.8407854696302146
0.0256886996089088,2.9001750837001317,2.9657348268168997,2.840771407621474
0.026245475245868607,2.8980849844001075,2.9655030959544955,2.8407564115106156
0.026814318411143664,2.895952693336233,2.9652612567064507,2.840740419261606
0.02739549065576092,2.893777425114363,2.9650088702091164,2.8407233647203554
0.0279892591995917,2.891558382520267,2.9647454787306975,2.8407051773416137
0.028595897054217938,2.8892947564632494,2.9644706048766305,2.8406857818977946
0.02921568314846142,2.8869857259255935,2.9641837507629836,2.8406650981685337
0.029848902456633786,2.884630457918163,2.9638843971567326,2.840643040609701
0.030495846129566156,2.8822281074425176,2.9635720025817216,2.840619518000539
0.031156811628478727,2.879777817459888,2.963246002389111,2.840594433067464
0.03183210286175187,2.877278718867386,2.962905807791066,2.8405676820830026
0.03252203032466152,2.8747299304818235,2.962550804856436,2.840539154438238
0.03322691124214325,2.872130559031537,2.9621803534671236,2.840508732187016
0.03394706971465057,2.869479699156619,2.9617937862338404,2.840476289560066
0.03468283686717468,2.8667764334179617,2.961390407369911,2.8404416924470532
0.0354345510014938,2.8640198323155452,2.9609694915217757,2.84040479784448
0.036202557751722604,2.8612089543164103,2.9605302825548154,2.8403654532671845
0.03698721024323291,2.858342845892748,2.960071992293113,2.840323496121062
0.03778886925501882,2.8554205415705787,2.959593799211755,2.8402787530344873
0.038607903385580955,2.852441063989485,2.9590948470802623,2.8402310391457277
0.039444689222406085,2.8494034239738757,2.9585742435557387,2.840180157343495
0.04029961151512,2.8463066206162777,2.958031058724328,2.8401258974575807
0.04117306335239332,2.843149641373154,2.9574643235895643,2.840068035396335
0.04206544634268162,2.8399314621737597,2.9568730285062297,2.8400063322275377
0.04297717079888272,2.8366510475425595,2.9562561215583325,2.839940533199006
0.0439086559269964,2.833307350735737,2.955612506879854,2.839870366695037
0.04486033001887316,2.82989931389234,2.954941042916933,2.8397955431245427
0.045832630649140324,2.8264258682006056,2.9542405406302197,2.839715753736496
0.04682600487639664,2.8228859340800274,2.953509761636154,2.8396306693579922
0.04784090944876736,2.819278421379735,2.952747416285998,2.839539939050001
0.04887781101391459,2.8156022295937455,2.951952161681534,2.839443188675514
0.04993718633359937,2.811856248093685,2.951122599626397,2.8393400193745273
0.05101952250289417,2.80803935637955,2.950257274512153,2.8392300059399243
0.05212531717414657,2.8041504243491095,2.949354671138299,2.839112695087981
0.05325507878579711,2.8001883125865406,2.948413212465538,2.8389876036168418
0.05440932679615668,2.7961518726708916,2.9474312573018,2.838854216445909
0.05558859192225047,2.7920399475049815,2.946407097920677,2.838711984528688
0.05679341638383888,2.7878513716653335,2.9453389576121105,2.838560322631173
0.058024354152727345,2.7835849717737426,2.9442249881653946,2.8383986069674343
0.05928197120747943,2.7792395668910888,2.9430632672848116,2.8382261726835525
0.06056684579365084,2.774813968933977,2.941851795938462,2.8380423111805824
0.061879568689663544,2.770306983114825,2.940588495641177,2.8378462672666847
0.06322074347844259,2.7657174084059615,2.939271205672716,2.8376372361280313
0.0645909868249402,2.7610440380283423,2.9378976802328194,2.8374143601075352
0.06599092875967512,2.756285659965442,2.9364655855351125,2.837176725279864
0.06742121296841709,2.751441057502897,2.9349724968422737,2.8369233578106017
0.06888249708815022,2.746509009794453,2.9334158954453793,2.8366532200868044
0.07037545300945103,2.7414882924547443,2.9317931655908884,2.8363652066055636
0.07190076718541984,2.7363776781794504,2.9301015913592825,2.836058139606536
0.07345914094730842,2.73117593739331,2.9283383535000427,2.8357307644337544
0.07505129082698839,2.725881838926501,2.926500526228311,2.8353817446113485
0.07667794888640848,2.720494150719835,2.9245850739893573,2.835009656617158
0.07833986305419287,2.7150116405592075,2.922588848197768,2.8346129843375314
0.08003779746953466,2.7094330768397223,2.9205085839591636,2.8341901131859584
0.08177253283354301,2.70375722935986,2.918340896783183,2.8337393238675417
0.08354486676820524,2.6979828701460487,2.916082279297521,2.8332587857706697
0.08535561418312926,2.6921087743079406,2.913729097973864,2.8327465499667057
0.08720560765023444,2.6861337209246847,2.9112775898777783,2.8322005417979224
0.08909569778656384,2.680056493962408,2.9087238594558325,2.831618553033458
0.09102675364539327,2.67387588322312,2.9060638753745973,2.830998233572653
0.09299966311581748,2.6675906853251643,2.9032934674275794,2.8303370826748036
0.09501533333099649,2.6611997047153175,2.9004083235276594,2.8296324396941714
0.09707469108525071,2.6547017547125793,2.897403986804229,2.8288814742990245
0.09917868326019617,2.6480956585836277,2.894275852825885,2.8280811761535705
0.10132827726011517,2.641380250649871,2.8910191669713554,2.827228344041956
0.10352446145676392,2.6345543774259523,2.8876290219731957,2.826319574414003
0.10576824564382034,2.6276168987895034,2.8841003556607494,2.8253512493331643
0.10806066150118193,2.620566689181864,2.880427948930936,2.824319523808282
0.11040276306932652,2.6134026388394336,2.8766064239775475,2.8232203124921926
0.11279562723395435,2.6061236550552116,2.8726302428119417,2.822049275732125
0.11524035422113466,2.5987286634700357,2.868493706110302,2.820801804959206
0.11773806810318325,2.5912166093929234,2.864190952424961,2.81947300740731
0.12028991731550519,2.583586459149844,2.859715957799663,2.8180576901550607
0.12289707518463913,2.57583720146016,2.8550625358310655,2.816550343489043
0.1255607404677466,2.5679678488398796,2.8502243382211976,2.814945123591392
0.12828213790379395,2.5599774390307766,2.845194855868032,2.8132358345609076
0.13106251877668104,2.551865036454317,2.839967420543723,2.8114159097838645
0.13390316149057455,2.54362973368926,2.8345352072124355,2.8094783926788773
0.13680537215771135,2.535270652971669,2.8288912370419332,2.807415916849611
0.1397704851989421,2.5267869477159803,2.823028381165297,2.805220685690012
0.14279986395729063,2.5181778040556653,2.8169393652511263,2.8028844514991746
0.14589490132481164,2.5094424424019155,2.810616774942423,2.80039849417712
0.14905702038303525,2.500580119018659,2.8040530622259237,2.7977535995888423
0.15228767505729196,2.4915901276121173,2.797240552794976,2.794940037702077
0.1555883507852198,2.4824718009329922,2.7901714544699856,2.791947540624621
0.1589605651997605,2.473224512389262,2.7828378667410507,2.7887652806897667
0.16240586882695915,2.463847677667439,2.775231791497478,2.7853818487637394
0.1659258457988875,2.45434075636005,2.767345145008456,2.7817852329770703
0.16952211458201938,2.4447032535969675,2.759169771218127,2.7779627981127026
0.1731963287213932,2.4349347216781116,2.7506974564165727,2.7739012659175013
0.17695017760090262,2.425034761704935,2.7419199453457965,2.769586696640705
0.1807853872200664,2.4150030252079935,2.7328289587964476,2.7650044721428237
0.1847037209876337,2.404839215767789,2.7234162127468404,2.760139280961438
0.18870698053238993,2.3945430906259744,2.713673439090616,2.7549751057662712
0.19279700653153573,2.3841144622839097,2.703592407993091,2.7494952136844915
0.19697567955702106,2.3735532000854453,2.6931649519089085,2.7436821500281905
0.20124492094022134,2.3628592317807446,2.6823829912849675,2.737517736008901
0.20560669365535567,2.3520325450678277,2.671238561962624,2.7309830710782355
0.21006300322205182,2.3410731891084793,2.65972384428191,2.7240585405884223
0.2146158986274732,2.329981276015047,2.647831193877829,2.7167238295206944
0.21926747326843218,2.3187569823046124,2.6355531741446954,2.7089579430818254
0.22401986591392303,2.3074005503169417,2.622882590329002,2.700739235018092
0.2288752616885158,2.29591228959257,2.609812525194357,2.6920454445397097
0.23383589307706518,2.284292578207319,2.596336376183738,2.6828537427851735
0.23890404095119505,2.2725418640595207,2.5824478939846816,2.673140789781448
0.24408203561803085,2.2606606661061868,2.56814122238217,2.6628828028697096
0.24937225789166226,2.2486495755443303,2.5534109392619957,2.652055637564239
0.2547771401878291,2.236509256933663,2.538252098604463,2.6406348817905196
0.26029916764233235,2.2242404492568726,2.522660273284589,2.628595964403952
0.26594087925368654,2.2118439669137064,2.5066315984707406,2.615914278818786
0.27170486905053776,2.199320700645117,2.4901628153891777,2.6025653224739322
0.27759378728438383,2.186671618383757,2.4732513151975217,2.588524852724147
0.28361034164814575,2.1738977660271686,2.4558951826861666,2.5737690595678346
0.2897572985211506,2.1610002681300675,2.4380932395034183,2.5582747554029686
0.2960374842410973,2.147980328512219,2.4198450865781234,2.5420195817375477
0.3024537864035921,2.134839230778465,2.4011511453932153,2.5249822324686906
0.309009155189849,2.1215783387475993,2.382012697745413,2.5071426929842864
0.31570660472316747,2.108199096786882,2.3624319236107345,2.4884824939339776
0.32254921445480994,2.094703030049133,2.3424119367230762,2.4689849780649795
0.3295401305799176,2.081091744609488,2.321956817464326,2.448635578027967
0.33668256748411285,2.067366927499057,2.301071642659836,2.4274221025366742
0.3439798092214574,2.0535303466329102,2.2797625118729687,2.405335027722355
0.35143521102444225,2.039583850630003,2.258036569797431,2.382367789974508
0.35905220084670575,2.0255293685228404,2.2359020243563457,2.3585170760184875
0.366834280939188,2.0113689093549305,2.2133681601330415,2.3337831054683935
0.37478502946044767,1.9971045616642629,2.1904453467803977,2.3081699006315985
0.38290810212187887,1.9827384928513268,2.1671450420834586,2.2816855379534027
0.39120723386858863,1.9682729484304067,2.143479789383967,2.25434237520148
0.39968624059670405,1.9537102511631792,2.1194632091153323,2.2261572483251966
0.408349020907901,1.9390528000738898,2.095109984242092,2.1971516319084254
0.41719955790195973,1.9243030693456853,2.0704358394489026,2.1673517572876246
0.4262419210081741,1.9094636070979554,2.0454575139798408,2.1367886827468903
0.4354802678564514,1.894537034044851,2.0201927280889262,2.105498310740007
0.4449188461889693,1.8795260420354356,1.9946601431262803,2.0735213478305106
0.454561995813265,1.8644333924762453,1.9688793153506339,2.0409032039803296
0.4644141505976546,1.8492619146373548,1.942870643626768,2.007693828942055
0.4744798405099024,1.8340145038433384,1.9166553112350897,1.9739474847958598
0.4847636937000763,1.8186941195508723,1.890255222088613,1.9397224550863308
0.4952704386285449,1.8033037833150078,1.8636929317191497,1.9050806925146588
0.5060049062400992,1.7878465766464908,1.836991573458167,1.870087408677964
0.5169720321851946,1.7723256387628046,1.8101747802975732,1.8348106108646263
0.5281768590893366,1.7567441642359314,1.7832666029703619,1.7993205923540498
0.5396245388716527,1.7411054005401432,1.756291424839663,1.7636893839731982
0.5513203351137178,1.7254126455034196,1.7292738742262994,1.7279901757756726
0.5632696254797195,1.7096692446664057,1.7022387348386356,1.692296718583842
0.5754779041890796,1.6938785885530905,1.6752108549936593,1.6566827157317374
0.5879507845426675,1.6780441098576693,1.6482150563343327,1.6212212156392478
0.6006940015037644,1.6621692805523278,1.6212760427549977,1.5859840158232676
0.6137134143349693,1.6462576089209178,1.5944183102438116,1.5510410886099573
0.627015009292257,1.6303126365237464,1.5676660583389825,1.516460038169733
0.6406049023774248,1.6143379350989215,1.5410431038741117,1.4823055975818866
0.6544893421501988,1.598337103405894,1.514572797657752,1.4486391734892101
0.6686747126012869,1.582313764017036,1.4882779446939076,1.4155184445742792
0.683167536087704,1.5662715600632604,1.4621807285044253,1.3829970186334979
0.6979744763317166,1.550214151939839,1.4363026400619354,1.3511241515011714
0.713102341484786,1.5341452139787053,1.4106644117842235,1.3199445295416181
0.7285580872579213,1.5180684310936505,1.3852859569786933,1.2894981159374206
0.7443488201198751,1.5019874954048982,1.3601863150601379,1.2598200596051388
0.7604818005646623,1.485906102849617,1.3353836027974286,1.2309406643069871
0.7769644464498943,1.4698279497849838,1.3108949717762297,1.2028854144300722
0.7938043364074713,1.453756729590424,1.2867365721965238,1.1756750529954876
0.8110092133281953,1.4376961292756696,1.2629235230566587,1.1493257067501172
0.8285869879219118,1.4216498261012434,1.2394698887108486,1.123849052687064
0.8465457423548084,1.4056214842179517,1.2163886617254447,1.0992525200307126
0.8648937339655541,1.3896147513318873,1.1936917519016155,1.075539521596961
0.8836393990619776,1.3736332554013746,1.171389981279079,1.0527097084801798
0.9027913568000371,1.3576806013721725,1.1494930848876546,1.0307592422040328
0.922358413146861,1.341760367957127,1.1280097169711563,1.0096810787791874
0.942349564929686,1.32587610446632,1.1069474623717075,0.989465259512013
0.9627740039725475,1.3100313276935958,1.0863128527321964,0.9700992038797214
0.9836411213226322,1.2942295188651518,1.0661113871501864,0.9515680003054905
1.00496051156823,1.278474120655697,1.0463475568982141,0.9338546912104473
1.0267419772502775,1.2627685342774386,1.0270248738127652,0.916940549269059
1.0489955333695082,1.2471161166469569,1.0081459019470915,0.9008053423344964
1.0717314119912997,1.2315201776347355,0.9897122920810701,0.8854275850178623
1.0949600669503217,1.215983977401899,0.9717248186841091,0.8707847753898238
1.1186921786571522,1.2005107238284052,0.9541834189342301,0.8568536157178513
1.142938659009073,1.1851035700366648,0.9370872334074243,0.8436102165522222
1.1677106564073023,1.1697656120142756,0.9204346480656864,0.8310302838267007
1.1930195608829681,1.1544998863392464,0.904223337189303,0.8190892889446783
1.2188770093341845,1.1393093680107846,0.8884503069184736,0.8077626220794231
1.2452948908766341,1.124196968388408,0.8731119390907223,0.7970257291300226
1.2722853523101185,1.1091655332418255,0.8582040350833307,0.7868542329455006
1.2998608037035964,1.0942178409137056,0.8437218593937627,0.7772240395620267
1.3280339241012589,1.079356600597151,0.8296601827153698,0.7681114302959613
1.3568176673522914,1.064584450729348,0.8160133242901351,0.759493140602769
1.3862252680669818,1.0499039575025702,0.8027751933446111,0.7513464266526478
1.4162702477019233,1.035317613493383,0.789939329439132,0.7436491205919746
1.4469664207771076,1.0208278364105898,0.7774989415836548,0.736379675459096
1.4783279012277666,1.0064369679621539,0.7654469459959825,0.7295172007070336
1.5103691088938844,0.9921472728410309,0.7537760023994557,0.7230414892574527
1.5431047761503616,0.9779609378295478,0.7424785487773546,0.7169330369725471
1.5765499546808819,0.9638800710216912,0.7315468345201159,0.7111730553867814
1.6107200223985958,0.9499067011623782,0.7209729519189688,0.7057434784908123
1.6456306905168006,0.9360427771025299,0.7107488659756956,0.7006269643071812
1.681298010772878,0.9222901673685001,0.7008664425128895,0.6958068919430476
1.7177383828087873,0.908650659844186,0.6913174745823509,0.6912673547505417
1.754968561711538,0.8951259615638915,0.6820937071810993,0.6869931501712456
1.7930056657170883,0.881717698613818,0.6731868602949947,0.6829697667886732
1.8318671840812173,0.8684274161398372,0.6645886502991346,0.6791833690619674
1.8715709851209905,0.8552565784590137,0.656290809752133,0.675620780165845
1.9121353244305164,0.8422065692721629,0.6482851056281425,0.6722694633163628
1.95357885327477,0.8292786919745656,0.6405633560361257,0.669117501919579
1.995920627165344,0.8164741700618118,0.6331174454805064,0.6661535788407051
2.039180114622072,0.8037941476276033,0.6259393387209917,0.6633669550549377
2.0833772061245455,0.7912396899502293,0.619021093292169,0.6607474479077772
2.1285322232576522,0.7788117841643107,0.6123548707454887,0.6582854091822031
2.1746659280553367,0.7665113400143226,0.6059329466775513,0.6559717031424771
2.221799532546859,0.7543391906863227,0.5997477196092964,0.653797684699434
2.269954708509982,0.7422960937142321,0.5937917187807904,0.6517551778197562
2.319153597435535,0.7303827319569822,0.5880576109259477,0.6498364542817305
2.369418820707951,0.7185997146427793,0.5825382060907072,0.6480342128622004
2.4207734900064604,0.7069475784767253,0.577226462557021,0.6463415590236681
2.473241217931714,0.6954267888080037,0.5721154909335392,0.6447519851566124
2.526846128862731,0.6840377408528424,0.5671985574721372,0.6432593514199016
2.5816128700491596,0.6727807609694695,0.5624690866674992,0.6418578672115384
2.6375666229439467,0.6616561079812914,0.5579206631948571,0.6405420732927286
2.6947331147816374,0.6506639745445525,0.5535470332387584,0.6393068245802883
2.7531386304076193,0.6398044885567735,0.549342105263404,0.6381472736155374
2.812810024363747,0.6290777146023062,0.5452999502727164,0.6370588547119893
2.8737747332359302,0.6184836554313976,0.5414148016058712,0.6360372687791906
2.936060788269311,0.608022253469228,0.5376810543115966,0.6350784688159092
2.999696828256889,0.5976933923514359,0.5340932641421193,0.6341786460624171
3.064712112707484,0.5874968984827422,0.5306461462052394,0.6333342167987799
3.131136535299098,0.5774325426153502,0.5273345733106654,0.6325418097737665
3.1990006376238704,0.5675000414438955,0.524153574044437,0.6317982542471785
3.2683356232309353,0.5576990592138096,0.5210983306030283,0.6311005686269823
3.339173371973647,0.5480292093400554,0.518164176416563,0.6304459496815787
3.4115464546677647,0.5384900560332997,0.5153465935884844,0.629831762306796
3.4854881480673376,0.5290811159306863,0.512641210177029,0.6292555298267056
3.561032450165179,0.5198018597284828,0.510043797341932,0.6287149248071057
3.6382140958249547,0.5106517138139861,0.5075502663779746,0.6282077603604422
3.717068572752103,0.5016300618941754,0.5051566656552464,0.6277319819210299
3.7976321378108677,0.4927362466187272,0.5028591774843555,0.6272856594696552
3.879941833695024,0.4839695711951035,0.5006541149232646,0.6268669801869791
3.9640355059599073,0.47532930099355303,0.49853791854097146,0.6264742415155748
4.049951820423593,0.4668146651399725,0.49650715315187277,0.6261058446109333
4.137730280945236,0.4584248580946898,0.4945585045333622,0.6257602881623149
4.227411247588727,0.4501590412153457,0.49268877613800643,0.6254361625649224
4.31903595518004,0.4420163443021606,0.490894885810512,0.6251321444254938
4.412646532266775,0.4339958671239879,0.489173862518649,0.62484699138406
4.508286020488645,0.42609668092366093,0.487522843106317,0.6245795372352747
4.605998394367785,0.41831782990125077,0.485939069076034,0.6243286873333923
4.705828581528,0.410658332673959,0.4844198834072893,0.6240934142656365
4.807822483352262,0.40311718371146704,0.48296272741642265,0.6238727537793685
4.912026996087889,0.39569335474567735,0.4815651376629819,0.6236658009491228
5.018490032409206,0.38838579615386326,0.480224742906846,0.6234717065702192
5.127260543447536,0.38119343831435526,0.4789392611198,0.6232896737662957
5.238388541298659,0.37411519293397605,0.47770649655469277,0.6231189547987209
5.351925122018109,0.36714995434652914,0.47652433687479984,0.6229588480664398
5.467922489114866,0.36029660078173226,0.4753907503455535,0.6228086952853884
5.586433977554245,0.3535539956040701,0.47430378309037813,0.6226678788371689
5.707514078281028,0.3469209885211233,0.47326155641198825,0.622535819277213
5.8312184632741095,0.34039641676100385,0.47226226418015915,0.6224119729931815
5.957604011144168,0.3339791062186051,0.4713041702866675,0.622295830004839
6.086728833286146,0.32766787257044305,0.47038560616781566,0.622186911897119
6.218652300598571,0.32146152235793163,0.4695049683947023,0.6220847698785472
6.353435070781951,0.31535885403900304,0.46866071633117373,0.6219889829576234
6.491139116228872,0.3093586590080384,0.4678513698591878,0.6218991562301717
6.631827752518573,0.30345972258413667,0.4670755071711444,0.6218149192710668
6.7755656675291025,0.29766082496780183,0.46633176262857584,0.6217359246241094
6.922418951180461,0.2919607421661784,0.4656188246864523,0.6216618463841843
7.072455125822388,0.28635824688701594,0.4649354338822351,0.6215923788661674
7.225743177280777,0.28085210940158384,0.4642803808887032,0.6215272353553684
7.382353586576987,0.2754410983768037,0.4636525046294898,0.6214661469345958
7.542358362334635,0.2701239816769024,0.4630506904561853,0.6214088613832194
7.705831073888775,0.2648995271349263,0.4624738683857984,0.6213551421438738
7.872846885112676,0.25976650329449036,0.4619210113973126,0.6213047673527027
8.043482588977795,0.2547236801221641,0.46139113378603,0.6212575289292873
8.217816642862728,0.24976982969093037,0.4608832895743599,0.6212132317226268
8.395929204627517,0.24490372683516895,0.46039657097768105,0.6211716927097581
8.577902169469805,0.24012414977764907,0.45993010692388775,0.621132740243803
8.763819207579797,0.23542988072903026,0.45948306162521635,0.6210962133484245
8.953765802611363,0.23081970646039165,0.45905463320094037,0.6210619610558512
9.147829290986973,0.22629241884932413,0.4586440523495229,0.6210298417858069
9.346098902054504,0.2218468154001376,0.45825058106881467,0.6209997227628321
9.548665799114419,0.2174816997387438,0.4578735114228962,0.6209714794696466
9.755623121336157,0.21319588208278906,0.4575121643541701,0.6209449951343352
9.967066026583032,0.20898817968761776,0.4571658885393265,0.6209201602492818
10.183091735165291,0.20485741726865628,0.4568340592878183,0.6208968721198929
10.4037995745415,0.20080242740081095,0.4565160774815051,0.6208750344412821
10.629291024988794,0.1968220508954787,0.4562113685541438,0.6208545569011871
10.859669766262915,0.19291513715577266,0.4559193815094284,0.6208353548075056
11.095041725269647,0.18908054451056278,0.4556395879763051,0.6208173487389286
11.335515124769422,0.18531714052793594,0.4553714813003161,0.6208004642172461
11.58120053313756,0.18162380230867634,0.45511457566975194,0.6207846313999859
11.832210915203023,0.17799941676036485,0.45486840527541916,0.6207697847921289
12.088661684189027,0.17444288085269494,0.4546325235028612,0.6207558629757209
12.350670754779426,0.17095310185459564,0.4544065021558962,0.6207428083562743
12.618358597335247,0.16752899755374967,0.45418993071036756,0.6207305669249187
12.891848293286314,0.16416949645908815,0.4539824155970317,0.6207190880353283
13.17126559172343,0.16087353798683648,0.4537835795125359,0.6207083241945073
13.456738967217113,0.1576400726306799,0.45359306075747174,0.620698230866577
13.748399678889571,0.15446806211660744,0.4534105126005159,0.6206887662887574
14.046381830766862,0.15135647954298936,0.4532356026677017,0.6206798912987871
14.350822433439248,0.14830430950642728,0.4530680123558933,0.6206715691730736
14.661861467057923,0.14531054821391381,0.45290743626956226,0.6206637654749054
14.97964194569713,0.14237420358182523,0.45275358167999663,0.6206564479121045
15.304309983111262,0.1394942953222615,0.45260616800609793,0.6206495862035307
15.63601485991718,0.13666985501723827,0.4524649263159511,0.6206431519538905
15.974909092232641,0.1338999261812243,0.4523295988483785,0.6206371185363325
16.321148501802384,0.1311835643125075,0.4521999385537154,0.6206314609823469
16.674892287644134,0.12851983693386176,0.45207570865307,0.6206261558785161
17.036303099247448,0.12590782362297592,0.45195668221535745,0.6206211812696886
17.405547111359066,0.12334661603309433,0.4518426417514199,0.6206165165681787
17.78279410038923,0.12083531790430777,0.4517333788245708,0.6206121424686174
