# Fig 4A: free-exponent fit and pointwise 2.5-97.5 percentiles over 2,000 coordinate perturbations
glutamine_mM,fit,band_lo,band_hi
0.01,2.9669610626831133,2.8767865382736835,2.999544242033925
0.010216739517934467,2.9669280410997665,2.876775539573057,2.9995226488725257
0.01043817663773238,2.9668935602863504,2.8767640041403886,2.99950003286339
0.010664413174990074,2.9668575558019534,2.876751905788215,2.999476345575111
0.0108955531520502,2.966819960363759,2.876739217051883,2.999451536285007
0.011131702845830671,2.966780703722059,2.8767259091273125,2.999425551870914
0.011372970836690179,2.966739712529813,2.8767119518057296,2.999398336697877
0.011619468058352877,2.9666969102064975,2.87669731340523,2.9993698324995153
0.011871307848915111,2.966652216796011,2.8766819606990084,2.9993399782538113
0.012128606002957657,2.966605548818378,2.876665858840104,2.999308710053058
0.012391480824787469,2.966556819114976,2.8766489712824863,2.999275960967692
0.012660053182833331,2.966505936687023,2.8766312596983012,2.999241660903734
0.012934446565220532,2.9664528065270175,2.8766126838911066,2.9992057364535327
0.013214787136550034,2.9663973294428434,2.876593201704879,2.99916811073951
0.013501203795908278,2.966339401874218,2.876572768928613,2.9991287032505647
0.013793828236134294,2.966278915701156,2.8765513391962854,2.999087429670815
0.014092795004371345,2.9662157580441137,2.876528863881955,2.999044201700315
0.014398241563931016,2.966149811055449,2.8765052919897864,2.9989989268673605
0.014710308357498057,2.966080951701844,2.876480570038725,2.99895150833203
0.015029138871705205,2.9660090515372786,2.876454641941588,2.998901844680511
0.01535487970310756,2.9659339764661916,2.8764274488782857,2.9988498858500705
0.015687680625586876,2.965855586496376,2.876398929162902,2.99879587939318
0.016027694659216836,2.965773735481203,2.876369018104336,2.998739335691218
0.016375078140620784,2.9656882708507113,2.8763376478601907,2.998680138134117
0.016729990794854523,2.965599033331094,2.876261463123236,2.9986181622952452
0.017092595808847005,2.9655058566521,2.87617069846864,2.9985535469994544
0.017463059906432824,2.9654085672418438,2.8760760083516876,2.998486818212818
0.017841553425010922,2.965306983908493,2.875977223291211,2.998417012803537
0.01822825039386481,2.965200917508295,2.8758741665153518,2.998343989090054
0.018623328614180302,2.965090170599365,2.8757666536503255,2.9982675988825345
0.019026969740797563,2.9649745370806566,2.875654492396134,2.9981870845175354
0.019439359365734977,2.9648538018154977,2.8755616444268504,2.998100595394733
0.019860687103523404,2.964727740239055,2.8754921997768257,2.9980099832955993
0.02029114667838989,2.9645961179490743,2.8753345465952087,2.997915051992711
0.020730936013331067,2.96445869027921,2.8751477894893256,2.9978155714322785
0.02118025732111703,2.9643152018542285,2.8750075739208434,2.9977131240202564
0.021639317197267718,2.964165386126372,2.8748628726275456,2.9976061538546297
0.0221083267150444,2.9640089648920918,2.874729222000409,2.997494185118198
0.022587501522500043,2.963845647788392,2.874633078710194,2.997376984716789
0.02307706194163311,2.963675131767948,2.874554792041292,2.9972543087327352
0.02357723306969045,2.9634971005521664,2.874516496610451,2.9971259019267276
0.024088244882665765,2.963311224061309,2.8744760774433917,2.996991497217152
0.024610332341041402,2.9631171578207756,2.8744334166996026,2.9968508151359594
0.025143735497821836,2.962914542342624,2.87438839000183,2.9967035632600374
0.0256886996089088,2.962703002481348,2.8743408660741534,2.9965494356170335
0.026245475245868607,2.9624821467629303,2.8742396498621243,2.996388112064546
0.026814318411143664,2.962251566686149,2.8741089270547366,2.9962192576415334
0.02739549065576092,2.962010835995062,2.873971983958989,2.9960425218907707
0.0279892591995917,2.9617595099216056,2.8738285253634253,2.9958561359285576
0.028595897054217938,2.961497124397167,2.8736782421215326,2.9956604718201594
0.02921568314846142,2.961223195231988,2.873520810501327,2.995455585118897
0.029848902456633786,2.960937217261216,2.8733558915053057,2.99524842264917
0.030495846129566156,2.9606386634563875,2.873183130159477,2.9950220320684946
0.031156811628478727,2.9603269840010897,2.873002154770155,2.9947848772358348
0.03183210286175187,2.9600016053295377,2.8728125761471257,2.994536448511914
0.03252203032466152,2.959661929126752,2.8725303261106645,2.994276994829928
0.03322691124214325,2.9593073312890033,2.8721381243678117,2.99400880750196
0.03394706971465057,2.9589371608431643,2.871729601444344,2.993728083456327
0.03468283686717468,2.958550738823583,2.8713842164076095,2.9934342396126192
0.0354345510014938,2.958147357105056,2.8711228654572944,2.9931266660555336
0.036202557751722604,2.9577262771904835,2.870849017622668,2.9928046662355094
0.03698721024323291,2.9572867289517437,2.870562077985323,2.992467564480622
0.03778886925501882,2.956827909322308,2.8702614235893122,2.9921149263708466
0.038607903385580955,2.95634898094014,2.869946402148699,2.9917458680680284
0.039444689222406085,2.955849070739356,2.869616330698431,2.9913589933668856
0.04029961151512,2.955327268489165,2.8692704941863414,2.9909512629124064
0.04117306335239332,2.954782625278594,2.868908249465836,2.9905243658673397
0.04206544634268162,2.9542141519454868,2.8685388994075955,2.9900774082397388
0.04297717079888272,2.9536208174483085,2.8681517825982743,2.9896094550138437
0.0439086559269964,2.953001547179287,2.8677460503577596,2.9891195283328074
0.04486033001887316,2.952355221217444,2.8673208140661224,2.988606605607269
0.045832630649140324,2.9516806725201192,2.866875143344016,2.9880696175473807
0.04682600487639664,2.9509766850516193,2.866408064156183,2.9875074461158793
0.04784090944876736,2.9502419918476765,2.865918556835439,2.9869189223998016
0.04887781101391459,2.9494752730144853,2.8654055540244747,2.986302824398438
0.04993718633359937,2.9486751536611355,2.8648679385327918,2.9856578747251517
0.05101952250289417,2.947840201764371,2.8642983024165107,2.9849825659067917
0.05212531717414657,2.94696892596471,2.8636120700448497,2.984278395273209
0.05325507878579711,2.9460597732930713,2.862779944865814,2.983548645507611
0.05440932679615668,2.945111126827205,2.861913705419112,2.982787605701512
0.05558859192225047,2.944121303277392,2.861011978462064,2.982045310598797
0.05679341638383888,2.943088550501039,2.8600733376160052,2.981202542502429
0.058024354152727345,2.9420110449460277,2.8591032983014686,2.9803205314506793
0.05928197120747943,2.9408868890228987,2.8583326216450677,2.9793974803997885
0.06056684579365084,2.9397141084061946,2.857329464567369,2.9784315129190464
0.061879568689663544,2.9384906492656224,2.8559383816080866,2.9774206699633616
0.06322074347844259,2.9372143754279603,2.855039243569297,2.9763708979479673
0.0645909868249402,2.9358830654710486,2.853766500618214,2.9752785907288586
0.06599092875967512,2.9344944097515566,2.8526880212448322,2.9741813462831197
0.06742121296841709,2.9330460073686857,2.8514078578634154,2.97298152303213
0.06888249708815022,2.9315353630664376,2.849728191707517,2.9717234176150544
0.07037545300945103,2.929959884077598,2.8483297108816292,2.970404211709616
0.07190076718541984,2.928316876913184,2.8468842832419545,2.969042242236533
0.07345914094730842,2.9266035441017175,2.845366715517986,2.9676064346467217
0.07505129082698839,2.9248169808833877,2.843661124342244,2.966106814981248
0.07667794888640848,2.9229541718649017,2.8422068457791347,2.9645461115144665
0.07833986305419287,2.9210119876416654,2.8410195574071366,2.9629188428752853
0.08003779746953466,2.9189871813947716,2.839391363440806,2.961214497487282
0.08177253283354301,2.9168763854712814,2.837424172180822,2.9594330898562564
0.08354486676820524,2.9146761079572636,2.8358273904535563,2.9576634518865843
0.08535561418312926,2.912382729254201,2.834394080830668,2.9560160017315456
0.08720560765023444,2.909992498670536,2.83300642013559,2.9539939947001406
0.08909569778656384,2.907501531041428,2.830983621191315,2.951861779745258
0.09102675364539327,2.9049058033911335,2.828703173076787,2.9495984078357878
0.09299966311581748,2.9022011516538986,2.8257216927051205,2.9473703122179615
0.09501533333099649,2.8993832674707907,2.8237773807991804,2.9449557136790245
0.09707469108525071,2.8964476950815428,2.820961895969531,2.942373264267091
0.09917868326019617,2.8933898283322383,2.8185900417099226,2.939818290206328
0.10132827726011517,2.8902049078214835,2.815928908192101,2.9371636611449348
0.10352446145676392,2.886888018209685,2.812436463073765,2.9342195325055167
0.10576824564382034,2.883434085718055,2.809798790376273,2.931143915510597
0.10806066150118193,2.8798378758461176,2.8055927958902576,2.9282665274360906
0.11040276306932652,2.8760939913387094,2.802100696954833,2.925405761812131
0.11279562723395435,2.872196870435761,2.799304856791693,2.9220705098840662
0.11524035422113466,2.868140785440551,2.7964936624134937,2.9183599694913998
0.11773806810318325,2.863919841644575,2.7925883031237477,2.914689470918583
0.12028991731550519,2.8595279766496726,2.788229097769065,2.910721590728349
0.12289707518463913,2.854958960130655,2.7839126058390637,2.906947391157718
0.1255607404677466,2.850206394084221,2.778954723856173,2.902619694091405
0.12828213790379395,2.845263713612603,2.7739403731872354,2.898102359921254
0.13106251877668104,2.8401241882929305,2.76889235540794,2.894046147391094
0.13390316149057455,2.8347809241859023,2.763144555242187,2.8893648817575626
0.13680537215771135,2.8292268665398077,2.757926212654734,2.8851365944115988
0.1397704851989421,2.8234548032483584,2.7520930485179673,2.8799353686335625
0.14279986395729063,2.817457369123037,2.746235879375801,2.8746359358161695
0.14589490132481164,2.811227051042746,2.7397578551852426,2.8688611169180493
0.14905702038303525,2.804756194045385,2.732820824468554,2.863116436288713
0.15228767505729196,2.7980370084275688,2.7262526866622045,2.857442550857047
0.1555883507852198,2.7910615779199297,2.719085215069582,2.852010492381238
0.1589605651997605,2.783821869006287,2.7118774077827252,2.846373036926744
0.16240586882695915,2.7763097414553495,2.704425543501225,2.840310260470738
0.1659258457988875,2.7685169601334656,2.6952401400265544,2.8335991412917134
0.16952211458201938,2.7604352081661627,2.6865580932633373,2.8262362116281152
0.1731963287213932,2.752056101514773,2.677348629780118,2.8185595353070867
0.17695017760090262,2.7433712050322105,2.669345101683573,2.8104301473375823
0.1807853872200664,2.7343720500588757,2.6601298013047376,2.8022843800955073
0.1847037209876337,2.725050153615653,2.6500800007436047,2.7942340971081276
0.18870698053238993,2.7153970392458673,2.6393610480180225,2.7867698631273075
0.19279700653153573,2.7054042595519174,2.628776341546579,2.777735210600874
0.19697567955702106,2.695063420464881,2.61787432114826,2.7679887113605584
0.20124492094022134,2.684366207276723,2.6071595544258996,2.757947774838684
0.20560669365535567,2.6733044124547067,2.596416098064308,2.747684578861366
0.21006300322205182,2.661869965246107,2.5845284696498902,2.7379611910893114
0.2146158986274732,2.6500549630684485,2.573003802695042,2.728235471530449
0.21926747326843218,2.6378517046659677,2.5605143832372956,2.7163688119986547
0.22401986591392303,2.625252724997054,2.547178295184292,2.7049007174756605
0.2288752616885158,2.6122508317998765,2.534410024968873,2.693623814103504
0.23383589307706518,2.5988391437643696,2.5213456078388097,2.6804780066669984
0.23890404095119505,2.5850111302182697,2.5076928253056723,2.6674110254937906
0.24408203561803085,2.570760652213006,2.4933889172194363,2.653879858929227
0.24937225789166226,2.556082004872162,2.478465802795738,2.6410629239814276
0.2547771401878291,2.5409699608409766,2.4622818205862482,2.6272059666436793
0.26029916764233235,2.5254198146502698,2.446485769036239,2.6127334156003967
0.26594087925368654,2.5094274277823847,2.430233405255806,2.5983029282227
0.27170486905053776,2.492989274200581,2.412809503802809,2.582739921203812
0.27759378728438383,2.4761024860771275,2.3953370532147833,2.5664027208290245
0.28361034164814575,2.458764899429431,2.3779099394825822,2.5498215440153866
0.2897572985211506,2.440975099348393,2.3597224716220735,2.532937832267129
0.2960374842410973,2.4227324644791954,2.3408882614009707,2.5164227268852923
0.3024537864035921,2.4040372103924064,2.3220661218316776,2.4984795327838087
0.309009155189849,2.3848904314631447,2.3025438607048105,2.479311126288046
0.31570660472316747,2.365294140858621,2.282445486486344,2.4594327276687773
0.32254921445480994,2.34525130822019,2.2615139757860407,2.438966890666478
0.3295401305799176,2.324765894615667,2.239988415604911,2.4190451995031372
0.33668256748411285,2.303842884331633,2.2205080859355815,2.3975368691140257
0.3439798092214574,2.282488313074237,2.198676979359082,2.3758464880881216
0.35143521102444225,2.2607092921511223,2.1775084016005573,2.354317917043765
0.35905220084670575,2.2385140282169504,2.156431633579077,2.331174843747945
0.366834280939188,2.2159118381808898,2.1348789458929858,2.3083474455487747
0.37478502946044767,2.1929131588966824,2.111587243142096,2.2846007357572202
0.38290810212187887,2.1695295512846124,2.087576827343667,2.2605465654105266
0.39120723386858863,2.1457736985699425,2.064989699509676,2.2351366298929563
0.39968624059670405,2.121659398364057,2.041096790864607,2.2104580230028428
0.408349020907901,2.097201548362452,2.016077035347259,2.185035660669991
0.41719955790195973,2.072416125487457,1.9926117337252194,2.160598401931624
0.4262419210081741,2.047320158362642,1.9665064409629442,2.133644873429196
0.4354802678564514,2.021931693069687,1.9411544338452678,2.108335296679399
0.4449188461889693,1.9962697522061146,1.916001479393864,2.082893630210637
0.454561995813265,1.9703542873329694,1.890554052003307,2.0577944900834835
0.4644141505976546,1.9442061249741194,1.8647282609999372,2.0301037062666114
0.4744798405099024,1.9178469064022292,1.8389772581613992,2.002630581881392
0.4847636937000763,1.8912990215194623,1.8123625912691084,1.9754957902886696
0.4952704386285449,1.8645855372123208,1.7856921745605798,1.9491849540169772
0.5060049062400992,1.8377301206284025,1.7593675341421346,1.9209288216329445
0.5169720321851946,1.8107569578871145,1.731771515231209,1.892791031676184
0.5281768590893366,1.7836906687951641,1.703640703952673,1.8650352511129547
0.5396245388716527,1.7565562181899224,1.6757453369081978,1.8375577467423818
0.5513203351137178,1.729378824578431,1.6486602711243956,1.8103442418694824
0.5632696254797195,1.7021838667760294,1.6213497260476533,1.7842027971273262
0.5754779041890796,1.6749967892755566,1.5933123810830598,1.7567043135751021
0.5879507845426675,1.647843007095298,1.5656075536332612,1.731544287217513
0.6006940015037644,1.6207478108609483,1.5367166951785818,1.704550148702085
0.6137134143349693,1.5937362728736546,1.5083728124176048,1.6773503674263337
0.627015009292257,1.5668331549028425,1.4814394523641774,1.651194202123057
0.6406049023774248,1.5400628184191807,1.4544023397618895,1.624413436878581
0.6544893421501988,1.5134491379502797,1.4278844386541456,1.5981070004222129
0.6686747126012869,1.4870154182001838,1.4008592238434543,1.5719362955066158
0.683167536087704,1.4607843155242,1.3745660591200168,1.5460617547928697
0.6979744763317166,1.4347777642941808,1.3478926771163373,1.5197724285690983
0.713102341484786,1.4090169086270738,1.3215346061748938,1.4948293247038515
0.7285580872579213,1.3835220398825787,1.2950189328352355,1.4698376461306586
0.7443488201198751,1.358312540265405,1.2703687074172967,1.4445220985467442
0.7604818005646623,1.33340683279508,1.245172502936575,1.4198107318045206
0.7769644464498943,1.308822337832894,1.2204118958487138,1.3942517072690404
0.7938043364074713,1.2845754362825184,1.1958406412063594,1.370902230438114
0.8110092133281953,1.260681439509325,1.172229614138163,1.3461378178058951
0.8285869879219118,1.2371545659545022,1.1489771247124958,1.32261952209672
0.8465457423548084,1.214007924354715,1.125583270909937,1.2984135555975256
0.8648937339655541,1.1912535034170748,1.1019155027117313,1.2763411958094142
0.8836393990619776,1.1689021677433622,1.0794440765591788,1.2536611945847214
0.9027913568000371,1.146963659747253,1.0585275291181881,1.231300619227233
0.922358413146861,1.1254466072642337,1.0375807120314233,1.210858765524412
0.942349564929686,1.1043585365161763,1.0170587446589396,1.1884302538330274
0.9627740039725475,1.08370589006135,0.9961303972463318,1.1685421520406765
0.9836411213226322,1.0634940493359448,0.9770811576659112,1.147846089574424
1.00496051156823,1.043727361374902,0.9579528366293272,1.1276214530383408
1.0267419772502775,1.0244091692877304,0.938686553489905,1.1075475455041055
1.0489955333695082,1.0055418460587382,0.9199174053995033,1.0881151516399838
1.0717314119912997,0.9871268312403413,0.9019009340628424,1.0690157197494543
1.0949600669503217,0.9691646701123641,0.8837662881006614,1.0506834416122732
1.1186921786571522,0.9516550548890457,0.8667375540422771,1.0327632280329189
1.142938659009073,0.9345968675682501,0.8502279646018598,1.015057334212969
1.1677106564073023,0.9179882240336398,0.8354476379990337,0.9976858217712911
1.1930195608829681,0.9018265190397479,0.8202906352312094,0.9806546965755714
1.2188770093341845,0.8861084717314336,0.8054949409487416,0.9642011188057218
1.2452948908766341,0.8708301713726124,0.7907804498481318,0.9475297505131633
1.2722853523101185,0.8559871229839221,0.7765625048123943,0.9315453159838941
1.2998608037035964,0.8415742926146379,0.7640793830120183,0.91628051128337
1.3280339241012589,0.8275861520003054,0.7508266196954165,0.9012463533121371
1.3568176673522914,0.8140167223837391,0.7380484031956117,0.8872272593532327
1.3862252680669818,0.8008596173030245,0.7257336529099612,0.8732180922212972
1.4162702477019233,0.7881080841755344,0.7133644249837573,0.8600473987986657
1.4469664207771076,0.7757550445315642,0.7010946360404269,0.8478096215259096
1.4783279012277666,0.7637931327747423,0.6905197220370258,0.8347544560575281
1.5103691088938844,0.7522147333687288,0.6799731218918211,0.8216082448414714
1.5431047761503616,0.7410120163707494,0.669281056439789,0.8100845052392365
1.5765499546808819,0.7301769712520997,0.658963197759614,0.7980581378243897
1.6107200223985958,0.719701438963869,0.648737056812794,0.7871322829466973
1.6456306905168006,0.7095771422227077,0.6388951081125698,0.7770664316381812
1.681298010772878,0.6997957140064991,0.6293563520667624,0.7674502053585227
1.7177383828087873,0.6903487242633155,0.619571208015899,0.7586868947426515
1.754968561711538,0.6812277048490516,0.6111646327757184,0.7491700412637948
1.7930056657170883,0.6724241727197074,0.6027336770225898,0.7398669091925868
1.8318671840812173,0.6639296514134811,0.5937494741694505,0.731366632791701
1.8715709851209905,0.6557356908657013,0.5851394409703139,0.7230669443516483
1.9121353244305164,0.6478338856062669,0.5769801502640205,0.7159218276727592
1.95357885327477,0.6402158913947458,0.5688135183284918,0.7088135455364736
1.995920627165344,0.6328734403526931,0.5616835319755827,0.7022688563461449
2.039180114622072,0.6257983546561885,0.554196002283785,0.6960158101033993
2.0833772061245455,0.6189825588541347,0.5469387639311055,0.6891884761009791
2.1285322232576522,0.6124180908795925,0.5399531367618354,0.6830810292257861
2.1746659280553367,0.6060971118224525,0.5336527408203576,0.6778894888434406
2.221799532546859,0.6000119145321152,0.5274464730340733,0.67171006681254
2.269954708509982,0.5941549311186662,0.5218905372860505,0.6679370072379349
2.319153597435535,0.588518739420366,0.5168497047528767,0.6633438221520656
2.369418820707951,0.5830960685041694,0.5112462973735401,0.6570958055078915
2.4207734900064604,0.5778798032645465,0.5055411215736213,0.6526511898689532
2.473241217931714,0.5728629881841198,0.49888779338558953,0.6488050087693686
2.526846128862731,0.5680388303176397,0.4937554911094684,0.6449127034242932
2.5816128700491596,0.5634007015586254,0.4893306639314578,0.6406948347903695
2.6375666229439467,0.5589421402456581,0.4843335608854325,0.6374679128981073
2.6947331147816374,0.554656852162849,0.4791999723775925,0.6337012925874735
2.7531386304076193,0.5505387109864746,0.4742520345944633,0.630080274110412
2.812810024363747,0.5465817582271859,0.4701126106521089,0.6266105472754891
2.8737747332359302,0.5427802027145963,0.46569863589120186,0.623280751685671
2.936060788269311,0.5391284196684518,0.4610889546184273,0.6207297664504512
2.999696828256889,0.5356209493980119,0.45783948045160505,0.6179017673526933
3.064712112707484,0.532252495668734,0.4539013791155883,0.614791569259538
3.131136535299098,0.5290179237728724,0.45000990825407783,0.6124546278780909
3.1990006376238704,0.5259122583381873,0.4460704475025309,0.6099281229867355
3.2683356232309353,0.5229306809066233,0.44231099528082646,0.607897214904244
3.339173371973647,0.5200685273125588,0.4386731437946733,0.6061355211730279
3.4115464546677647,0.5173212848880642,0.4348147241979909,0.604093029044962
3.4854881480673376,0.5146845895205326,0.43160661126747524,0.6020133400243519
3.561032450165179,0.5121542225860717,0.42880457530263794,0.6000890852790536
3.6382140958249547,0.5097261077801643,0.4255684374390258,0.5987076596710538
3.717068572752103,0.5073963078653277,0.42260097845157746,0.5969374255762527
3.7976321378108677,0.505161021353817,0.4195187822733401,0.5953497082746161
3.879941833695024,0.503016579141829,0.4164781025591924,0.5939978307007984
3.9640355059599073,0.5009594411101773,0.4137611450959883,0.5928747904593491
4.049951820423593,0.49898619270500527,0.41162695239680785,0.5914842737229474
4.137730280945236,0.49709354151079643,0.40897979803894247,0.5900161032159071
4.227411247588727,0.4952783138267201,0.40633873024824,0.5885881859064783
4.31903595518004,0.49353745125621085,0.40387684256620177,0.5872949979845458
4.412646532266775,0.49186800731862235,0.40170536713030364,0.5865468440694208
4.508286020488645,0.490267144090814,0.3995522410265818,0.5854707225370204
4.605998394367785,0.48873212888562156,0.3975818617221703,0.5844233039237766
4.705828581528,0.48726033097332067,0.3958749216159005,0.5834914664522566
4.807822483352262,0.4858492183514216,0.3938557127321535,0.5827428183341984
4.912026996087889,0.48449635456741924,0.39208714886875223,0.5814982418387187
5.018490032409206,0.48319939559847025,0.3903869379490915,0.5802703839662894
5.127260543447536,0.4819560867913694,0.38804255226412593,0.5790752239386703
5.238388541298659,0.4807642598656515,0.3862049825949738,0.5779284070506735
5.351925122018109,0.47962182998214525,0.3848882127940864,0.5768280211952362
5.467922489114866,0.47852679287885136,0.3835568864241374,0.5763037355246309
5.586433977554245,0.4774772220756064,0.38190152016654305,0.5759082280575748
5.707514078281028,0.4764712661486191,0.38021275551689054,0.5755309579257074
5.8312184632741095,0.4755071460756311,0.37851062592897117,0.5751168763181438
5.957604011144168,0.4745831526521491,0.3768923756412862,0.5742696863104021
6.086728833286146,0.47369764397892544,0.3753457977710317,0.5737676403920334
6.218652300598571,0.4728490430206191,0.3738609886883461,0.5735459909847938
6.353435070781951,0.47203583523535436,0.3724298495561772,0.5730492704028548
6.491139116228872,0.4712565662747005,0.3709385414436897,0.5723827554379527
6.631827752518573,0.470509839753427,0.3696922995407645,0.5717439707099388
6.7755656675291025,0.46979431508824043,0.3685252231649671,0.5711317763826851
6.922418951180461,0.46910870540457794,0.36751345403596314,0.5706705326611323
7.072455125822388,0.4684517755104194,0.36648667915286604,0.5703944075701842
7.225743177280777,0.46782233993598404,0.3654997553106756,0.5699751414104924
7.382353586576987,0.46721926103809497,0.36463489847810765,0.5695119049716435
7.542358362334635,0.4666414471679238,0.36379415923708985,0.5691901687342721
7.705831073888775,0.46608785090077126,0.36284787747513164,0.568880611922618
7.872846885112676,0.4655574673264937,0.3620408843906904,0.5685852219444755
8.043482588977795,0.4650493323991449,0.3613020269041556,0.5683031491048564
8.217816642862728,0.46456252134437837,0.3605933794031451,0.5680311984901288
8.395929204627517,0.4640961471231319,0.35987936240235013,0.5677599532492975
8.577902169469805,0.4636493589501042,0.35885330308510305,0.5673696235600991
8.763819207579797,0.463221340865525,0.3581768112210476,0.5670427896210453
8.953765802611363,0.4628113103587217,0.3574099969467201,0.566915808632795
9.147829290986973,0.4624185170419841,0.35675363335993077,0.5667951966817707
9.346098902054504,0.4620422413732431,0.35612365050150896,0.5666597541442016
9.548665799114419,0.4616817934260859,0.3555184887213648,0.5664668117191813
9.755623121336157,0.46133651170564866,0.3549360266800714,0.5662665117559391
9.967066026583032,0.4610057620089459,0.3543754225540604,0.5659938078025322
10.183091735165291,0.4606889363282147,0.35383586502288517,0.565732915292906
10.4037995745415,0.460385451795879,0.35331657221725776,0.5654831019126834
10.629291024988794,0.46009474966975944,0.35281679069934935,0.5652499983486862
10.859669766262915,0.4598162943571868,0.3523357944746791,0.5651106235926351
11.095041725269647,0.4595495724766992,0.3518728840348998,0.5649777748205861
11.335515124769422,0.45929409195603765,0.35142738543078356,0.5648433438839329
11.58120053313756,0.4590493811651809,0.3509986493746993,0.5646591512054906
11.832210915203023,0.45881498808319365,0.3505860503718747,0.5644829425215283
12.088661684189027,0.45859047949769166,0.35018898587972735,0.5643143728052012
12.350670754779426,0.45837544023576055,0.3498068754945568,0.5641531118495828
12.618358597335247,0.458169472425195,0.34943916016488374,0.5639988436388577
12.891848293286314,0.45797219478495854,0.34908530143073296,0.5638511947694249
13.17126559172343,0.457783241943795,0.3487447806881568,0.563707614112756
13.456738967217113,0.4576022637859536,0.34841709847830543,0.5635702445041803
13.748399678889571,0.45742892482302305,0.34810177380035545,0.5634388179060714
14.046381830766862,0.45726290359089905,0.3478015792109895,0.5633130777929244
14.350822433439248,0.45710389207094065,0.34751273505893127,0.56319277866161
14.661861467057923,0.4569515951344028,0.34723480479720326,0.563077685562064
14.97964194569713,0.45680573000925906,0.3469673781340861,0.5629675736475905
15.304309983111262,0.4566660257685608,0.34671006004332733,0.5628622277439955
15.63601485991718,0.45653222283950584,0.34646247020815957,0.5627970647129781
15.974909092232641,0.4564040725324181,0.34627026915721826,0.5626730223350571
16.321148501802384,0.45628133658886694,0.3461333004435741,0.5625783159105628
16.674892287644134,0.4561637867481825,0.3460022089774873,0.5624924398703038
17.036303099247448,0.4560512043316483,0.34587674296832144,0.5624102921205538
17.405547111359066,0.45594337984367894,0.3457566613718725,0.562331710998229
17.78279410038923,0.4558401125893137,0.3456417334354066,0.562256541831912
