# Fig 5A: calibrated composite responses normalised between their plateaus; midpoints at the reported cascade half-points
glutamine_mM,Y_norm_PII_0.5,Y_norm_PII_5,Y_norm_PII_36
0.01,4.794695515605463e-07,7.690921482080657e-07,3.947457376498599e-05
0.010174634027476068,4.96918857849634e-07,7.970816636772165e-07,4.091111147326413e-05
0.010352317759307388,5.150179193924918e-07,8.261134167887943e-07,4.2401136852535424e-05
0.01053310445370937,5.337919885048328e-07,8.562279133851326e-07,4.394672834596659e-05
0.01071704829896711,5.532673737825202e-07,8.874673536256728e-07,4.555005131224812e-05
0.010904204429677527,5.734714894295917e-07,9.19875711110889e-07,4.7213362082780334e-05
0.011094628943275219,5.944329072289776e-07,9.534988162452077e-07,4.893901223609188e-05
0.011288378916846888,6.161814113098344e-07,9.883844440857443e-07,5.07294531021303e-05
0.01148551242423938,6.387480558938225e-07,1.024582406969362e-06,5.2587240511402986e-05
0.011686088553466515,6.621652261963897e-07,1.0621446522004677e-06,5.4515039803428344e-05
0.011890167424419899,6.864667026859029e-07,1.1011253651248437e-06,5.6515631111152586e-05
0.012097810206889013,7.116877289106216e-07,1.1415810779264394e-06,5.859191493858232e-05
0.012309079138896024,7.378650831147238e-07,1.1835707845018714e-06,6.074691804979192e-05
0.012524037545350732,7.650371538951817e-07,1.227156061816559e-06,6.298379968998485e-05
0.012742749857031334,7.932440201480012e-07,1.2724011981411032e-06,6.53058581590109e-05
0.012965281629896682,8.225275355867159e-07,1.3193733286216754e-06,6.771653776056278e-05
0.013191699564735716,8.52931418130098e-07,1.368142578660746e-06,7.021943615143443e-05
0.013422071527160127,8.845013444747464e-07,1.4187822156144693e-06,7.281831211674612e-05
0.013656466567946111,9.172850501974453e-07,1.4713688093599384e-06,7.551709379944972e-05
0.013894954943731374,9.513324357508337e-07,1.5259824023154562e-06,7.83198874139483e-05
0.014137608138073606,9.866956787466288e-07,1.5827066895461505e-06,8.123098647618327e-05
0.01438449888287663,1.0234293529499504e-06,1.6416292096343399e-06,8.425488158494462e-05
0.014635701180190797,1.0615905544304833e-06,1.7028415470295958e-06,8.739627079097771e-05
0.014891290324394095,1.1012390353710665e-06,1.7664395466814872e-06,9.066007059495469e-05
0.01515134292476053,1.142437346037788e-06,1.8325235417634727e-06,9.405142761566297e-05
0.015415936928422726,1.1852509854923877e-06,1.9011985954196421e-06,9.757573097604968e-05
0.01568515164373548,1.2297485616347433e-06,1.9725747574770373e-06,0.00010123862545533227
0.01595906776404731,1.276001961238449e-06,2.046767337187055e-06,0.00010504602546154494
0.016237767391887217,1.3240865306693297e-06,2.123897193102403e-06,0.00010900412988108584
0.0165213340635737,1.3740812680452059e-06,2.204091041305978e-06,0.0001131194378674403
0.016809852774253637,1.4260690276446615e-06,2.2874817832873244e-06,0.00011739876563529857
0.017103410003378405,1.4801367374392382e-06,2.3742088548691365e-06,0.0001218492643317359
0.01740209374062485,1.5363756306868776e-06,2.464418597688188e-06,0.00012647843906132453
0.01770599351226899,1.5948814926051853e-06,2.5582646548644255e-06,0.00013129416914863692
0.018015200408020255,1.6557549232142838e-06,2.655908392606168e-06,0.00013630472972743239
0.018329807108324356,1.719101617529658e-06,2.7575193496447954e-06,0.00014151881475322215
0.018649907912142973,1.7850326643747343e-06,2.8632757165356227e-06,0.00014694556154321573
0.018975598765218503,1.8536648651924955e-06,2.9733648470372337e-06,0.00015259457695660558
0.019306977288832496,1.9251210743347334e-06,3.087983803940995e-06,0.00015847596533625252
0.019644142809066276,1.99953056242855e-06,3.2073399419165453e-06,0.00016460035834272888
0.019987196386572505,2.077029404558959e-06,3.331651530162179e-06,0.00017097894682303492
0.020336240846866735,2.1577608951318212e-06,3.4611484178504977e-06,0.00017762351486655232
0.0206913808111479,2.2418759914384254e-06,3.5960727456113044e-06,0.0001845464762135985
0.02105272272765707,2.3295337881225687e-06,3.7366797065819693e-06,0.00019176091319662145
0.021420374903583842,2.4209020248974074e-06,3.883238360790115e-06,0.000199280618405976
0.021794447537529855,2.516157630095793e-06,4.0360325070128845e-06,0.00020712013929154155
0.022175052752539316,2.615487302815352e-06,4.195361616541707e-06,0.00021529482592587656
0.02256230462970634,2.719088136668179e-06,4.3615418336802624e-06,0.00022382088217486978
0.022956319242369096,2.8271682883943806e-06,4.5349070482033545e-06,0.00023271542054216274
0.023357214690901226,2.939947694866965e-06,4.715810045434599e-06,0.00024199652097543417
0.023765111138110754,3.0576588423148256e-06,4.904623740080865e-06,0.000251683293946996
0.024180130845257206,3.1805475919182784e-06,5.10174250048693e-06,0.00026179594814779584
0.024602398208697765,3.308874066280848e-06,5.307583570534116e-06,0.0002723558631623064
0.025032039797173253,3.442913601664023e-06,5.522588597020779e-06,0.0002833856675228893
0.0254691843897454,3.58295777129802e-06,5.74722527104651e-06,0.00029490932257684825
0.025913963014396586,3.7293154855275768e-06,5.981989092637074e-06,0.0003069522126355497
0.026366508987303583,3.882314175062753e-06,6.227405268666615e-06,0.00031954124191644896
0.02682695795279726,4.042301064138188e-06,6.484030754989321e-06,0.00033270493883206587
0.027295447924020073,4.2096445409841435e-06,6.752456454654912e-06,0.000346473568228548
0.02777211932429355,4.384735633657616e-06,7.033309585116557e-06,0.0003608792522286393
0.028257115029208284,4.567989599985138e-06,7.327256228467968e-06,0.00037595610039073743
0.028750580409448803,4.759847641154992e-06,7.635004080007283e-06,0.00039174034995925376
0.029252663374366446,4.960778749320494e-06,7.957305411746534e-06,0.0004082705170479597
0.029763514416313176,5.171281700516624e-06,8.294960268994311e-06,0.0004255875596738976
0.030283286655749458,5.391887205184223e-06,8.64881991972999e-06,0.00044373505363931256
0.030812135887140036,5.6231602297133045e-06,9.019790578279795e-06,0.0004627593823490167
0.031350220625651154,5.865702503606369e-06,9.40883742671258e-06,0.00048270994174618646
0.03189770215466321,6.1201552281931685e-06,9.816988959506747e-06,0.0005036393616564408
0.032454744574113306,6.387202004257067e-06,1.0245341679331442e-05,0.0005256037449446206
0.03302151484968176,6.667571997526659e-06,1.0695065174340354e-05,0.0005486629260163238
0.03359818286283781,6.9620433626951e-06,1.1167407610116907e-05,0.000572880750332886
0.03418492146175929,7.271446948534218e-06,1.1663701672464264e-05,0.0005983253767606174
0.0347819065131413,7.5966703087323454e-06,1.2185371000539825e-05,0.0006250696047394751
0.0353893169549099,7.938662045349446e-06,1.2733937153465751e-05,0.0006531912284365687
0.0360073348498562,8.29843651427146e-06,1.3311027157537434e-05,0.0006827734202476196
0.036636145440207164,8.677078924767333e-06,1.3918381685515948e-05,0.0007139051462252501
0.0372759372031494,9.075750868217762e-06,1.4557863924246303e-05,0.0007466816162475933
0.0379269019073225,9.49569631436831e-06,1.5231469192108502e-05,0.0007812047719999664
0.03858923467029903,9.938248117031792e-06,1.594133537353682e-05,0.0008175838161236674
0.03926313401706837,1.040483507508371e-05,1.6689754244126437e-05,0.0008559357861937421
0.0399488019395417,1.0896989598908141e-05,1.7479183766763477e-05,0.0008963861775255115
0.040646443957096295,1.1416356037167575e-05,1.831226144677634e-05,0.0009390696191779769
0.0413562691781771,1.1964699723925004e-05,1.9191818842371255e-05,0.000984130607923419
0.04207849036297403,1.254391681186677e-05,2.0120897335786812e-05,0.0010317243053965396
0.04281332398719394,1.315604496354395e-05,2.1102765280493166e-05,0.0010820174041130653
0.04356099030694608,1.380327497942554e-05,2.2140936650784994e-05,0.0011351890685773487
0.04432171342476086,1.4487963449026375e-05,2.3239191332092824e-05,0.0011914319582710042
0.045095721356761466,1.521264651960442e-05,2.440159720353398e-05,0.001250953339942824
0.04588324610100845,1.5980054885926986e-05,2.5632534178660284e-05,0.0013139762973038563
0.04668452370703792,1.679313011453438e-05,2.6936720386276403e-05,0.0013807410469815456
0.047499794346614124,1.765504242675826e-05,2.8319240690560664e-05,0.0014515063703996135
0.04832930238571752,1.856921007669698e-05,2.9785577768867356e-05,0.001526551172141714
0.049173296457790186,1.9539320473434655e-05,3.134164598656143e-05,0.001606176176326388
0.05003202953826004,2.0569353211120707e-05,3.299382833120393e-05,0.0016907057735745332
0.050905759020366814,2.166360518632289e-05,3.4749016693723e-05,0.0017804900323033458
0.0517947467923121,2.282671799933874e-05,3.661465581188409e-05,0.0018759068893294591
0.052699259315756565,2.4063707855115912e-05,3.8598791221764775e-05,0.0019773645361222457
0.053619567705688195,2.5379998200289636e-05,4.071012159636127e-05,0.002085304018526967
0.0545559478116852,2.678145535567428e-05,4.295805588703013e-05,0.00220020206937678
0.05550868030059805,2.827442742861753e-05,4.5352775723635624e-05,0.0023225741951475223
0.056478050740675544,2.9865786817160294e-05,4.790530357338248e-05,0.002452978039688985
0.05746434968715974,3.156297664809991e-05,5.062757720661497e-05,0.0025920170500934926
0.05846787276937589,3.337406152417745e-05,5.353253107091362e-05,0.002740344471953425
0.05948892077934334,3.530778299192494e-05,5.6634185232978004e-05,0.002898667703617632
0.06052779976193349,3.737362018150682e-05,5.994774261151015e-05,0.003067753041589137
0.06158482110660264,3.9581856113607475e-05,6.348969529430632e-05,0.0032484308519285065
0.06266030164072656,4.1943650216220345e-05,6.727794080928742e-05,0.0034416012054283725
0.06375456372456506,4.447111764673934e-05,7.133190930329886e-05,0.0036482400174299105
0.06486793534788511,4.7177416072207855e-05,7.567270267445084e-05,0.0038694057364416644
0.06600075022827095,5.007684062362101e-05,8.032324680463109e-05,0.004106246629210232
0.06715334791115142,5.31849278091831e-05,8.53084581492027e-05,0.004360008713564851
0.06832607387157402,5.651856924701986e-05,9.065542606179876e-05,0.004632044394209065
0.06951927961775606,6.0096136160599155e-05,9.639361236443228e-05,0.004923821860642084
0.07073332279644443,6.393761567067406e-05,0.00010255506981789106,0.005236935310535582
0.07196856730011521,6.806476001670471e-05,0.00010917468130580455,0.00557311606613868
0.07322538337604534,7.25012499490573e-05,0.00011629042171883176,0.00593424465557653
0.07450414773728913,7.727287365188281e-05,0.00012394364471480325,0.00632236393520374
0.07580524367559262,8.24077226860196e-05,0.00013217939673725712,0.006739693333368019
0.07712906117627992,8.79364065828605e-05,0.00014104676090071524,0.007188644299960216
0.07847599703514611,9.389228787465908e-05,0.00015059923359747707,0.007671837049827931
0.07984645497739086,0.00010031173951536422,0.00016089513694944526,0.008192118691356514
0.0812408457786297,0.00010723442683021387,0.00017199807052181184,0.008752582834101774
0.08265958738801812,0.00011470361633284262,0.00018397740603463318,0.009356590771022376
0.08410310505352604,0.00012276651396739188,0.00019690882915626153,0.01000779433135936
0.08557183144940006,0.00013147463557121138,0.00021087493284104177,0.010710160499175529
0.08706620680585127,0.00014088421261288682,0.0002259658670852162,0.011467997889597742
0.08858667904100823,0.00015105663654216845,0.00024228005042211458,0.012285985169409703
0.09013370389517433,0.0001620589453947859,0.00025992494896330163,0.013169201500251996
0.0917077450674293,0.00017396435662757765,0.000279017929318566,0.014123159070588299
0.09330927435461668,0.0001868528505204728,0.00029968719229847275,0.015153837766052279
0.0949387717927583,0.00020081180887294374,0.0003220727949204903,0.01626772200581758
0.09659672580093832,0.00021593671414622869,0.00034632776890734763,0.017471839744213662
0.09828363332770025,0.0002323319146610442,0.0003726193445873366,0.01877380360072651
0.1,0.0002501114619557476,0.0004011302898836356,0.0201818540363907
0.10174634027476064,0.00026940002694450884,0.0004320603749169371,0.021704904438882233
0.10352317759307383,0.00029033390209134085,0.00046562797364581846,0.023352587910663723
0.1053310445370937,0.0003130620974362328,0.000502071814935516,0.025135305472472374
0.10717048298967109,0.00033774753897618953,0.0005416528964804647,0.027064275296281103
0.10904204429677526,0.00036456837861989565,0.0005846565761131847,0.02915158246560929
0.11094628943275218,0.00039371942570067263,0.0006313948562116618,0.03141022862450151
0.11288378916846889,0.0004254137108524013,0.0006822088781742252,0.03385418071775104
0.1148551242423938,0.0004598841939270982,0.0007374716452631997,0.03649841784202073
0.11686088553466509,0.0004973856285636835,0.0007975909935287242,0.03935897501900507
0.11890167424419892,0.0005381965970059181,0.0008630128320107864,0.04245298246671025
0.12097810206889013,0.0005826217298135755,0.0009342246749778219,0.045798698683159146
0.12309079138896024,0.0006309941262160052,0.0010117594905928741,0.04941553536953996
0.1252403754535073,0.0006836779920188801,0.001096199892095167,0.05332407190956397
0.12742749857031335,0.0007410715131927853,0.0011881826993406642,0.0575460567934658
0.12965281629896683,0.0008036099845427267,0.0012884039003481147,0.062104393036044814
0.13191699564735718,0.0008717692141761857,0.0013976240443333364,0.06702310429912205
0.1342207152716012,0.0009460692258486808,0.0015166740995676425,0.07232727810448375
0.13656466567946104,0.0010270782826613258,0.0016464618112432166,0.07804298223301238
0.13894954943731375,0.001115417257003873,0.0017879785963409495,0.08419715017366733
0.14137608138073607,0.001211764373067773,0.0019423070142437337,0.09081743134240357
0.14384498882876628,0.0013168603496775209,0.002110628853474751,0.09793200177151458
0.14635701180190797,0.0014315139725881289,0.002294233876421844,0.10556933111563145
0.14891290324394094,0.001556608126745005,0.0024945292651725962,0.11375790217715796
0.1515134292476053,0.0016931063202709298,0.002713049812561299,0.12252587976974834
0.1541593692842272,0.0018420597330991338,0.0029514689031377214,0.13190072666210356
0.1568515164373547,0.0020046148241673,0.003211610328907591,0.14190876562038132
0.1595906776404731,0.002182021531878058,0.0034954609842572258,0.15257468823177678
0.16237767391887217,0.002375642103057274,0.003805184483325211,0.1639210132645541
0.165213340635737,0.0025869605858357416,0.00414313574107264,0.17596749979864867
0.16809852774253636,0.002817593021665066,0.004511876556257117,0.18873052321276057
0.17103410003378405,0.003069298370963893,0.004914192230235215,0.20222242526680687
0.1740209374062485,0.0033439902055744514,0.005353109249781129,0.21645085285582827
0.1770599351226898,0.0036437491991734945,0.0058319140546619335,0.23141810336679394
0.1801520040802025,0.003970836443893838,0.006354172901270739,0.24712049772814731
0.18329807108324356,0.004327707617524017,0.006923752821876384,0.26354780494519814
0.1864990791214297,0.00471702802059483,0.007544843664654596,0.2806827438740353
0.18975598765218504,0.005141688496249689,0.008221981182250789,0.2985005889045029
0.19306977288832497,0.005604822237821189,0.008960071115777936,0.31696890581878717
0.19644142809066276,0.006109822479279778,0.009764414196453979,0.336047442138285
0.19987196386572506,0.006660361051931018,0.010640731958071262,0.3556881926268972
0.20336240846866724,0.007260407776659981,0.011595193219715895,0.37583565526528623
0.20691380811147891,0.00791425064437262,0.012634441059149475,0.3964272860773203
0.2105272272765707,0.008626516717773326,0.013765620052585198,0.4173941529679546
0.21420374903583841,0.009402193664948932,0.014996403505830534,0.43866177966894776
0.21794447537529857,0.010246651809099878,0.016335020344581234,0.46015116156379227
0.22175052752539318,0.011165666548874435,0.01779028126778493,0.4817799262398144
0.2256230462970634,0.01216544096984933,0.019371603697336783,0.5034636037796852
0.22956319242369097,0.013252628429518982,0.021089034979996743,0.5251169656929214
0.23357214690901212,0.014434354855513103,0.02295327321363702,0.5466553875151071
0.2376511113811074,0.015718240449542963,0.024975684980363105,0.5679961888013366
0.24180130845257206,0.017112420437764397,0.027168319174707814,0.5890599056211416
0.24602398208697762,0.018625564451954207,0.029543916017445927,0.6097714545996434
0.25032039797173256,0.020266894065399246,0.03211591024662767,0.6300611536986167
0.25469184389745403,0.02204619794319613,0.03489842737987152,0.6498655727690918
0.25913963014396585,0.023973843999474907,0.037906271849157354,0.6691281957952229
0.26366508987303583,0.026060787884951687,0.04115490572555421,0.68779988600524
0.2682695795279725,0.028318577058561483,0.04466041668155987,0.7058391539938671
0.2729544792402006,0.030759349628531597,0.04843947378901897,0.7232122371147346
0.2777211932429355,0.033395827083365984,0.05250926972778632,0.7398930052262493
0.28257115029208285,0.03624129997458127,0.05688744799214041,0.7558627131314754
0.287505804094488,0.039309605563919846,0.061592013736804306,0.7711096236220485
0.2925266337436645,0.04261509641199377,0.0666412270111796,0.7856285269433727
0.29763514416313175,0.04617259886721821,0.07205347729800965,0.7994201828864328
0.3028328665574946,0.04999736041831063,0.07784713850980389,0.8124907108079545
0.30812135887140024,0.054104984905816236,0.08404040391070422,0.8248509509615899
0.3135022062565114,0.05851135465356736,0.09065110082908545,0.8365158178805349
0.31897702154663216,0.0632325386853142,0.09769648551064417,0.8475036634682825
0.32454744574113303,0.06828468634040968,0.10519301903318982,0.8578356641802585
0.33021514849681755,0.07368390580030884,0.11315612585853106,0.8675352434236581
0.3359818286283781,0.07944612728882733,0.12159993732420127,0.8766275372268045
0.3418492146175929,0.08558695101627235,0.13053702316251686,0.8851389084457498
0.34781906513141303,0.0921214803015554,0.13997811495410178,0.8930965123539539
0.3538931695490988,0.09906414072567717,0.14993182624806703,0.9005279144326533
0.3600733484985618,0.10642848664003395,0.16040437487519849,0.9074607595472567
0.36636145440207163,0.11422699686592507,0.17139931370161166,0.9139224904391537
0.372759372031494,0.12247086196576283,0.18291727667184254,0.9199401125483232
0.37926901907322497,0.13116976602598893,0.19495574742347546,0.9255400015669893
0.3858923467029903,0.14033166644683892,0.20750885797234447,0.9307477497616612
0.39263134017068374,0.1499625757612919,0.2205672249245249,0.9355880469434938
0.39948801939541706,0.16006634997807664,0.23411783033346747,0.940084591971049
0.4064644395709628,0.1706444883326594,0.2481439536647167,0.9442600307954935
0.4135626917817708,0.18169594960601446,0.2626251603494627,0.9481359172715439
0.42078490362974025,0.1932169903050002,0.27753735111333816,0.9517326932289691
0.42813323987193935,0.20520102996454506,0.2928528746904986,0.955069684605542
0.4356099030694608,0.21763854860983517,0.30854070472786516,0.9581651107642029
0.44321713424760856,0.2305170209928766,0.32456667972248127,0.9610361044405887
0.4509572135676147,0.2438208915878258,0.34089380280379084,0.9636987400814196
0.4588324610100845,0.2575315934998356,0.3574825961705579,0.9661680686322056
0.46684523707037895,0.27162761343094904,0.3742915031213333,0.9684581571095181
0.474997943466141,0.2860846036837565,0.3912773289769026,0.9705821315459336
0.4832930238571752,0.3008755409101195,0.4083957108713435,0.9725522221234882
0.49173296457790183,0.31597092997864784,0.4256016054560941,0.9743798095140457
0.5003202953826005,0.33133904999791935,0.44284978306665423,0.9760754716231757
0.5090575902036681,0.34694623825319876,0.4600953168655979,0.9776490300892912
0.517947467923121,0.3627572066527426,0.47729405589192425,0.979109596023619
0.5269925931575656,0.37873538429137926,0.49440307178216064,0.9804656145909629
0.5361956770568816,0.39484327897132104,0.511381070126203,0.9817249081281089
0.5455594781168517,0.4110428500089932,0.5281887589054245,0.982894717578089
0.5550868030059806,0.42729588442391087,0.5447891681446809,0.9839817420861952
0.5647805074067554,0.4435643686579412,0.5611479167009901,0.9849921766594086
0.5746434968715973,0.459810848301565,0.5772334239185216,0.9859317478363654
0.584678727693759,0.4759987688846328,0.5930170656184682,0.9868057473516123
0.5948892077934335,0.4920927915866294,0.6084732754917259,0.987619063806994
0.6052779976193349,0.5080590786901559,0.6235795943658866,0.9883762123857657
0.615848211066026,0.5238655446896547,0.6383166709868541,0.9890813626624182
0.6266030164072652,0.5394820701212107,0.6526682188675652,0.9897383645741674
0.6375456372456506,0.5548806763455171,0.6666209344062832,0.9903507726293433
0.6486793534788511,0.5700356606458336,0.6801643818731824,0.9909218684341837
0.6600075022827095,0.5849236920535883,0.6932908510262091,0.9914546816233691
0.6715334791115142,0.5995238692522451,0.70599519307365,0.9919520092814911
0.6832607387157402,0.6138177427104416,0.718274640484685,0.9924164339429408
0.6951927961775606,0.6277893038430586,0.7301286157962369,0.9928503402567816
0.7073332279644439,0.6414249444877896,0.7415585341103753,0.9932559304012908
0.7196856730011517,0.6547133903168862,0.7525676034551294,0.9936352383302833
0.7322538337604534,0.6676456119879407,0.7631606266233253,0.9939901429302288
0.7450414773728913,0.6802147178878503,0.7733438075351867,0.9943223801637205
0.7580524367559262,0.692415832258126,0.7831245646124702,0.9946335542711672
0.7712906117627992,0.7042459623272849,0.7925113531216479,0.9949251480987558
0.7847599703514611,0.7157038578377104,0.8015134979534165,0.9951985326168731
0.7984645497739087,0.7267898660601709,0.8101410378636819,0.9954549756893143
0.8124084577862966,0.737505785058021,0.8184045818118425,0.9956956501498199
0.8265958738801809,0.7478547176118099,0.8263151776972242,0.9959216412387921
0.8410310505352605,0.7578409278581452,0.8338841935132263,0.9961339534494835
0.8557183144940006,0.7674697023462353,0.8411232107086338,0.9963335168295347
0.8706620680585127,0.7767472168809935,0.8480439293628664,0.9965211927804827
0.8858667904100823,0.7856804102100083,0.8546580846421402,0.9966977793947864
0.9013370389517434,0.7942768653279044,0.8609773739016543,0.99686401636699
0.9170774506742931,0.8025446989184873,0.867013393729842,0.9970205895129166
0.9330927435461663,0.8104924592339419,0.8727775861894902,0.9971681349282082
0.9493877179275825,0.8181290325210745,0.8782811934923538,0.9973072428151273
0.9659672580093832,0.8254635579461671,0.8835352203444096,0.9974384610042932
0.9828363332770026,0.8325053508405582,0.8885504032142153,0.9975622981959431
1.0,0.8392638339862449,0.8933371858034163,0.9976792269433595
1.0174634027476064,0.8457484765819565,0.8979057000333697,0.997789686399321
1.0352317759307377,0.8519687404724878,0.9022657519025296,0.9978940848447548
1.053310445370937,0.8579340331847389,0.9064268116135582,0.9979928020172373
1.0717048298967105,0.8636536672902262,0.9103980074153859,0.9980861912555613
1.0904204429677526,0.8691368256031584,0.9141881226522224,0.9981745814752764
1.1094628943275218,0.8743925317231847,0.9178055955577675,0.9982582789888991
1.1288378916846884,0.8794296254404808,0.9212585213777467,0.9983375691833666
1.1485512424239381,0.8842567425360133,0.9245546564468086,0.9984127180662944
1.168608855346651,0.8888822985300125,0.9277014238863521,0.9984839736916348
1.18901674244199,0.8933144759554393,0.9307059206277304,0.9985515674744782
1.2097810206889013,0.8975612147593627,0.9335749255003444,0.9986157154039383
1.2309079138896017,0.9016302054627199,0.9363149081563829,0.998676619162318
1.2524037545350732,0.9055288847370528,0.9389320386333404,0.998734467158093
1.2742749857031335,0.9092644330848971,0.9414321973820897,0.9987894354796234
1.2965281629896677,0.9128437743380409,0.9438209856122857,0.9988416887759366
1.3191699564735717,0.9162735767144572,0.9461037358283623,0.9988913810704048
1.342207152716012,0.9195602552001152,0.9482855224485602,0.9989386565126652
1.3656466567946097,0.9227099750458531,0.9503711724164092,0.9989836500736866
1.3894954943731375,0.925728656191966,0.9523652757290918,0.9990264881884907
1.4137608138073599,0.9286219784540292,0.9542721958202975,0.9990672893506636
1.438449888287663,0.9313953873227384,0.956096079746712,0.9991061646624565
1.4635701180190799,0.9340541002482151,0.9578408681373102,0.9991432183439662
1.4891290324394086,0.9366031132953377,0.9595103048733408,0.9991785482045985
1.515134292476053,0.9390472080712711,0.9611079464743739,0.9992122460797602
1.5415936928422718,0.9413909588395695,0.9626371711722352,0.999244398235486
1.5685151643735478,0.943638739747097,0.964101187660136,0.9992750857434873
1.595906776404731,0.945794732100618,0.9655030435089718,0.9993043848289077
1.623776739188721,0.9478629316393979,0.9668456332466948,0.9993323671928893
1.6521334063573703,0.9498471557585376,0.9681317060999413,0.9993591003118819
1.6809852774253637,0.9517510506452246,0.9693638733998344,0.9993846477154731
1.7103410003378396,0.9535780982966221,0.9705446156561166,0.9994090692443767
1.7402093740624849,0.9553316233938703,0.9716762893055768,0.9994324212900847
1.770599351226898,0.9570148000117081,0.9727611331422062,0.9994547570175693
1.8015200408020238,0.9586306581475954,0.9738012744376376,0.9994761265723103
1.8329807108324356,0.960182090058015,0.9747987347613152,0.9994965772728256
1.8649907912142962,0.9616718563929083,0.9757554355104623,0.9995161537897863
1.8975598765218504,0.963102592122013,0.9766732031603914,0.9995348983127157
1.9306977288832496,0.9644768122492747,0.9775537742459589,0.9995528507051898
1.9644142809066267,0.9657969173135491,0.9783988000851415,0.999570048649392
1.9987196386572506,0.9670651986755257,0.9792098512557296,0.9995865277808
2.0336240846866724,0.9682838435922577,0.9799884218360861,0.9996023218137287
2.06913808111479,0.9694549400818695,0.9807359334207776,0.9996174626583971
2.105272272765707,0.9705804815819996,0.9814537389216894,0.9996319805301307
2.142037490358383,0.9716623714063316,0.9821431261649943,0.9996459040512684
2.1794447537529855,0.9727024270041997,0.9828053212940552,0.9996592603463013
2.2175052752539317,0.9737023840287494,0.9834414919880267,0.9996720751307233
2.256230462970633,0.974663900219507,0.9840527505055953,0.9996843727940458
2.2956319242369094,0.9755885591054827,0.9846401565629349,0.9996961764773867
2.3357214690901213,0.9764778735351155,0.9852047200546046,0.999707508146021
2.376511113811073,0.9773332890394758,0.985747403625747,0.9997183886572433
2.4180130845257204,0.9781561870351866,0.9862691251035841,0.9997288378238721
2.460239820869775,0.9789478878735154,0.986770759795842,0.9997388744737005
2.5032039797173256,0.9797096537420432,0.9872531426633773,0.9997485165051708
2.54691843897454,0.9804426914252224,0.9877170703739335,0.9997577809395382
2.5913963014396573,0.9811481549300203,0.9881633032436052,0.9997666839697595
2.636650898730358,0.9818271479827114,0.9885925670722627,0.9997752410063353
2.6826957952797246,0.9824807264027129,0.9890055548788605,0.9997834667203097
2.7295447924020073,0.9831099003591893,0.9894029285422512,0.9997913750836204
2.777211932429355,0.9837156365159716,0.9897853203528191,0.9997989794069794
2.825711502920827,0.984298860070135,0.9901533344799682,0.9998062923754472
2.87505804094488,0.9848604566893958,0.9905075483602211,0.999813326081856
2.9252663374366445,0.9854012743532774,0.9908485140104234,0.9998200920582242
2.976351441631316,0.9859221251028041,0.9911767592703014,0.9998266013052932
3.0283286655749455,0.9864237867032781,0.9914927889783794,0.9998328643203135
3.081213588714002,0.9869070042244997,0.9917970860850402,0.9998388911231899
3.1350220625651124,0.9873724915425988,0.9920901127062917,0.9998446912810958
3.1897702154663214,0.9878209327674516,0.992372311121608,0.9998502739316535
3.245474457411329,0.9882529835994799,0.9926441047190123,0.9998556478047752
3.3021514849681757,0.9886692726194406,0.9929058988903897,0.9998608212432463
3.359818286283781,0.989070402514647,0.9931580818798431,0.9998658022221356
3.418492146175927,0.9894569512448945,0.9934010255877491,0.9998705983671033
3.4781906513141303,0.9898294731511955,0.9936350863330041,0.9998752169716771
3.538931695490988,0.9901885000102791,0.993860605575818,0.9998796650135624
3.60073348498562,0.9905345420376606,0.994077910603268,0.999883949170044
3.663614544020716,0.9908680888419388,0.9942873151796975,0.9998880758325382
3.727593720314938,0.9911896103328471,0.9944891201639221,0.9998920511203458
3.79269019073225,0.9914995575854486,0.9946836140950959,0.9998958808936552
3.858923467029903,0.9917983636627465,0.9948710737489708,0.9998995707658425
3.9263134017068357,0.9920864443988557,0.9950517646661939,0.999903126115109
3.9948801939541703,0.9923641991447725,0.9952259416541802,0.9999065520954986
4.064644395709628,0.9926320114786704,0.9953938492640163,0.9999098536473288
4.135626917817706,0.9928902498825486,0.9955557222437604,0.9999130355070734
4.207849036297403,0.9931392683869574,0.9957117859694267,0.9999161022167279
4.281332398719392,0.993379407185442,0.995862256854866,0.9999190581326871
4.356099030694608,0.9936109932202498,0.9960073427416867,0.9999219074341654
4.432171342476085,0.9938343407407647,0.9961472432702886,0.9999246541311846
4.5095721356761445,0.9940497518360617,0.9962821502330242,0.9999273020721552
4.588324610100845,0.9942575169428864,0.9964122479104429,0.9999298549510734
4.66845237070379,0.9944579153303083,0.9965377133915161,0.9999323163143575
4.749979434661412,0.9946512155622161,0.9966587168786923,0.9999346895673421
4.832930238571752,0.994837675938775,0.9967754219785793,0.9999369779804507
4.917329645779016,0.9950175449178904,0.9968879859790086,0.9999391846950639
5.003202953826004,0.9951910615176806,0.996996560113193,0.9999413127291024
5.090575902036681,0.9953584557008961,0.9971012898116435,0.9999433649823339
5.179474679231207,0.9955199487421829,0.9972023149424813,0.9999453442414302
5.269925931575656,0.9956757535790288,0.9972997700407404,0.9999472531847764
5.361956770568817,0.9958260751471978,0.9973937845272204,0.9999490943870535
5.455594781168514,0.9959711107014052,0.997484482917425,0.9999508703236037
5.550868030059805,0.996111050121954,0.9975719850210835,0.9999525833745898
5.647805074067552,0.9962460762080095,0.9976564061327323,0.999954235828961
5.746434968715974,0.996376364958157,0.9977378572138002,0.9999558298882332
5.846787276937589,0.9965020858388484,0.9978164450666225,0.9999573676700969
5.948892077934331,0.9966234020413223,0.9978922725007817,0.9999588512118568
6.052779976193349,0.9967404707275366,0.997965438492154,0.999960282473718
6.158482110660261,0.9968534432656388,0.9980360383350152,0.9999616633419197
6.266030164072656,0.9969624654554624,0.9981041637875472,0.9999629956317312
6.375456372456506,0.9970676777445158,0.998169903211062,0.9999642810903118
6.486793534788508,0.9971692154349104,0.9982333417032453,0.9999655213994433
6.600075022827095,0.9972672088816412,0.9982945612257079,0.9999667181781426
6.715334791115142,0.9973617836826225,0.9983536407261118,0.99996787298516
6.832607387157398,0.9974530608608563,0.998410656255131,0.9999689873213654
6.951927961775605,0.9975411570390907,0.9984656810784885,0.9999700626320349
7.073332279644439,0.9976261846073096,0.9985187857842988,0.9999711003090348
7.196856730011514,0.9977082518833786,0.998570038385935,0.9999721016929134
7.322538337604533,0.9977874632671527,0.9986195044206277,0.9999730680749044
7.45041477372891,0.9978639193883394,0.9986672470439909,0.9999740006988422
7.580524367559261,0.9979377172483939,0.998713327120661,0.9999749007629992
7.712906117627992,0.9980089503567108,0.9987578033112268,0.9999757694218441
7.847599703514607,0.9980777088613636,0.9988007321556175,0.999976607787726
7.984645497739087,0.9981440796746306,0.9988421681531049,0.9999774169324912
8.124084577862966,0.998208146593534,0.9988821638390775,0.9999781978890283
8.265958738801812,0.9982699904156086,0.9989207698587246,0.9999789516527552
8.410310505352605,0.9983296890501072,0.9989580350377674,0.99997967918304
8.557183144940002,0.9983873176248363,0.9989940064503696,0.9999803814045665
8.706620680585127,0.9984429485888104,0.9990287294843504,0.999981059208644
8.858667904100823,0.9984966518109031,0.9990622479038134,0.9999817134544635
9.01337038951743,0.9985484946746627,0.9990946039093087,0.9999823449703029
9.17077450674293,0.9985985421694551,0.9991258381956304,0.9999829545546848
9.330927435461664,0.9986468569780886,0.9991559900073521,0.9999835429774873
9.49387717927582,0.9986934995610652,0.9991850971921975,0.9999841109810113
9.659672580093833,0.9987385282376003,0.9992131962523366,0.9999846592810042
9.82836333277002,0.9987819992635455,0.9992403223936954,0.9999851885676445
10.0,0.998823966906337,0.999266509573364,0.9999856995064872
