# Fig 6a: n=3, Bhat=1.5, Ghat=0.8, T_E=1, T_S=4, T_L=2
l,R
0.001,-1.994906757290804
0.001009259087271587,-1.9948605647892004
0.001018603905240278,-1.9948139619955054
0.0010280352476940771,-1.9947669454192773
0.0010375539157707453,-1.994719511543085
0.0010471607180258435,-1.9946716568223448
0.0010568564705014227,-1.9946233776851603
0.0010666419967953378,-1.9945746705321594
0.0010765181281312058,-1.9945255317363337
0.0010864857034290193,-1.9944759576428748
0.0010965455693764002,-1.9944259445690133
0.0011066985805005284,-1.9943754888038572
0.0011169455992407254,-1.994324586608228
0.0011272874960217105,-1.9942732342145006
0.0011377251493275456,-1.99422142782644
0.0011482594457762486,-1.9941691636190397
0.0011588912801951152,-1.9941164377383593
0.0011696215556967241,-1.994063246301363
0.0011804511837556495,-1.9940095853957573
0.0011913810842858925,-1.99395545107983
0.0012024121857190137,-1.9939008393822881
0.0012135454250830058,-1.9938457463020967
0.0012247817480818858,-1.993790167808317
0.001236122109176023,-1.9937340998399469
0.0012475674716632232,-1.993677538305759
0.0012591188077605462,-1.99362047908414
0.001270777098686898,-1.9935629180229315
0.0012825433347463753,-1.9935048509392694
0.0012944185154123843,-1.9934462736194243
0.001306403649412547,-1.9933871818186424
0.0013184997548143778,-1.9933275712609873
0.0013307078591117702,-1.9932674376391804
0.0013430289993122742,-1.9932067766144437
0.0013554642220251789,-1.9931455838163423
0.001368014583550425,-1.9930838548426275
0.0013806811499683224,-1.9930215852590798
0.0013934649972301143,-1.992958770599353
0.0014063672112493712,-1.9928954063648192
0.0014193888879942276,-1.9928314880244142
0.0014325311335804886,-1.9927670110144826
0.0014457950643655757,-1.9927019707386253
0.0014591818070433665,-1.9926363625675456
0.0014726924987398947,-1.9925701818388983
0.001486328287109939,-1.9925034238571377
0.00150009033043452,-1.9924360838933672
0.001513979797719277,-1.9923681571851901
0.0015279978687937794,-1.99229963893656
0.0015421457344117417,-1.9922305243176333
0.0015564245963521658,-1.9921608084646225
0.0015708356675214368,-1.9920904864796496
0.0015853801720563394,-1.9920195534306007
0.001600059345428053,-1.9919480043509834
0.0016148744345470913,-1.991875834239782
0.0016298266978692177,-1.9918030380613163
0.001644917405502353,-1.9917296107451017
0.0016601478393144518,-1.991655547185708
0.001675519293042401,-1.991580842242622
0.0016910330724019102,-1.9915054907401095
0.0017066904951984195,-1.9914294874670804
0.0017224928914390516,-1.991352827176953
0.0017384416034455742,-1.9912755045875214
0.0017545379859684363,-1.9911975143808234
0.0017707834063018326,-1.9911188512030096
0.0017871792443998594,-1.991039509664215
0.0018037268929937285,-1.9909594843384308
0.001820427757710066,-1.9908787697633792
0.0018372832571903232,-1.990797360440388
0.0018542948232112759,-1.9907152508342678
0.0018714639008066414,-1.9906324353731928
0.0018887919483898366,-1.9905489084485781
0.0019062804378778492,-1.9904646644149648
0.0019239308548162813,-1.990379697589902
0.0019417446985055243,-1.9902940022538342
0.0019597234821281287,-1.990207572649988
0.0019778687328773333,-1.9901204029842618
0.001996181992086788,-1.990032487425118
0.002014664815361492,-1.9899438201034763
0.00203331877270992,-1.9898543951126082
0.0020521454486773973,-1.9897642065080365
0.002071146442480694,-1.9896732483074335
0.0020903233681438594,-1.9895815144905236
0.0021096778546353433,-1.9894889989989872
0.0021292115460063467,-1.9893956957363674
0.0021489261015304904,-1.9893015985679783
0.0021688231958447548,-1.9892067013208157
0.002188904519091724,-1.9891109977834711
0.0022091717770631675,-1.9890144817060469
0.0022296266913449225,-1.9889171468000753
0.002250270999463145,-1.988818986738438
0.002271106455031898,-1.9887199951552905
0.002292134827902103,-1.9886201656459876
0.002313357904311895,-1.988519491767012
0.0023347774870383347,-1.9884179670359043
0.0023563953955505596,-1.9883155849311995
0.0023782134661643303,-1.9882123388923616
0.0024002335521980094,-1.9881082223197233
0.002422457524130005,-1.98800322857443
0.002444887269757637,-1.9878973509783828
0.0024675246943575155,-1.9877905828141886
0.0024903717208473704,-1.9876829173251107
0.002513430289949389,-1.9875743477150227
0.002536702360355083,-1.9874648671483663
0.0025601899088916517,-1.9873544687501121
0.0025838949306899186,-1.9872431456057225
0.002607819439353788,-1.9871308907611194
0.002631965467131306,-1.9870176972226539
0.0026563350650872807,-1.9869035579570793
0.002680930303277501,-1.986788465891529
0.002705753270924592,-1.986672413913496
0.0027308060765954653,-1.9865553948708163
0.002756090848380443,-1.9864374015716568
0.002781609734074023,-1.9863184267845047
0.00280736490135731,-1.986198463238163
0.0028333585379821708,-1.986077503621747
0.002859592851957044,-1.9859555405846867
0.002886070071734521,-1.9858325667367311
0.002912792446400629,-1.985708574647957
0.002939762245865872,-1.9855835568487823
0.0029669817610580643,-1.985457505829981
0.002994453304116908,-1.9853304140427044
0.0030221792085904186,-1.9852022738985047
0.0030501618296331365,-1.9850730777693628
0.003078403544206173,-1.98494281798772
0.0031069067512791444,-1.984811486846514
0.003135673872033921,-1.9846790765992186
0.0031647073500703183,-1.984545579459887
0.0031940096516136557,-1.9844109876032006
0.003223583265724238,-1.9842752931645204
0.0032534307045088097,-1.9841384882399429
0.0032835545033339177,-1.9840005648863603
0.003313957221041299,-1.983861515121526
0.00334464144016523,-1.983721330924121
0.0033756097671518866,-1.9835800042338296
0.003406864832580771,-1.9834375269514137
0.003438409291388137,-1.9832938909387963
0.003470245823092536,-1.9831490880191458
0.0035023771320224135,-1.9830031099769667
0.00353480594754582,-1.982855948558194
0.003567535024302275,-1.982707595470292
0.0036005671424367337,-1.9825580423823561
0.0036339051078357644,-1.9824072809252227
0.003667551752365885,-1.9822553026915786
0.003701509934114103,-1.982102099236079
0.003735782537630716,-1.9819476620754677
0.0037703724741743098,-1.9817919826887023
0.003805282681959079,-1.9816350525170834
0.0038405161264044013,-1.9814768629643904
0.003876075800386717,-1.9813174053970175
0.003911964724493788,-1.9811566711441186
0.003948185947281246,-1.980994651497755
0.003984742545531577,-1.9808313377130458
0.004021637624515464,-1.980666721008325
0.004058874318255551,-1.9805007925653038
0.004096455789792687,-1.9803335435292335
0.004134385231454575,-1.9801649650090771
0.004172665865126973,-1.9799950480776827
0.004211300942527361,-1.979823783771962
0.004250293745481138,-1.9796511630930747
0.004289647586200433,-1.979477177006613
0.004329365807565416,-1.9793018164427973
0.0043694517834082895,-1.9791250722966682
0.004409908918799863,-1.9789469354282905
0.004450740650338781,-1.9787673966629549
0.004491950446443472,-1.9785864467913894
0.004533541807646737,-1.9784040765699706
0.004575518266893127,-1.9782202767209427
0.004617883389839036,-1.9780350379326375
0.004660640775155568,-1.9778483508597011
0.004703794054834255,-1.977660206123323
0.004747346894495538,-1.9774705943114705
0.00479130299370017,-1.9772795059791255
0.004835666086263461,-1.9770869316485267
0.004880439940572428,-1.976892861809415
0.004925628359905933,-1.9766972869192827
0.004971235182757706,-1.9765001974036267
0.005017264283162444,-1.976301583656205
0.005063719571024867,-1.9761014360392972
0.005110604992451829,-1.9758997448839681
0.005157924530087554,-1.9756965004903353
0.005205682203451895,-1.9754916931278406
0.005253882069281803,-1.9752853130355226
0.005302528221875915,-1.9750773504222952
0.005351624793442318,-1.9748677954672273
0.005401175954449595,-1.974656638319827
0.005451185913981042,-1.9744438691003277
0.005501658920092238,-1.9742294778999772
0.005552599260171883,-1.97401345478133
0.005604011261305965,-1.973795789778542
0.005655899290645358,-1.9735764728976684
0.0057082677557767515,-1.9733554941169622
0.005761121105097074,-1.9731328433871769
0.005814463828191356,-1.9729085106318711
0.005868300456214066,-1.972682485747714
0.005922635562274053,-1.9724547586047947
0.005977473761822953,-1.9722253190469312
0.006032819713047294,-1.9719941568919828
0.006088678117264156,-1.971761261932163
0.006145053719320507,-1.971526623934355
0.006201951307996292,-1.9712902326404265
0.006259375716411164,-1.9710520777675478
0.006317331822435068,-1.9708121490085093
0.006375824549102575,-1.9705704360320402
0.006434858865031042,-1.970326928483128
0.006494439784842717,-1.9700816159833383
0.0065545723695906435,-1.9698344881311356
0.0066152617271886165,-1.9695855345022022
0.0066765130128450525,-1.9693347446497598
0.006738331429500871,-1.9690821081048882
0.0068007222282715045,-1.968827614376845
0.006863690708892893,-1.968571252953386
0.0069272422201717134,-1.9683130133010804
0.006991382160439713,-1.9680528848656296
0.007056115978012241,-1.9677908570721827
0.007121449171651103,-1.9675269193256502
0.007187387291031592,-1.9672610610110164
0.007253935937213949,-1.9669932714936509
0.007321100763119123,-1.9667235401196164
0.007388887474008925,-1.9664518562159747
0.007457301827970718,-1.966178209091091
0.007526349636406465,-1.9659025880349346
0.00759603676452643,-1.9656249823193752
0.007666369131847372,-1.9653453811984798
0.0077373527126953475,-1.965063773908801
0.007808993536713253,-1.964780149669666
0.00788129768937294,-1.9644944976834584
0.007954271312492201,-1.964206807135898
0.008027920604756456,-1.9639170671963135
0.008102251822245268,-1.9636252670179128
0.00817727127896382,-1.9633313957380467
0.008252985347379189,-1.9630354424784675
0.008329400458961703,-1.9627373963455823
0.008406523104731235,-1.9624372464306998
0.008484359835808555,-1.9621349818102711
0.008562917263971863,-1.9618305915461236
0.008642202062218357,-1.9615240646856886
0.008722220965331127,-1.961215390262222
0.008802980770451203,-1.9609045572950154
0.008884488337654914,-1.9605915547896027
0.008966750590536667,-1.9602763717379557
0.009049774516797001,-1.9599589971186733
0.00913356716883621,-1.9596394198971603
0.009218135664353375,-1.959317629025799
0.009303487186950952,-1.9589936134441095
0.009389628986745033,-1.958667362078902
0.009476568380981128,-1.9583388638444168
0.009564312754655796,-1.9580081076424576
0.009652869561143917,-1.95767508236251
0.009742246322831804,-1.9573397768818512
0.009832450631756202,-1.9570021800656483
0.009923490150249204,-1.9566622807670435
0.010015372611589102,-1.9563200678272292
0.010108105820657272,-1.9559755300755084
0.010201697654601181,-1.955628656329344
0.010296156063503484,-1.9552794353943934
0.010391489071057343,-1.954927856064532
0.01048770477524801,-1.954573907121859
0.010584811349040678,-1.9542175773366928
0.010682817041074736,-1.953858855467549
0.01078173017636445,-1.9534977302611045
0.010881559157006112,-1.9531341904521469
0.010982312462891775,-1.9527682247635054
0.011083998652429533,-1.9523998219059697
0.011186626363270539,-1.9520289705781877
0.011290204313042703,-1.9516556594665506
0.011394741300091214,-1.9512798772450575
0.011500246204225921,-1.950901612575164
0.011606727987475593,-1.9505208541056114
0.011714195694849208,-1.95013759047224
0.011822658455104272,-1.94975181029778
0.01193212548152225,-1.9493635021916258
0.012042606072691198,-1.9489726547495898
0.012154109613295596,-1.9485792565536364
0.012266645574913542,-1.9481832961715946
0.0123802235168213,-1.9477847621568518
0.012494853086805303,-1.9473836430480242
0.012610544021981697,-1.9469799273686073
0.012727306149623424,-1.946573603626603
0.012845149387995,-1.9461646603141267
0.012964083747195026,-1.945753085906988
0.013084119330006475,-1.945338868864252
0.013205266332754864,-1.9449219976277743
0.013327535046174399,-1.9445024606217138
0.013450935856282068,-1.944080246252021
0.013575479245259911,-1.9436553429058998
0.013701175792345399,-1.943227738951247
0.013828036174730081,-1.9427974227360643
0.013956071168466576,-1.9423643825878458
0.014085291649383895,-1.9419286068129376
0.014215708594011306,-1.9414900836958724
0.014347333080510713,-1.9410488014986775
0.01448017628961769,-1.9406047484601525
0.014614249505591233,-1.940157912795123
0.014749564117172258,-1.939708282693664
0.014886131618551034,-1.9392558463202954
0.015023963610343536,-1.9388005918131486
0.015163071800576855,-1.9383425072831038
0.015303468005683746,-1.9378815808128986
0.015445164151506319,-1.9374178004562055
0.015588172274309113,-1.9369511542366797
0.015732504521801482,-1.9364816301469767
0.015878173154169478,-1.9360092161477387
0.016025190545117314,-1.9355339001665486
0.016173569182918377,-1.935055670096855
0.016323321671476074,-1.9345745137968624
0.01647446073139447,-1.9340904190883907
0.016626999201058784,-1.9336033737557021
0.016780950037726006,-1.933113365544294
0.01693632631862546,-1.9326203821596601
0.0170931412420697,-1.9321244112660176
0.017251408128575597,-1.9316254404849986
0.017411140421995843,-1.9311234573943106
0.01757235169066097,-1.9306184495263599
0.01773505562853183,-1.9301104043668411
0.017899266056362866,-1.9295993093532924
0.018064996922876095,-1.9290851518736138
0.018232262305945955,-1.9285679192645522
0.018401076413795188,-1.9280475988101469
0.01857145358620167,-1.9275241777401435
0.018743408295716548,-1.926997643228367
0.018916955148893584,-1.9264679823910626
0.0190921088875299,-1.9259351822851947
0.01926888438991818,-1.9253992299067135
0.019447296672110564,-1.9248601121887812
0.019627360889194093,-1.9243178159999605
0.019809092336578085,-1.923772328142369
0.0199925064512934,-1.9232236353497896
0.02017761881330369,-1.9226717242857474
0.020364445146828898,-1.9221165815415464
0.020553001321680843,-1.9215581936342678
0.02074330335461134,-1.9209965470047288
0.020935367410672704,-1.9204316280154026
0.021129209804590862,-1.9198634229483005
0.021324847002151252,-1.9192919180028123
0.021522295621597423,-1.918717099293509
0.0217215724350427,-1.9181389528479056
0.021922694369894875,-1.9175574646041822
0.02212567851029406,-1.916972620408868
0.022330542098563964,-1.916384406014482
0.022537302536676428,-1.9157928070771364
0.022745977387729686,-1.915197809154098
0.022956584377440234,-1.9145993977013085
0.023169141395648504,-1.913997558070866
0.023383666497838566,-1.9133922755084638
0.02360017790667175,-1.9127835351507905
0.02381869401353462,-1.9121713220228875
0.024039233380101176,-1.9115556210354656
0.02426181473990958,-1.9109364169821819
0.024486456999953495,-1.9103136945368746
0.024713179242288042,-1.9096874382507567
0.02494200072565077,-1.9090576325495678
0.025172940887097574,-1.9084242617306868
0.02540601934365371,-1.9077873099602007
0.025641255893980246,-1.9071467612699347
0.025878670520055717,-1.9065025995544378
0.026118283388873575,-1.9058548085679303
0.02636011485415521,-1.9052033719212074
0.02660418545807889,-1.9045482730785037
0.026850515933024746,-1.903889495354314
0.027099127203335772,-1.9032270219101743
0.027350040387095313,-1.9025608357514014
0.027603276797920875,-1.9018909197237912
0.027858857946774597,-1.9012172565102745
0.028116805543790546,-1.9005398286275332
0.028377141500118757,-1.899858618422575
0.028639887929786546,-1.8991736080692665
0.028905067151576928,-1.8984847795648254
0.02917270169092448,-1.897792114726272
0.029442814281828725,-1.8970955951868398
0.02971542786878532,-1.8963952023923452
0.02999056560873497,-1.8956909175975165
0.03026825087303052,-1.8949827218622817
0.030548507249422218,-1.8942705960480173
0.030831358544061327,-1.8935545208137552
0.0311168287835224,-1.8928344766123502
0.03140494221684408,-1.8921104436866065
0.031695723317589006,-1.8913824020653653
0.03198919678592266,-1.8906503315595513
0.03228538755071148,-1.8899142117581804
0.03258432077164055,-1.8891740220243267
0.032886021841350574,-1.888429741491052
0.03319051638759497,-1.8876813490572935
0.03349783027541677,-1.8869288233837134
0.03380798960934567,-1.88617214288851
0.03412102073561553,-1.88541128574319
0.03443695024440224,-1.8846462298683009
0.03475580497208248,-1.883876952929126
0.03507761200351327,-1.8831034323313403
0.03540239867433267,-1.8823256452166297
0.03573019257328185,-1.8815435684582706
0.036061021544548495,-1.8807571786566732
0.03639491369013207,-1.8799664521348856
0.036731897372230905,-1.8791713649340624
0.037072001215651365,-1.8783718928088957
0.037415254110239486,-1.8775680112230075
0.03776168521333482,-1.8767596953443078
0.038111323952247304,-1.8759469200403152
0.038464200026756906,-1.8751296598734415
0.038820343411636433,-1.8743078890962388
0.03917978435919777,-1.873481581646614
0.039542553401861566,-1.8726507111430037
0.03990868135475081,-1.871815250879518
0.04027819931830843,-1.8709751738210454
0.04065113868093903,-1.8701304525983258
0.04102753112167525,-1.8692810595029867
0.04140740861286862,-1.8684269664825468
0.041790803422905455,-1.8675681451353847
0.0421777481189479,-1.8667045667056723
0.042568275569700276,-1.8658362020782786
0.042962418948201096,-1.8649630217736353
0.043360211734641003,-1.8640849959425725
0.043761687719206556,-1.8632020943611205
0.044166881004950656,-1.8623142864252795
0.044575826010689316,-1.8614215411457555
0.04498855747392537,-1.8605238271426667
0.045405110453799274,-1.8596211126402156
0.04582552033406708,-1.8587133654613301
0.04624982282610612,-1.8578005530222752
0.0466780539719485,-1.8568826423272309
0.04711025014734262,-1.8559595999628413
0.047546448064843184,-1.855031392092732
0.04798668477692957,-1.8540979844519976
0.04843099767915333,-1.853159342341661
0.048879424513314666,-1.8522154306230993
0.0493320033706684,-1.8512662137124432
0.04978877269515967,-1.8503116555749457
0.050249771286689386,-1.8493517197193234
0.05071503830441016,-1.8483863691920681
0.0511846132700526,-1.8474155665717285
0.05165853607128245,-1.8464392739631668
0.05213684696508891,-1.845457452991785
0.052619586581204074,-1.8444700647977261
0.053106795925554305,-1.8434770700300431
0.053598516383743404,-1.8424784288408467
0.05409478972456807,-1.8414741008794226
0.05459565810356602,-1.8404640452863223
0.0551011640665967,-1.839448220687429
0.05561135055345538,-1.8384265851879964
0.05612626090152068,-1.8373990963666609
0.05664593884943572,-1.836365711269431
0.05717042854082366,-1.8353263864036464
0.057699774528037207,-1.8342810777319183
0.05823402177594323,-1.833229740666038
0.05877321566574222,-1.8321723300608668
0.059317401998823134,-1.8311088002081972
0.05986662700065409,-1.8300391048305922
0.06042093732470872,-1.8289631970751996
0.06098038005642932,-1.8278810295075434
0.06154500271722638,-1.8267925541052905
0.06211485326851524,-1.8256977222519952
0.06268998011579029,-1.82459648473082
0.06327043211273647,-1.8234887917182334
0.06385625856537935,-1.8223745927776853
0.06444750923627326,-1.8212538368532611
0.06504423434872837,-1.8201264722633113
0.0656464845910768,-1.8189924466940597
0.06625431112097852,-1.8178517071931921
0.06686776556976658,-1.81670420016342
0.0674869000468331,-1.8155498713560254
0.06811176714405563,-1.8143886658643829
0.06874241994026446,-1.8132205281174611
0.0693789120057515,-1.8120454018733045
0.07002129740682055,-1.8108632302124916
0.07066963071038009,-1.8096739555315768
0.07132396698857836,-1.8084775195365075
0.07198436182348139,-1.8072738632360252
0.07265087131179455,-1.8060629269350428
0.07332355206962733,-1.8048446502280058
0.07400246123730281,-1.8036189719922309
0.07468765648421127,-1.802385830381227
0.0753791960137089,-1.8011451628179962
0.07607713856806193,-1.7998969059883152
0.07678154343343628,-1.798640995833999
0.07749247044493367,-1.7973773675461446
0.07820997999167423,-1.7961059555583565
0.07893413302192621,-1.7948266935399546
0.07966499104828333,-1.7935395143891604
0.08040261615288963,-1.79224435022627
0.08114707099271319,-1.7909411323868047
0.08189841880486844,-1.7896297914146455
0.0826567234119877,-1.78831025705515
0.08342204922764276,-1.7869824582482499
0.08419446126181619,-1.7856463231215334
0.08497402512642364,-1.7843017789833087
0.08576080704088727,-1.7829487523156484
0.08655487383776059,-1.781587168767421
0.08735629296840566,-1.7802169531473009
0.0881651325087225,-1.7788380294167645
0.08898146116493186,-1.7774503206830674
0.08980534827941133,-1.7760537491922062
0.09063686383658567,-1.7746482363218627
0.09147607846887162,-1.7732337025743314
0.0923230634626775,-1.7718100675694313
0.09317789076445875,-1.7703772500374015
0.09404063298682933,-1.7689351678117793
0.09491136341472972,-1.767483737822262
0.09579015601165201,-1.7660228760875554
0.09667708542592289,-1.7645524977082019
0.09757222699704424,-1.7630725168593961
0.09847565676209302,-1.761582846783784
0.09938745146218014,-1.7600833997842442
0.1003076885489691,-1.7585740872166562
0.10123644619125528,-1.7570548194826512
0.10217380328160544,-1.755525506022349
0.10311983944305979,-1.753986055307077
0.10407463503589524,-1.7524363748320764
0.10503827116445116,-1.750876371109192
0.10601082968401955,-1.7493059496595451
0.10699239320779724,-1.7477250150061954
0.10798304511390419,-1.7461334706667822
0.10898286955246567,-1.7445312191461553
0.10999195145275993,-1.7429181619289889
0.11101037653043332,-1.74129419947238
0.11203823129478034,-1.7396592311984331
0.11307560305609297,-1.7380131554868292
0.11412257993307678,-1.7363558696673804
0.11517925086033581,-1.73468727001257
0.11624570559592781,-1.733007251730077
0.11732203472898772,-1.7313157089552877
0.11840832968742358,-1.7296125347437905
0.11950468274568242,-1.7278976210638577
0.12061118703258801,-1.7261708587889124
0.12172793653925258,-1.7244321376899803
0.12285502612705973,-1.7226813464281294
0.12399255153572329,-1.7209183725468906
0.12514060939141944,-1.7191431024646695
0.12629929721499417,-1.7173554214671407
0.12746871343024804,-1.715555213699628
0.12864895737229565,-1.7137423621594705
0.12984012929600441,-1.7119167486883748
0.13104233038451038,-1.7100782539647539
0.13225566275781273,-1.7082267574960497
0.13348022948144903,-1.706362137611042
0.13471613457524922,-1.7044842714521469
0.13596348302217234,-1.7025930349676939
0.1372223807772237,-1.7006883029041946
0.13849293477645497,-1.698769948798597
0.13977525294604853,-1.6968378449705221
0.14106944421148415,-1.6948918625144895
0.14237561850679256,-1.6929318712921269
0.1436938867838933,-1.6909577399243667
0.1450243610220189,-1.688969335783629
0.14636715423722807,-1.6869665249859869
0.14772238049200442,-1.6849491723833228
0.14909015490494648,-1.6829171415554642
0.15047059366054596,-1.680870294802311
0.15186381401905646,-1.6788084931359455
0.15326993432645514,-1.6767315962727267
0.15468907402449422,-1.674639462625373
0.156121353660848,-1.6725319492950286
0.15756689489935224,-1.6704089120633143
0.15902582053033834,-1.668270205384367
0.16049825448106464,-1.666115682376859
0.16198432182624223,-1.6639451948160087
0.16348414879866024,-1.661758593125568
0.16499786279990833,-1.6595557263698038
0.16652559241119802,-1.6573364422454566
0.1680674674042862,-1.6551005870736868
0.16962361875249712,-1.6528480057920047
0.17119417864184908,-1.6505785419461847
0.1727792804822816,-1.6482920376821628
0.17437905891898908,-1.6459883337379182
0.1759936498438574,-1.643667269435337
0.17762319040700683,-1.6413286826720632
0.17926781902844321,-1.638972409913325
0.18092767540981464,-1.6365982861837516
0.18260290054627948,-1.634206145059167
0.18429363673848262,-1.6317958186583676
0.18600002760464238,-1.6293671376348824
0.18772221809275155,-1.626919931168711
0.18946035449288826,-1.6244540269580459
0.19121458444964373,-1.6219692512109734
0.19298505697466342,-1.6194654286371546
0.19477192245930403,-1.6169423824394862
0.19657533268740973,-1.614399934305739
0.1983954408482037,-1.6118379044001774
0.20023240154930222,-1.609256111355153
0.20208637082984687,-1.6066543722626787
0.20395750617375874,-1.6040325026659776
0.20584596652311704,-1.6013903165510082
0.20775191229165876,-1.5987276263379653
0.20967550537840635,-1.5960442428727535
0.21161690918141934,-1.5933399754184376
0.2135762886116736,-1.5906146316466634
0.21555381010707098,-1.58786801762905
0.21754964164657548,-1.5850999378285557
0.2195639527644836,-1.5823101950908138
0.2215969145648248,-1.579498590635432
0.22364869973589493,-1.5766649240472703
0.22571948256492677,-1.5738089932676758
0.2278094389528929,-1.5709305945856897
0.22991874642944904,-1.5680295226292167
0.23204758416801344,-1.5651055703561565
0.23419613300098602,-1.5621585290455031
0.2363645754351106,-1.5591881882883967
0.2385530956669759,-1.556194335979142
0.2407618795986637,-1.5531767583061815
0.2429911148535393,-1.5501352397430248
0.24524099079218847,-1.5470695630391338
0.24751169852850408,-1.5439795092107607
0.24980343094591823,-1.540864857531738
0.2521163827137884,-1.5377253855242166
0.25445075030393244,-1.5345608689493533
0.25680673200731735,-1.5313710817979433
0.25918452795090446,-1.528155796280996
0.261584340114647,-1.5249147828202552
0.264006372348649,-1.5216478100386537
0.2664508303904805,-1.5183546447507108
0.26891792188265284,-1.5150350519528615
0.2714078563902584,-1.5116887948137172
0.2739208454187702,-1.508315634664262
0.2764571024320095,-1.5049153309879684
0.27901684287027784,-1.501487641410844
0.2816002841686564,-1.498032321691399
0.284207645775478,-1.4945491257105292
0.2868391491709655,-1.4910378054613216
0.2894950178860472,-1.4874981110387662
0.2921754775213441,-1.4839297906293814
0.2948807557663318,-1.480332590500749
0.29761108241868417,-1.4767062549909438
0.30036668940379024,-1.4730505264978746
0.30314781079445763,-1.4693651454685102
0.3059546828307944,-1.4656498503880062
0.30878754394027547,-1.461904377768719
0.3116466347579978,-1.4581284621391002
0.3145321981471185,-1.4543218360324792
0.3174444792194868,-1.450484229975717
0.32038372535646387,-1.4466153724777355
0.32335018622993555,-1.4427149900179153
0.3263441138235228,-1.4387828070343545
0.3293657624539835,-1.4348185459119938
0.3324153887928178,-1.4308219269705849
0.33549325188806933,-1.4267926684525223
0.33859961318632953,-1.4227304865105097
0.34173473655494774,-1.4186350951950706
0.3448988883044428,-1.4145062064418943
0.348092337211127,-1.410343530059009
0.3513153545399359,-1.4061467737137814
0.3545682140674697,-1.4019156429197344
0.35785119210525157,-1.3976498410231748
0.36116456752319553,-1.3933490691896362
0.3645086217732982,-1.3890130263901108
0.3678836389135431,-1.3846414093870898
0.37128990563203257,-1.3802339127203824
0.3747277112713393,-1.375790228692725
0.3781973478530827,-1.3713100473551627
0.38169911010273755,-1.3667930564922024
0.3852332954746659,-1.3622389416067304
0.3888002041773869,-1.3576473859046827
0.3924001391990766,-1.3530180702794705
0.3960334063333038,-1.348350673296147
0.3997003142050081,-1.3436448711753048
0.40340117429671307,-1.3389003377767117
0.40713630097498704,-1.3341167445826563
0.410906011517146,-1.3292937606810173
0.41471062613820303,-1.3244310527480354
0.4185504680180716,-1.3195282850307795
0.42242586332901455,-1.3145851193293128
0.42633714126335337,-1.3096012149785328
0.43028463406143014,-1.304576228829691
0.43426867703982786,-1.2995098152315825
0.4382896086198567,-1.294401626011385
0.4423477703562977,-1.28925131045516
0.4464435069664186,-1.2840585152879855
0.45057716635925454,-1.2788228846537288
0.45474909966515925,-1.2735440600944468
0.4589596612656351,-1.2682216805293904
0.46320920882343164,-1.2628553822336368
0.4674981033129306,-1.2574447988163002
0.4718267090508069,-1.2519895611983465
0.47619539372697406,-1.2464892975899877
0.48060452843582036,-1.2409436334676411
0.4850544877077276,-1.2353521915504648
0.48954564954088836,-1.2297145917764332
0.49407839543341375,-1.224030451277969
0.49865311041573745,-1.2182993843571117
0.5032701830833256,-1.2125210024602004
0.5079300056296817,-1.2066949141520935
0.5126329738796647,-1.2008207250898784
0.5173794873231102,-1.1948980379960943
0.5221699491487638,-1.188926452631442
0.527004766278533,-1.1829055657669678
0.5318843494020482,-1.1768349711557289
0.5368091130115531,-1.1707142595039146
0.5417794754371109,-1.1645430184414227
0.5467958588821378,-1.1583208324918828
0.5518586894592704,-1.1520472830421067
0.5569683972265574,-1.1457219483109755
0.5621254162239941,-1.1393444033177316
0.5673301845103899,-1.1329142198496847
0.5725831442005772,-1.1264309664293195
0.5778847415029706,-1.1198942082807815
0.5832354267574652,-1.1133035072957544
0.5886356544736938,-1.1066584219987035
0.5940858833696342,-1.0999585075114804
0.5995865764105716,-1.0932033155172909
0.6051382008484297,-1.0863923942239935
0.6107412282614565,-1.0795252883267532
0.6163961345942855,-1.0726015389700052
0.6221034001983636,-1.0656206837087514
0.6278635098727513,-1.0585822564691703
0.6336769529053088,-1.0514857875085182
0.6395442231142524,-1.0443308033743426
0.6454658188901066,-1.0371168268629725
0.6514422432380371,-1.0298433769772934
0.6574740038205766,-1.0225099688838015
0.6635616130007518,-1.015116113868911
0.6697055878856009,-1.0076613192945365
0.6759064503701031,-1.000145088552913
0.6821647271815092,-0.9925669210206707
0.6884809499240812,-0.9849263120121461
0.6948556551242542,-0.9772227527319226
0.7012893842762054,-0.9694557302266045
0.7077826838878564,-0.9616247273357996
0.7143361055272929,-0.9537292226423273
0.7209502058696157,-0.9457686904216334
0.7276255467442319,-0.9377426005903986
0.7343626951825729,-0.9296504186543628
0.7411622234662663,-0.9214916056553251
0.7480247091757447,-0.9132656181173413
0.7549507352393064,-0.9049719079921117
0.7619408899826368,-0.8966099226035322
0.7689957671787767,-0.8881791045914398
0.7761159660985661,-0.8796788918545158
0.7833020915615456,-0.8711087174923662
0.7905547539873307,-0.8624680097467687
0.7978745694474683,-0.8537561919420729
0.8052621597177623,-0.8449726824247739
0.8127181523310966,-0.8361168945022288
0.8202431806307332,-0.8271882363805438
0.8278378838241173,-0.8181861111015982
0.8355029070371716,-0.8091099164792337
0.8432389013690934,-0.7999590450345888
0.8510465239476679,-0.7907328839305765
0.8589264379850802,-0.7814308149055205
0.8668793128342575,-0.7720522142059296
0.8749058240457241,-0.7625964525184212
0.8830066534249833,-0.7530628949007991
0.8911824890904382,-0.7434509007122605
0.8994340255318367,-0.7337598235427709
0.9077619636692709,-0.7239890111415686
0.9161670109127129,-0.7141378053448266
0.9246498812221027,-0.7042055420024662
0.9332112951680017,-0.6941915509041066
0.941851979992793,-0.6840951557041879
0.9505726696724635,-0.6739156738462269
0.9593741049789473,-0.6636524164862374
0.968257033543048,-0.6533046884153162
0.9772222099179521,-0.6428717879813677
0.9862703956433156,-0.6323530070100147
0.9954023593099598,-0.6217476307246528
1.0046188766251554,-0.6110549376656877
1.0139207304785114,-0.6002741996089385
1.0233087110084844,-0.589404681483207
1.0327836156694872,-0.5784456412870407
1.042346249299636,-0.5673963300046565
1.051997424189114,-0.5562559915210674
1.0617379601491659,-0.5450238625363857
1.071568684581745,-0.5336991724793196
1.081490432549787,-0.5222811434198715
1.0915040468481518,-0.5107689899812273
1.1016103780752105,-0.4991619192508556
1.1118102847050948,-0.4874591306908209
1.1221046331606286,-0.4756598160472918
1.132494297886915,-0.46376315925928924
1.1429801614256248,-0.4517683363666345
1.1535631144899583,-0.439674515417136
1.1642440560403047,-0.42748085637301014
1.1750238933606096,-0.41518651101652004
1.1859035421354356,-0.40279062285487344
1.1968839265277518,-0.39029232702434946
1.207965979257433,-0.37769075019368126
1.2191506416804858,-0.3649850104666932
1.2304388638690182,-0.35217421728418596
1.2418316046919338,-0.33925747132509776
1.2533298318963915,-0.3262338644069147
1.264934522190005,-0.3131024793853623
1.2766466613238054,-0.2998623900533741
1.2884672441759841,-0.2865126610393227
1.3003972748363908,-0.273052347704553
1.312437766691835,-0.2594804960401822
1.3245897425121629,-0.2457961425632038
1.3368542345371321,-0.23199831421188022
1.3492322845641034,-0.2180860282404231
1.3617249440365253,-0.2040582921129881
1.3743332741332566,-0.18991410339695847
1.3870583458587038,-0.1756524496555385
1.3999012401337927,-0.16127230833966477
1.4128630478877957,-0.14677264667920253
1.4259448701509894,-0.13215242157348506
1.4391478181481894,-0.11741057948113953
1.452473013393139,-0.10254605630924507
1.465921587783771,-0.0875577773018068
1.479494683698366,-0.07244465692753499
1.4931934540925782,-0.05720559876696418
1.507019062597384,-0.041839495398869
1.52097268361792,-0.02634522828601704
1.5350555024332384,-0.010721667660237522
1.5492687152969993,0.0050323275931987155
1.5636135295390736,0.020917910051866606
1.5780911636681103,0.03693624387317129
1.5927028474750353,0.05308850491200534
1.607449822137512,0.06937588083908564
1.622333340325382,0.0857995712600017
1.63735466630706,0.10236078783491909
1.6525150760569374,0.11906075439900388
1.6678158573637636,0.1359007070835263
1.6832583099400313,0.15288189443765976
1.698843745532392,0.17000557755100054
1.7145734880330663,0.18727303017676444
1.7304488735923138,0.2046855388557236
1.7464712507319264,0.22224440304083704
1.762641980459771,0.23995093522260458
1.778962436385413,0.2578064610551607
1.7954340048367807,0.27581231948307616
1.8120580849779415,0.2939698628689258
1.8288360889279371,0.3122804571215698
1.8457694418807489,0.3307454818252151
1.8628595822263532,0.34936633036922116
1.880107961672899,0.36814441007866217
1.8975160453700362,0.3870811423456981
1.915085312033354,0.40617796276168905
1.9328172540700055,0.4254363212501344
1.9507133777054708,0.4448576822003969
1.9687752031114982,0.4644435246022369
1.9870042645352461,0.48419534218119065
2.0054021104295936,0.5041146435347406
2.023970303584686,0.5242029522693814
2.0427104212606793,0.544461807138493
2.0616240553217122,0.5648927621810995
2.0807128123711416,0.5854973868615221
2.0999783138879953,0.6062772662098852
2.1194221963647246,0.6272340009635662
2.1390461114462065,0.6483692077095311
2.1588517260700355,0.6696845190276117
2.1788407226081365,0.6911815836347359
2.199014799009653,0.7128620665300871
2.219375668945195,0.7347276491412749
2.239925061952398,0.75678002947146
2.2606647235828303,0.7790209222474891
2.2815964155502844,0.8014520590690677
2.3027219158804044,0.824075188558925
2.324043019061737,0.8468920765140782
2.345561536198155,0.8699045060581221
2.3672792951626915,0.8931142777946128
2.3891981407528267,0.9165232099615697
2.4113199348471706,0.9401331385870559
2.4336465565636383,0.9639459176459404
2.4561799024190605,0.9879634192177686
2.478921886490277,1.0121875336458257
2.5018744405767404,1.0366201696973958
2.525039514364593,1.061263254725199
2.548419075592301,1.0861187348300927
2.57201511021779,1.111188575024992
2.595829622587137,1.136474759400055
2.619864635604845,1.1619792912891747
2.6441221909056547,1.18770419343775
2.6686043490279903,1.2136515081718025
2.69331318958898,1.2398232975684285
2.718250811461101,1.2662216436276057
2.7434193329504843,1.2928486484454242
2.768820891976832,1.319706434388673
2.794457646255039,1.3467971442709077
2.820331773478471,1.3741229415299325
2.8464454715039382,1.4016860104067654
2.8728009585384098,1.4294885561261115
2.899400473327416,1.4575328050783272
2.9262462753452354,1.4858210050029492
2.9533406449868163,1.514355425173771
2.9806858837614745,1.5431383565854935
3.008284314488413,1.572172112142014
3.0361382814940074,1.6014590268462991
3.0642501508109667,1.6310014579919634
3.0926223103793027,1.6608017853564836
3.121257170249162,1.6908624113961155
3.1501571627855687,1.7211857614425665
3.1793247428750155,1.7517742839013737
3.2087623881340113,1.782630450452082
3.238472599119534,1.8137567562502088
3.2684578995414246,1.8451557201310083
3.2987208364767904,1.8768298848151241
3.3292639805863318,1.9087818171160524
3.3600899263327317,1.9410141081495507
3.3912012922010306,1.9735293735449346
3.4226007209210385,2.0063302536583043
3.454290879691847,2.039419413787786
3.486274460408361,2.072799544390703
3.518554179889987,2.1064733613028226
3.5511327801113994,2.1404436059596064
3.584013028435445,2.1747130456195354
3.6171977178482373,2.209284473589549
3.6506896671963793,2.2441607094525704
3.684491721426432,2.2793445992972146
3.718606751826563,2.3148390159496373
3.753037656270438,2.35064685920758
3.7877873594634024,2.3867710560766797
3.8228588131908885,2.4232145610089617
3.858254996569179,2.4599803561436726
3.8939789162984537,2.4970714515503785
3.930033606918181,2.5344908854743853
3.9664221310649106,2.572241724584562
4.003147579732395,2.6103270642234744
4.040213072534184,2.6487500286600083
4.0776217579685845,2.6875137713443547
4.115376813686138,2.726621475165519
4.153481446759528,2.766076352711279
4.191938893955992,2.8058816465306764
4.230752422012295,2.846040629399071
4.269925327912185,2.886556604585725
4.309460939166485,2.9274329061240456
4.349362614095726,2.9686728990844093
4.389633742115417,3.010279979849652
4.430277744023972,3.052257576393285
4.471298072293259,3.094609148560349
4.512698211361902,3.1373381883510962
4.554481677931241,3.1804482202073796
4.596652021264051,3.2239428013018534
4.639212823486057,3.2678255218300363
4.682167699890179,3.3121000053051786
4.725520299243669,3.3567699088560676
4.769274304098027,3.4018389235277144
4.813433431101808,3.447310774584979
4.85800143131636,3.493189221819221
4.902982090534413,3.539478059857875
4.9483792296016995,3.586181118477148
4.994196704741495,3.633302262917711
5.04043840788217,3.680845394203506
5.087108266987815,3.728814449463705
5.134210246391867,3.7772134022577752
5.181748347133886,3.8260462629037786
5.229726607299406,3.8753170788098563
5.278149102362932,3.9250299348089515
5.327019945534165,3.9751889534968665
5.376343288107351,4.025798295573554
5.426123319813948,4.076862160187816
5.476364269178505,4.128384785285345
5.527070403877829,4.180370447960148
5.5782460311035456,4.232823464809485
5.629895497927918,4.285748192292172
5.682023191673148,4.339149027090491
5.734633540284037,4.393030406475563
5.787731012704097,4.447396808676305
5.841320119255201,4.50225275325203
5.895405412020662,4.5576028014686125
5.949991485231949,4.613451556678394
6.005082975658917,4.6698036647037435
6.060684563003664,4.726663814224356
6.116800970298082,4.78403673716837
6.173436964305001,4.8419272091072205
6.230597355923142,4.9003400496544005
6.28828700059576,4.95928012286806
6.346510798723063,5.018752337657507
6.405273696078516,5.078761648193704
6.464580684228908,5.139313054323685
6.5244368009584,5.200411601989057
6.584847130696435,5.262062383648509
6.645816804949613,5.3242705387044085
6.707351002737628,5.387041253933601
6.7694549510331425,5.450379763922259
6.832133925205835,5.514291351505054
6.895393249470494,5.578781348208499
6.959238297339254,5.643855134698558
7.023674492078096,5.709518141232671
7.088707307167467,5.7757758481159955
7.154342266767268,5.842633786162187
7.220584946186077,5.910097537158519
7.287440972354721,5.97817273433549
7.354916024304301,6.046865062841016
7.423015833648528,6.1161802602190765
7.491746185070653,6.186124116893049
7.5611129168148095,6.256702476653633
7.631121921181921,6.327921237151436
7.701779145030274,6.3997863503943595
7.7730905902805985,6.472303823249641
7.845062314425959,6.545479717950805
7.917700431046276,6.619320152609397
7.991011110327616,6.693831301731597
8.06500057958637,6.769019396739866
8.13967512379816,6.844890726499431
8.215041086131773,6.921451637849923
8.291104868487949,6.998708536142006
8.36787293204316,7.0766678857791145
8.445351797798507,7.155336210764434
8.523548047133577,7.234720095252955
8.602468322365562,7.314826184108922
8.682119327313407,7.395661183468441
8.762507827867335,7.477231861307551
8.843640652563533,7.559545048015613
8.925524693164173,7.642607636974132
9.008166905242895,7.72642658514116
9.091574308775561,7.811008913641098
9.175753988736632,7.896361708360212
9.260713095700968,7.982492120547715
9.346458846451192,8.06940736742251
9.43299852459079,8.157114732785791
9.520339481162729,8.245621567639255
9.60848913527395,8.334935290809309
9.697454974725558,8.425063389577108
9.787244556648828,8.516013420314469
9.877865508147215,8.607793009125935
9.96932552694415,8.700409852496707
10.061632382036986,8.793871717946844
10.154793914356894,8.888186444691515
10.248818037434926,8.98336194430751
10.343712738074151,9.07940620140593
10.439486077028207,9.1763272743114
10.53614618968593,9.274133295747443
10.633701286762431,9.37283247352841
10.732159654996574,9.472433091257894
10.831529657854793,9.572943509033598
10.931819736241653,9.674372164159015
11.033038409216774,9.77672757186158
11.135194274718483,9.88001832601763
11.238296010294201,9.9842530998842
11.342352373837445,10.089440646837494
11.447372204331897,10.195589801118548
11.553364422602147,10.30270947858562
11.660338032071468,10.410808677473707
11.768302119526648,10.519896479161199
11.877265855889748,10.629982048943535
11.987238496997273,10.741074636814366
12.098229384386299,10.853183578253729
12.21024794608801,10.966318295023711
12.323303697428582,11.080488295971568
12.437406241837344,11.19570317784013
12.552565271662697,11.311972626086096
12.668790568995316,11.429306415705655
12.786092006499102,11.54771441206791
12.904479548249846,11.667206571756116
13.0239632505815,11.787792943416566
13.144553262940578,11.909483668615668
13.26625982874817,12.032288982704717
13.389093286270098,12.156219215692852
13.51306406949512,12.28128479312813
13.638182709021125,12.407496236986633
13.7644598329498,12.534864166570134
13.891906167789337,12.663399299411818
14.020532539365597,12.793112452190543
14.150349873741739,12.924014541653607
14.281369198146205,13.056116585547912
14.413601641909596,13.189429703560087
14.547058437409927,13.32396511826502
14.681750921026783,13.459734156083343
14.817690534104303,13.59674824824778
14.954888823922944,13.735018931778333
15.093357444680528,13.874557850466777
15.233108158482084,14.015376755870005
15.374152836338995,14.157487508312688
15.516503459177407,14.30090207789926
15.660172118855813,14.445632545535098
15.805171019192374,14.591691103957483
15.951512477001435,14.739090058775766
16.099208923139802,14.88784182952136
16.248272903562697,15.037958950707388
16.39871708038935,15.189454072898045
16.55055423297874,15.342339963788113
16.703797259015023,15.496629509292163
16.85845917560314,15.652335714644014
17.014553120374572,15.809471705506308
17.172092352603176,15.968050729090198
17.33109025433168,16.128086155285743
17.49156033150829,16.289591477802386
17.653516215133955,16.452580315320137
17.816971662420293,16.617066412651422
17.981940557958037,16.78306364191345
18.148436914896664,16.950586003711784
18.31647487613458,17.11964762833451
18.486068715520545,17.29026277695755
18.657232839066143,17.462445842861182
18.829981786169377,17.636211352657543
19.004330230849913,17.81157396752987
19.18029298299541,17.98854848448279
19.357884989619578,18.167149837604374
19.53712133613185,18.34739309933976
19.71801724761868,18.529293481776435
19.900588090137038,18.712866337941694
20.084849372019523,18.898127163111717
20.270816745191734,19.08509159613289
20.458506006501853,19.27377542075534
20.647933099062342,19.464194566978577
20.839114113604452,19.656365112409915
21.032065289844876,19.850303283635068
21.22680301786527,20.046025457601544
21.423343839504515,20.24354816301484
21.621704449763705,20.442888081747245
21.82190169822453,20.644062050260153
22.023952590480384,20.847087061038945
22.22787428958094,21.051980264041433
22.433684117490078,21.258758968159576
22.641399556557136,21.46744064269449
22.851038251002173,21.67804291884552
23.062618008414574,21.890583591212522
23.27615680126576,22.105080619312325
23.491672768435873,22.32155212910908
23.709184216754387,22.540016414558544
23.92870962255545,22.76049193916703
24.150267633247157,22.982997337564314
24.373877068895574,23.207551417091192
24.599556923823464,23.434173159401794
24.82732636822352,23.662881722080275
25.057204749787076,23.89369644027304
25.289211595347382,24.126636828335446
25.523366612538332,24.361722581493936
25.75968969146859,24.59897357752356
25.9982009064109,24.83840987844058
26.238920517507612,25.080051732211334
26.48186897249145,25.323919574476253
26.727066908422483,25.570034030290035
26.974535153441167,25.81841591587791
27.224294728537373,26.06908624040776
27.47636684933631,26.322066207779173
27.730772927900453,26.577377218428445
27.987534574548505,26.835040871150515
28.246673599690812,27.095078964937375
28.508212015682382,27.357513500834038
28.772172038692492,27.62236668381098
29.038576090591864,27.8896609246542
29.307446800857335,28.15941884187266
29.578807008493868,28.431663263623054
29.852679763974944,28.70641722965287
30.12908833120033,28.983703993260853
30.40805618947227,29.263547023275763
30.689607035489978,29.545970006053434
30.97376478536229,29.830996847491946
31.26055357663957,30.118651675065948
31.5499977703638,30.408958839879205
31.842121953137976,30.7019429187363
32.136950939214664,30.997628716233528
32.43450977260356,31.296041266868684
32.73482372919924,31.59720583717104
33.03791831892792,31.901147927850232
33.343819287914435,32.20789327596533
33.65255262066933,32.517467857114035
33.96414454229579,32.8298978876415
34.2786215207177,33.1452098268704
34.59601026892773,33.463430379350896
34.916337747256456,33.78458649713157
35.23963116566258,34.108705382051426
35.56591798604399,34.435814488052685
35.89522592457088,34.765941523515565
36.22758295403982,35.09911445361397
36.56301730624993,35.43536150269326
36.90155747440112,35.77471115666993
37.24323221551409,36.11719216545312
37.58807055287352,36.46283354538918
37.936101778493146,36.811664581728145
38.28735545560402,37.16371483111319
38.641861421165814,37.51901412409326
38.99964978840096,37.87759256765835
39.3607509493531,38.23948054779909
39.72519557746836,38.604708732089115
40.093014630201004,38.97330807229171
40.46423935164314,39.345309806990514
40.83890127517839,39.7207454642441
41.217032226160995,40.0996468642659
41.59866432461883,40.4820461221281
41.983829987981935,40.867975650490855
42.37256193383622,41.25746816235675
42.76489318270234,41.65055667385033
43.160857060841074,42.047274507024
43.5604872030839,42.44765529268923
43.963817555690106,42.85173297327411
44.37088237923046,43.259541805707514
44.78171625149708,43.671116364329315
45.19635407044114,44.08649154382844
45.614831057136904,44.50570256220719
46.03718275877363,44.928784963773445
46.463445051675215,45.35577462216041
46.893654144347266,45.786707743373896
47.3278465805534,46.22162086886867
47.766059242419026,46.660550878652316
48.20832935356438,47.103534994418254
48.65469448226655,47.550610782707714
49.10519254465026,48.00181615810042
49.559861807909265,48.45718938643585
50.01874089355649,48.91676908806318
50.48186878070483,49.38059424112184
50.949284809378284,49.84870418485241
51.421028683853265,50.32113862293754
51.89714047603184,50.797937626874884
52.377660628845234,51.27914163938014
52.862629959689286,51.764791477822115
53.35208966389177,52.25492833768947
53.84608131821128,52.749593796089165
54.344646884369574,53.24882981527811
54.84782871261553,53.75267874622661
55.3556695453227,54.26118333221517
55.86821252062009,54.77438671246467
56.38550117605608,55.292332425799465
56.90757945229736,55.81506441434558
57.43449169686096,56.34262702726193
57.96628266788144,56.87506502450667
58.502997537912954,57.41242358063836
59.04468189776593,57.95474828865171
59.59138176038044,58.50208516385004
60.14314356473427,59.05448064775233
60.700014179787736,59.611981612037
61.26204090846509,60.17463536252231
61.8292714916721,60.74248964318282
62.401754112352144,61.31559264020434
62.979537399578525,61.89399298607518
63.56267043268541,62.4777397637158
64.1512027454369,63.066882510646806
64.74518433023417,63.661471223194695
65.3446656423628,64.26155636073807
65.94969760427811,64.86718884999158
66.5603316099309,65.4784200893304
67.17661952913316,66.09530195315457
67.79861371196361,66.7178867962932
68.4263669932153,67.34622745845061
69.05993269688312,67.98037726869252
69.6993646406935,68.6203900499742
70.344717140676,69.2663201237107
70.99604501577662,69.91822231438859
71.65340359251522,70.57615195422196
72.31684870968456,71.24016488784987
72.98643672309369,71.91031747707821
73.66222451035513,72.58666660566533
74.34426947571575,73.26926968415134
75.03262955493379,73.95818465473351
75.72736322019958,74.65346999618542
76.42852948510259,75.35518472882234
77.13618790964438,76.0633884195125
77.85039860529731,76.77814118673426
78.5712222401116,77.49950370568128
79.29872004386804,78.22753721341384
80.03295381327938,78.96230351405823
80.77398591723959,79.7038649840545
81.52187930212126,80.45228457745206
82.27669749712338,81.2076258312557
83.03850461966722,81.96995287081974
83.8073653808428,82.73933041529278
84.58334509090598,83.51582378311302
85.36650966482544,84.29949889755339
86.15692562788284,85.09042229232004
86.95466012132304,85.88866111720067
87.75978090805756,86.69428314376624
88.57235637842082,87.50735677112546
89.39245555597873,88.3279510317315
90.220148103393,89.15613559724451
91.05550432833783,89.99198078444647
91.89859518947227,90.83555756121181
92.74949230246804,91.68693755253337
93.60826794609198,92.54619304660292
94.47499506834696,93.41339700095044
95.34974729266754,94.28862304863783
96.23259892417413,95.17194550451123
97.12362495598488,96.06343937151114
98.02290107558524,96.96318034704011
98.93050367125824,97.87124482939124
99.84650983857247,98.78770992423429
100.7709973869312,99.71265345116294
101.70404484618187,100.6461539503026
102.64573147328608,101.58829068897839
103.59613725905312,102.53914366844701
104.555342934934,103.49879363068885
105.52342997987927,104.46732206526409
106.5004806272604,105.44481121623217
107.48657787185417,106.4313440891345
108.48180547689391,107.4270044580438
109.4862479811838,108.43187687267665
110.4999907062802,109.44604666557308
111.52311976373943,110.4695999593425
112.55572206243156,111.50262367397575
113.5978853159241,112.54520553422704
114.64969804993198,113.59743407706216
115.71124960983741,114.65939865917657
116.78263016827952,115.7311894645834
117.8639307328131,116.81289751227028
118.95524315364051,117.90461466392972
120.05666013141293,119.00643363175851
121.16827522510495,120.1184479863307
122.29018285996213,121.24075216454334
123.42247833552086,122.3734414776349
124.565257833705,123.51661211927988
125.71861842699502,124.67036117375665
126.88265808667393,125.83478662419148
128.05747569114965,127.00998736087939
129.24317103435314,128.19606318968064
130.43984483421687,129.3931148404975
131.64759874122916,130.6012439758271
132.86653534706934,131.82055319939494
134.09675819332128,133.05114606486683
135.33837178027014,134.29312708464414
136.59148157577815,135.5466017387379
137.85619402424365,136.8116764837265
139.13261655564327,138.08845876179612
140.4208575946562,139.3770570098636
141.72102656987624,140.677580668787
143.03323392310563,141.99014019265792
144.357591118737,143.31484705818198
145.69421065322175,144.6518137741458
147.0432060646249,146.00115389097024
148.40469194227126,147.36298201035532
149.77878393647774,148.73741379501098
151.16559876837775,150.1245659784803
152.5652542398362,151.52455637505273
153.9778692434547,152.93750388976832
155.40356377267287,154.3635285285175
156.8424589319597,155.80275140823096
158.294676947101,157.2552947671661
159.76034117558223,158.72128197528826
161.23957611706547,160.20083754474652
162.7325074239671,161.69408714045008
164.2392619121298,163.20115759073906
165.75996757159524,164.72217689815582
167.29475357747643,166.25727425031613
168.84375030092895,167.80658003087925
170.4070893202273,169.37022583062299
171.9849034319404,170.94834445861807
173.57732666221222,172.5410699535075
175.1844942781468,174.14853759489066
176.80654279929698,175.77088391481067
178.44361000926327,177.4082467093521
180.0958349673961,179.0607650503424
181.76335802060854,180.72857929716332
183.44632081529846,182.4118311086719
185.14486630937887,184.11066345523
186.85913878442372,185.82522063084897
188.5892838579223,187.55564826544293
190.3354484956489,189.30209333719736
192.09778102414717,191.06470418505285
193.87643114332798,192.84363052130146
195.67154993918788,194.63902344430466
197.48328989664154,196.45103545132443
199.31180491247466,198.27982045147562
201.15725030841722,200.12553377879797
203.01978284433534,201.98833220544722
204.89956073154968,203.86837395501266
206.79674364627297,205.7658187159536
208.71149274317384,207.68082765516255
210.6439706690665,209.61356343165394
212.59434157672501,211.56419021037763
214.5627711388295,213.5328736761643
216.5494265620375,215.51978104779582
218.55447660118753,217.5250810922084
220.57809157363442,219.54894413882687
222.6204433737148,221.59154209402945
224.68170548735145,223.6530484557515
226.76205300678785,225.73363832821914
228.86166264546196,227.8334884368226
230.9807127530173,229.95277714312627
233.11938333045086,232.0916844600163
235.27785604540605,234.25039206699248
237.45631424760236,236.42908332559762
239.65494298441033,238.62794329499167
241.87392901657068,240.84715874767028
244.11346083405675,243.08691818532657
246.37372867208845,245.34741185486467
248.65492452728964,247.6288317645563
250.95724217399768,249.9313717003499
253.28087718072408,252.25522724233053
255.62602692676452,254.60059578132973
257.9928906189685,256.9676765356942
260.38166930865856,259.3566705682048
262.7925659087089,261.76778080315444
265.2257852107825,264.20121204358486
267.68153390272437,266.6571709886797
270.16002058612196,269.13586625132376
272.66145579402263,271.63750837582035
275.18605200881746,274.162309855775
277.73402368029116,276.7104851521444
280.305587243836,279.2822507114502
282.90096113884016,281.87782498416703
285.52036582724054,284.4974284432746
288.1640238122504,287.1412836029851
290.8321596572603,289.8096150376442
293.525000004911,292.5026494008027
296.2427735963491,295.22061544447274
298.9857112906547,297.9637440385546
301.7540460844524,300.7322681904473
304.5480131317035,303.5264230648411
307.36784976367835,306.3464460036885
310.2137955091203,309.1925765463693
313.0860921145895,312.0650564500327
315.9849835649987,314.9641297101337
318.91071610433863,317.8900425811581
321.863538256593,320.843043597537
324.84370084685264,323.8233835947608
327.85145702261894,326.83131573068266
330.8870622753084,329.8670955070223
333.9507744619552,332.9309807910691
337.04285382711254,336.0232318375823
340.1635630249625,339.14411131090156
343.31316714162466,342.29388430725476
346.49193371767393,345.4728183772761
349.7001327708675,348.6811835487327
352.93803681907855,351.9192523494578
356.20592090344906,355.1872998305043
359.5040626117501,358.48560358950385
362.8327421019624,361.8144437942482
366.19224212607446,365.1741032064865
369.5828480540979,368.564867205941
373.0048478983125,371.98702381455195
376.45853233772806,375.4408637209388
379.94419474277663,378.92668030509316
383.46213120023367,382.4447696632992
387.0126405383654,385.99543063328156
390.5960243523175,389.57896481959307
394.2125870297305,393.19567661923116
397.8626357765969,396.84587324749407
401.5464806433569,400.52986476407705
405.2644345512324,404.2479640994059
409.01681331881264,408.000487081223
412.80393568887797,411.78775246141083
416.6261233554759,415.6100819430679
420.4837009912481,419.4678002078359
424.376996275006,423.3612349434754
428.30633991957023,427.2907168717049
432.2720656998596,431.2565797762901
436.2745104812438,435.25916053139684
440.3140142481595,439.2987991302066
444.390920132986,443.3758387137926
448.5055744451982,447.4906256002727
452.6583267007796,451.64350931422257
456.84952965191263,455.8348426163659
461.07953931694414,460.06498153353965
465.3487150106229,464.3342853889324
469.6574193746272,468.64311683261104
474.0060184083652,472.99184187232214
478.39488150006576,477.38082990458184
482.8243814581564,481.8104537460549
487.2948945429275,486.28108966521813
491.8068004984993,490.7931174143278
496.3604825850749,495.34692026167306
500.95632761149716,499.9428850241322
505.59472596810684,504.5814021000316
510.2760716598997,509.2628655023024
515.0007623400013,513.9876728919556
519.7691993434412,518.7562256118567
524.5817877212451,523.5689287208173
529.4389362748424,528.426191028003
534.3410575907874,533.3284251276552
539.2885680758126,538.2760474341437
544.2818879921957,543.2694782173346
549.3214414934596,548.3091416382899
554.4076566604027,553.3954657852983
559.5409655374575,558.5288827102332
564.7218041693969,563.7098284652604
569.9506126383694,568.9387431398723
575.2278351012826,574.2160708982719
580.5539198275327,579.542260017103
585.9293192370777,584.9177629235223
591.3544899388754,590.343036233639
596.8298927696643,595.8185407912948
602.3559928331106,601.3447417072116
607.9332595393171,606.9221083985001
613.5621666446921,612.5511146285293
619.2431922921993,618.2322385471766
624.976819051969,623.9659627314387
630.76353396229,629.7527742264241
636.6038285709827,635.5931645867263
642.4981989771479,641.4876299181723
648.4471458733149,647.4366709199716
654.4511745879674,653.4407929272421
660.5107951284715,659.5005059539375
666.6265222243914,665.6163247361645
672.7988753712216,671.7887687759143
679.0283788745093,678.018362385185
685.3155618943927,684.305634730521
691.660958490551,690.6511198779623
698.0651076675646,697.0553568384053
704.5285534207084,703.5188896133964
711.0518447821557,710.0422672413359
717.6355358676167,716.6260438441166
724.2801859234086,723.2707786741944
730.9863593739547,729.9770361620871
737.7546258697379,736.7453859643289
744.5855603356828,743.5764030118519
751.4797430199944,750.4706675588254
758.4377595434479,757.4287652319459
765.4602009491277,764.4512870801764
772.5476637526423,771.5388296249607
779.7007499927886,778.6919949108893
786.9200672826937,785.9113905568405
794.206228861429,793.1976298075945
801.559853646095,800.551331585919
808.9815662844047,807.9731205451527
816.4719972077372,815.4636271222588
824.0317826846907,823.0234875913787
831.6615648751314,830.6533441178804
839.361991884735,838.3538448129009
847.1337178200488,846.1256437884083
854.9774028440487,853.9694012127591
862.8937132322166,861.885783366775
870.8833214291393,869.8754627003434
878.9469061056212,877.9391178895295
887.0851522163447,886.0774338942365
895.2987510580449,894.2911020163818
903.5884003282342,902.5808199586205
911.9548041844689,910.9472918836128
920.3986733041561,919.3912284738316
928.9207249449322,927.9133469919401
937.5216830055832,936.5143713417134
946.2022780875371,945.1950321295302
954.963247556926,953.9560667264358
963.8053356072138,962.7982193307699
972.7292933224222,971.7222410313925
981.7358787409238,980.7288898714773
990.8258569198342,989.8189309129046
1000.0,998.9931363012486
